x,y,imputed,ind,men,men_1ind,men_5ind,men_coll,men_fmp,men_mais,men_pauv,men_prop,men_surf
3,69,1,1,0.8,0.6,0,0.2,0,0.6,0.2,0.5,69.4
3,70,1,2,1.6,1.2,0,0.4,0,1.2,0.4,1.1,138.8
3,73,1,16,10.3,6.6,0,9,2.1,1.3,2.1,0.4,619.1
3,97,1,1,0.6,0.3,0,0.2,0,0.4,0.2,0.3,32.8
4,69,1,3,2.4,1.8,0,0.6,0,1.8,0.6,1.6,208.2
4,70,1,2,1.6,1.2,0,0.4,0,1.2,0.4,1.1,138.8
4,74,1,22,14.1,9,0,12.4,2.8,1.7,2.8,0.6,851.2
5,70,1,1,0.8,0.6,0,0.2,0,0.6,0.2,0.5,69.4
5,72,1,4,3.2,2.4,0,0.8,0,2.4,0.8,2.1,277.6
6,72,1,1,0.8,0.6,0,0.2,0,0.6,0.2,0.5,69.4
6,77,1,1,0.6,0.4,0,0.5,0.1,0.1,0.1,0,38.7
8,76,1,1,0.8,0.6,0,0.2,0,0.6,0.2,0.5,69.4
11,123,1,3,1.7,1,0,0.7,0.1,1,0.7,0.8,98.5
12,82,1,9,4,1.7,0.6,1.7,0.3,2.3,0.3,2.9,292
12,83,0,59,33,19,1,26,2,7,6,18,2197
12,84,1,11,6.5,4.2,0.3,4.9,0.3,1.6,1,3.6,520.9
12,85,1,9,5.3,3.4,0.3,4,0.3,1.3,0.8,2.9,426.2
12,123,1,1,0.4,0.1,0,0.2,0.1,0.2,0.1,0.3,40.7
12,124,1,1,0.4,0.1,0,0.2,0.1,0.2,0.1,0.3,40.7
12,127,1,1,0.4,0.1,0,0.2,0.1,0.2,0.1,0.3,40.7
13,82,1,12,5.3,2.3,0.8,2.3,0.4,3,0.4,3.8,389.3
13,83,0,24,13,8,1,10,0,3,5,7,838
13,84,1,5,2.9,1.9,0.1,2.2,0.1,0.7,0.4,1.6,236.8
13,100,1,1,0.6,0.3,0,0.2,0,0.4,0.2,0.3,32.8
13,116,1,1,0.5,0.2,0,0.2,0,0.3,0,0.4,47.8
13,121,1,4,2,0.9,0,1,0.3,1,0.5,1.3,174
13,122,1,7,3.6,1.6,0,1.7,0.4,1.9,0.9,2.3,304.5
13,123,0,26,13,6,0,1,0,12,5,10,1168
13,124,1,15,6.5,2.2,0.4,3.1,0.8,3.4,0.9,3.9,610.5
13,126,1,26.5,11.4,3.9,0.7,5.4,1.4,6,1.6,6.9,1078.5
13,127,1,23,9.9,3.4,0.6,4.7,1.2,5.2,1.4,6,936
14,82,0,26,12,3,1,11,3,1,7,1,937
14,83,1,9,5.3,3.4,0.3,4,0.3,1.3,0.8,2.9,426.2
14,114,0,27,11,3,1,7,1,4,2,7,728
14,115,0,123,62,28,1,36,4,26,14,39,4563
14,116,0,59,32,18,0,27,2,5,8,16,2646
14,117,0,27,11,2,0,7,0,4,3,9,1053
14,118,1,14,7.1,3.3,0,3.4,0.9,3.7,1.8,4.6,609
14,119,1,12,6.1,2.8,0,2.9,0.8,3.2,1.5,3.9,522
14,120,1,18,9.1,4.2,0,4.4,1.1,4.7,2.3,5.9,783
14,121,1,5,2.5,1.2,0,1.2,0.3,1.3,0.6,1.6,217.5
14,122,1,23.5,11.9,5.5,0,5.7,1.5,6.2,3,7.7,1022.3
14,123,0,28,16,7,0,9,4,7,4,7,1330
14,124,0,28,16,9,0,7,2,9,3,5,1096
14,125,1,8,3.5,1.2,0.2,1.7,0.4,1.8,0.5,2.1,325.6
14,126,1,13,5.6,1.9,0.3,2.7,0.7,2.9,0.8,3.4,529.1
14,127,0,49,15,1,3,2,3,13,0,13,1604
15,82,1,10.5,4.7,2,0.7,2,0.3,2.7,0.3,3.3,340.7
15,99,1,3,1.7,1,0,0.7,0.1,1,0.7,0.8,98.5
15,114,1,8,3.7,1.3,0,1.5,0.4,2.2,0.3,3.1,382.1
15,115,0,73,40,20,0,17,1,23,3,28,3052
15,116,1,9,4.2,1.4,0,1.7,0.4,2.5,0.3,3.5,429.9
15,117,1,27,12.6,4.3,0,5.2,1.2,7.4,0.9,10.4,1289.6
15,118,0,67,33,15,1,20,5,13,6,20,2755
15,119,0,24,13,5,0,10,1,3,2,7,901
15,120,1,4,2,0.9,0,1,0.3,1,0.5,1.3,174
15,121,1,7,3.6,1.6,0,1.7,0.4,1.9,0.9,2.3,304.5
15,123,1,5,2.2,0.7,0.1,1.1,0.3,1.1,0.3,1.3,203.5
15,124,1,19,8.2,2.8,0.5,3.9,1,4.3,1.1,4.9,773.3
15,125,1,10,4.3,1.5,0.3,2.1,0.5,2.2,0.6,2.6,407
15,127,1,19,8.2,2.8,0.5,3.9,1,4.3,1.1,4.9,773.3
16,107,1,3,1.7,1,0,0.7,0.1,1,0.7,0.8,98.5
16,112,1,1,0.5,0.3,0,0.2,0.1,0.3,0.1,0.3,52.4
16,113,1,1,0.5,0.2,0,0.2,0,0.3,0,0.4,47.8
16,115,1,13,6.1,2.1,0,2.5,0.6,3.6,0.4,5,620.9
16,116,1,16,7.5,2.5,0,3.1,0.7,4.4,0.5,6.2,764.2
16,117,1,13,6.1,2.1,0,2.5,0.6,3.6,0.4,5,620.9
16,118,0,31,20,14,1,11,1,9,4,14,1314
16,124,1,5,2.2,0.7,0.1,1.1,0.3,1.1,0.3,1.3,203.5
16,127,1,4,1.7,0.6,0.1,0.8,0.2,0.9,0.2,1,162.8
17,110,1,3,1.6,0.9,0.1,0.5,0.3,1.1,0.4,1,157.2
17,111,1,1,0.5,0.3,0,0.2,0.1,0.3,0.1,0.3,52.4
17,112,1,3,1.6,0.9,0.1,0.5,0.3,1.1,0.4,1,157.2
17,117,1,3,1.6,0.9,0.1,0.5,0.3,1.1,0.4,1,157.2
17,125,1,4,1.7,0.5,0.2,0.6,0.1,1.1,0.4,1.1,150.2
17,126,1,24,9.9,2.8,1.2,3.2,0.8,6.7,2.4,6.7,901.3
17,127,1,8,3.3,0.9,0.4,1.1,0.3,2.2,0.8,2.2,300.4
18,81,1,11,8.2,6.1,0,4.9,0,3.3,1.7,3.9,577
18,82,1,4,3,2.2,0,1.8,0,1.2,0.6,1.4,209.8
18,126,0,25,16,10,0,7,1,9,6,6,1169
18,127,0,43,24,11,0,14,1,10,6,10,1251
19,115,1,3,1.6,0.9,0.1,0.5,0.3,1.1,0.4,1,157.2
19,127,1,24.5,10.1,2.8,1.2,3.2,0.8,6.9,2.4,6.9,920.1
21,81,1,5,3.8,2.8,0,2.3,0,1.5,0.8,1.8,262.2
23,111,1,2,1.1,0.6,0.1,0.4,0.2,0.7,0.3,0.6,104.8
25,35,1,1,0.6,0.4,0,0.1,0,0.5,0.1,0.5,58.8
26,37,1,3,1.8,1.1,0.1,0.3,0.1,1.5,0.3,1.4,176.3
27,102,1,4,2.2,1.3,0,0.9,0.2,1.3,1,1.1,131.3
28,40,1,8,4.7,2.9,0.4,0.7,0.4,4,0.7,3.6,470.2
28,44,1,2,1.1,0.5,0,0.7,0,0.4,0.3,0.7,82.3
28,96,1,3,1.7,1,0,0.7,0.1,1,0.7,0.8,98.5
29,42,1,5,3,1.8,0.2,0.5,0.2,2.5,0.5,2.3,293.9
29,43,1,6,3.2,1.4,0,2.1,0,1.1,0.9,2,246.8
29,44,0,49.5,32,21,0,29,2,3,12,15,1265
29,45,0,22,13,6,0,10,0,3,6,9,983
29,96,1,1,0.6,0.3,0,0.2,0,0.4,0.2,0.3,32.8
29,97,1,22,12.3,7,0,4.8,1.1,7.5,5.4,5.9,722.2
30,40,1,3,1.8,1.1,0.1,0.3,0.1,1.5,0.3,1.4,176.3
30,41,1,1,0.6,0.4,0,0.1,0,0.5,0.1,0.5,58.8
30,43,1,3,1.6,0.7,0,1.1,0,0.5,0.5,1,123.4
30,44,0,18,11,6,0,11,1,0,2,8,690
30,45,1,18,9.7,4.2,0,6.5,0,3.2,2.8,6,740.3
30,46,1,4,2.2,0.9,0,1.5,0,0.7,0.6,1.3,164.5
30,125,1,5,2.7,1.4,0.2,0.9,0.5,1.8,0.7,1.6,262
30,126,1,1,0.5,0.3,0,0.2,0.1,0.3,0.1,0.3,52.4
30,127,1,6,3.2,1.7,0.2,1.1,0.6,2.1,0.9,1.9,314.4
31,42,1,1,0.6,0.4,0,0.1,0,0.5,0.1,0.5,58.8
31,44,1,6,3.2,1.4,0,2.1,0,1.1,0.9,2,246.8
31,63,1,1,0.7,0.4,0,0.1,0.1,0.6,0,0.4,41.2
32,123,1,1,0.4,0.1,0,0,0.1,0.4,0.1,0.4,50.8
33,123,1,1,0.4,0.1,0,0,0.1,0.4,0.1,0.4,50.8
33,124,1,2,0.9,0.3,0,0.1,0.1,0.8,0.3,0.8,101.5
36,94,1,2,0.8,0.2,0,0.4,0.1,0.4,0.1,0.6,72.6
37,92,1,11,4.5,1,0,2.1,0.3,2.4,0.3,3.1,399.1
37,93,1,7,2.8,0.7,0,1.3,0.2,1.5,0.2,2,254
37,94,1,7,2.8,0.7,0,1.3,0.2,1.5,0.2,2,254
38,92,0,27,16,8,0,11,2,5,1,9,1026
38,93,1,5,2,0.5,0,0.9,0.2,1.1,0.2,1.4,181.4
39,117,1,3,1.3,0.4,0,0.1,0.2,1.2,0.4,1.2,152.3
42,114,1,3,1.3,0.4,0,0.1,0.2,1.2,0.4,1.2,152.3
43,81,1,3,1.6,0.5,0,0.9,0.1,0.7,0.5,1,123.7
43,83,1,13,6.3,1.9,0,3.4,0,2.9,0.5,4.8,571
43,85,1,2,1,0.3,0,0.5,0,0.5,0.1,0.7,87.9
43,88,1,2,0.9,0.3,0,0.1,0.1,0.8,0.3,0.8,101.5
44,81,1,1,0.5,0.2,0,0.3,0,0.2,0.2,0.3,41.2
44,82,1,23,11.9,4,0,6.3,0.8,5.6,4,7.9,948.6
44,83,0,100,61,35,0,44,5,17,17,41,3753
44,84,0,27,14,9,1,9,0,5,2,8,1158
44,85,0,24,12,6,1,3,0,9,1,9,1462
45,84,1,8,3.9,1.2,0,2.1,0,1.8,0.3,3,351.4
45,85,1,4,1.9,0.6,0,1,0,0.9,0.1,1.5,175.7
46,89,1,8,3.6,1.1,0,0.3,0.6,3.3,1.1,3.3,406.1
47,89,1,2,0.9,0.3,0,0.1,0.1,0.8,0.3,0.8,101.5
48,80,1,2,1,0.3,0,0.5,0.1,0.5,0.3,0.7,82.5
48,89,1,6,2.7,0.8,0,0.2,0.4,2.5,0.8,2.5,304.6
52,66,1,3,1.7,0.8,0,0.7,0.2,1,0.3,1.2,131.8
52,110,1,3,1.6,1,0.1,0.6,0.2,1,0.7,1.1,110.9
53,70,1,1,0.6,0.2,0,0.3,0.1,0.3,0.1,0.4,43.9
53,74,1,12,6.7,3,0,2.8,0.9,3.9,1.4,4.8,527.1
53,75,1,4,2.2,1,0,0.9,0.3,1.3,0.5,1.6,175.7
54,41,1,4,2.3,1.2,0,1.1,0.1,1.2,0.5,1,150.2
54,42,1,7,4.1,2,0,2,0.2,2.1,0.9,1.8,262.8
54,43,1,1,0.6,0.3,0,0.3,0,0.3,0.1,0.3,37.5
54,73,1,15,8.4,3.7,0,3.5,1.2,4.9,1.7,6.1,658.8
54,74,0,18,11,7,0,5,1,6,3,7,718
54,75,1,4,2.2,1,0,0.9,0.3,1.3,0.5,1.6,175.7
55,71,1,2,1.1,0.5,0,0.5,0.2,0.6,0.2,0.8,87.8
55,74,1,7,3.9,1.8,0,1.6,0.5,2.3,0.8,2.8,307.5
57,14,1,1,0.8,0.7,0,0.4,0,0.4,0.2,0.4,66.5
58,14,1,1,0.8,0.7,0,0.4,0,0.4,0.2,0.4,66.5
59,12,1,1,0.8,0.7,0,0.4,0,0.4,0.2,0.4,66.5
60,4,1,3,1.9,1.1,0.1,0.7,0,1.2,1.1,1.6,105
60,5,1,2,1.2,0.8,0.1,0.5,0,0.7,0.8,1,70
60,6,1,2,1.2,0.8,0.1,0.5,0,0.7,0.8,1,70
61,4,1,2,1.2,0.8,0.1,0.5,0,0.7,0.8,1,70
61,5,1,1,0.6,0.4,0,0.2,0,0.4,0.4,0.5,35
61,7,1,7,4.3,2.7,0.3,1.6,0,2.7,2.7,3.7,245
62,6,1,2,1.2,0.8,0.1,0.5,0,0.7,0.8,1,70
62,7,1,2,1.2,0.8,0.1,0.5,0,0.7,0.8,1,70
62,117,1,3,1.6,1,0.1,0.6,0.2,1,0.7,1.1,110.9
62,118,1,6,4.1,2.4,0,2.8,0,1.3,1.1,2.6,257.8
63,17,1,4,3.3,2.6,0,1.8,0.2,1.5,0.9,1.5,265.9
63,118,1,23,15.8,9.3,0,10.8,0,5,4.3,10.1,988.3
64,17,1,14.5,12.1,9.4,0,6.7,0.7,5.4,3.4,5.4,963.7
64,18,1,23,12.5,5.9,0,9.9,0.7,2.6,0.7,4.6,778.7
64,55,1,1,0.6,0.2,0,0.3,0.1,0.3,0.1,0.4,43.9
64,118,1,3,2.1,1.2,0,1.4,0,0.7,0.6,1.3,128.9
64,125,1,7,3.7,2.3,0.2,1.4,0.5,2.3,1.6,2.6,258.8
64,126,1,13,6.9,4.3,0.4,2.6,0.9,4.3,3,4.8,480.6
65,18,0,31,19,14,1,13,1,6,5,13,1343
65,25,1,10,4.8,3,0.4,0,0,4.8,1.3,3.9,499.6
65,125,1,4,2.1,1.3,0.1,0.8,0.3,1.3,0.9,1.5,147.9
66,18,1,11,6,2.8,0,4.7,0.3,1.3,0.3,2.2,372.4
66,19,1,1,0.5,0.3,0,0.4,0,0.1,0,0.2,33.9
66,25,1,1,0.5,0.3,0,0,0,0.5,0.1,0.4,50
66,28,1,9,5.2,2.6,0,2.6,0.3,2.6,1.2,2.3,337.9
66,30,1,4,2.3,1.2,0,1.1,0.1,1.2,0.5,1,150.2
67,18,1,2,1,0.6,0.1,0,0,1,0.3,0.8,99.9
67,19,1,1,0.5,0.3,0,0,0,0.5,0.1,0.4,50
67,25,1,1,0.5,0.3,0,0,0,0.5,0.1,0.4,50
67,26,1,8,3.8,2.4,0.3,0,0,3.8,1,3.1,399.7
67,28,1,4,2.3,1.2,0,1.1,0.1,1.2,0.5,1,150.2
67,106,1,1,0.4,0.1,0,0,0.1,0.4,0.1,0.4,50.8
68,28,1,2,1.2,0.6,0,0.6,0.1,0.6,0.3,0.5,75.1
69,50,1,3,1.7,0.8,0,0.7,0.2,1,0.3,1.2,131.8
73,104,1,2,0.8,0.3,0.1,0.3,0.1,0.5,0.2,0.7,62
74,74,1,4,1.7,0.6,0.1,0.4,0,1.3,0.7,1.3,189.8
74,77,1,6,2.5,0.9,0.2,0.5,0,2,1.1,2,284.7
74,104,1,8,3.4,1.3,0.3,1.4,0.4,2,1,2.8,248.1
75,0,1,4,2.5,1.4,0,1.5,0.3,1,0.5,1.9,180.8
75,50,1,1,0.4,0.2,0.1,0,0,0.4,0.2,0.3,38.3
76,70,1,4,1.7,0.6,0.1,0.4,0,1.3,0.7,1.3,189.8
77,118,1,3,1.6,0.9,0,0.9,0.2,0.7,0.5,0.7,159.4
78,116,1,4,2.3,1.4,0.1,1.5,0.2,0.8,0.6,1.6,175.4
78,117,1,22,12.9,7.5,0.5,8.6,1.1,4.3,3.2,8.6,964.8
78,118,1,16,8.5,4.8,0,4.8,1.1,3.7,2.7,3.7,850.1
79,104,1,1,0.4,0.2,0,0.2,0.1,0.2,0.1,0.4,31
79,116,1,12,7,4.1,0.3,4.7,0.6,2.3,1.8,4.7,526.2
79,117,1,3,1.8,1,0.1,1.2,0.1,0.6,0.4,1.2,131.6
79,118,1,11,5.9,3.3,0,3.3,0.7,2.6,1.8,2.6,584.5
80,7,1,3,1.9,1.1,0,1.2,0.2,0.7,0.4,1.4,135.6
80,79,1,2,0.8,0.3,0.1,0.2,0,0.6,0.4,0.7,94.9
82,5,1,6,2.2,0.6,0.2,0.4,0.1,1.8,0.7,1.7,207.4
82,79,1,3,1.4,0.4,0,0.4,0.2,1,0.2,1.1,144.2
83,1,1,2.5,1.2,0.5,0,0.2,0.2,1,0.2,0.8,111
83,3,1,15,5.4,1.5,0.6,0.9,0.3,4.5,1.8,4.2,518.4
83,4,1,7,2.5,0.7,0.3,0.4,0.1,2.1,0.8,2,241.9
83,5,1,7,2.5,0.7,0.3,0.4,0.1,2.1,0.8,2,241.9
83,80,1,7,3.2,0.9,0,0.9,0.5,2.3,0.4,2.5,336.4
83,118,1,8,5.3,3.6,0,4,0,1.3,1.3,1.3,290.7
84,1,1,16,7.4,3.1,0.3,1.3,1,6.1,1,5.1,710.1
84,2,1,18,8.4,3.5,0.3,1.5,1.2,6.9,1.2,5.8,798.9
84,79,1,16,7.4,2.1,0,2.1,1.2,5.3,0.8,5.7,768.8
84,118,1,4,2.7,1.8,0,2,0,0.7,0.7,0.7,145.3
85,0,1,6,2.8,1.2,0.1,0.5,0.4,2.3,0.4,1.9,266.3
85,2,1,2,0.9,0.4,0,0.1,0.1,0.8,0.1,0.6,88.8
85,3,1,9,3.2,0.9,0.4,0.5,0.2,2.7,1.1,2.5,311
85,7,1,1,0.4,0.1,0,0.1,0,0.3,0.1,0.3,34.6
85,79,0,64,42,25,0,27,4,15,16,18,3273
85,80,1,5,2.3,0.6,0,0.6,0.4,1.7,0.3,1.8,240.3
85,117,1,10,6.5,3.5,0,2.2,0.4,4.3,1.7,4.3,543.9
85,118,1,6,4,2.7,0,3,0,1,1,1,218
86,1,1,1,0.5,0.2,0,0.1,0.1,0.4,0.1,0.3,44.4
86,6,1,3,1.1,0.3,0.1,0.2,0.1,0.9,0.4,0.8,103.7
86,78,1,8,3.7,1,0,1,0.6,2.7,0.4,2.9,384.4
86,79,0,32,21,12,0,16,1,5,6,14,1052
86,102,1,3,1.3,0.5,0.1,0.5,0.2,0.8,0.4,1.1,93.1
86,115,1,3,2,1,0,0.7,0.1,1.3,0.5,1.3,163.2
86,116,1,10,6.5,3.5,0,2.2,0.4,4.3,1.7,4.3,543.9
86,117,0,17,11,6,0,8,1,3,2,9,658
87,78,1,3,1.3,0.5,0.1,0.3,0,1,0.5,1,142.4
87,79,1,4,1.7,0.6,0.1,0.4,0,1.3,0.7,1.3,189.8
88,79,1,3,1.3,0.5,0.1,0.3,0,1,0.5,1,142.4
89,15,1,2,1.2,0.7,0.1,0.3,0.1,0.9,0.2,0.7,109.8
89,66,1,10,4.4,2,0.8,0.4,0.4,4,2,3.2,383.2
89,79,1,7,3,1.1,0.2,0.7,0,2.3,1.3,2.3,332.2
90,35,1,2,1.2,0.7,0.1,0.3,0.1,0.9,0.2,0.7,109.8
90,66,1,1,0.4,0.2,0.1,0,0,0.4,0.2,0.3,38.3
91,29,1,5,2.9,1.7,0.2,0.6,0.2,2.3,0.6,1.7,274.6
91,33,1,9,5.2,3,0.4,1.1,0.4,4.1,1.1,3,494.2
91,34,1,6,3.5,2,0.2,0.7,0.2,2.8,0.8,2,329.5
91,66,1,5,2.2,1,0.4,0.2,0.2,2,1,1.6,191.6
91,67,1,8,3.5,1.6,0.6,0.3,0.3,3.2,1.6,2.6,306.6
92,20,1,3,1.3,0.2,0,0.2,0.1,1.1,0.2,1.1,117.7
92,29,1,4,1.9,0.7,0.1,0.4,0.3,1.5,0.6,1.3,177.6
92,30,1,5,2.4,0.8,0.1,0.6,0.3,1.8,0.8,1.6,222
92,31,1,19,9.1,3.1,0.2,2.2,1.2,6.9,2.9,6.2,843.6
92,32,0,28,14,8,1,5,0,9,3,12,956
92,33,1,11,5.1,1.2,0.2,0.5,0.9,4.6,1.1,3.5,626.3
92,34,1,9,4.2,1,0.1,0.4,0.7,3.8,0.9,2.9,512.4
92,35,1,1,0.5,0.1,0,0.1,0.1,0.4,0.1,0.3,56.9
92,39,1,2,0.7,0.2,0.1,0.1,0.1,0.6,0.2,0.5,68.4
92,40,1,1,0.4,0.1,0.1,0.1,0.1,0.3,0.1,0.2,34.2
92,66,1,3,1.5,0.7,0,0.5,0,1,0.6,0.9,116.7
93,28,1,2,1,0.3,0,0.2,0.1,0.8,0.3,0.7,88.8
93,29,1,12.5,6,2,0.2,1.4,0.8,4.6,1.9,4.1,555
93,30,1,10,4.8,1.6,0.1,1.1,0.6,3.7,1.5,3.3,444
93,31,1,20,9.6,3.3,0.3,2.3,1.3,7.3,3,6.5,888.1
93,33,1,6,2.8,0.7,0.1,0.3,0.5,2.5,0.6,1.9,341.6
93,34,1,2,0.9,0.2,0,0.1,0.2,0.8,0.2,0.6,113.9
93,39,0,32,16,6,0,2,2,14,1,11,1403
93,40,0,23,14,7,0,1,3,13,8,9,1465
93,41,1,12,4.3,1,0.8,0.5,0.7,3.8,1,2.8,410.3
93,65,1,2,1,0.5,0,0.3,0,0.7,0.4,0.6,77.8
93,107,1,3,1.3,0.5,0.1,0.5,0.2,0.8,0.4,1.1,93.1
94,22,1,1,0.4,0.1,0,0,0,0.4,0.1,0.4,39.2
94,26,1,13,5.8,2.1,0.3,0.8,0.6,5,1.2,4.3,528.9
94,27,1,8,3.6,1.3,0.2,0.5,0.4,3.1,0.8,2.6,325.5
94,28,0,36,14,3,2,4,3,10,3,11,1466
94,29,1,4,1.9,0.7,0.1,0.4,0.3,1.5,0.6,1.3,177.6
94,30,1,2,1,0.3,0,0.2,0.1,0.8,0.3,0.7,88.8
94,32,1,1,0.5,0.2,0,0.1,0.1,0.4,0.2,0.3,44.4
94,33,1,3,1.4,0.3,0,0.1,0.2,1.3,0.3,1,170.8
94,34,1,14,6.5,1.6,0.2,0.7,1.1,5.8,1.4,4.5,797.1
94,35,1,1,0.5,0.1,0,0.1,0.1,0.4,0.1,0.3,56.9
94,36,1,7,3.3,0.8,0.1,0.4,0.6,2.9,0.7,2.3,398.5
94,37,1,6,2.8,0.7,0.1,0.3,0.5,2.5,0.6,1.9,341.6
94,38,1,10,3.5,0.8,0.7,0.4,0.6,3.1,0.8,2.4,341.9
94,39,0,29,13,3,0,2,0,11,3,9,1113
94,40,1,28.5,10.1,2.4,1.9,1.2,1.7,8.9,2.4,6.7,974.5
94,41,1,4,1.4,0.3,0.3,0.2,0.2,1.2,0.3,0.9,136.8
94,53,1,7,3.6,1.7,0,1.1,0,2.5,1.4,2,272.2
94,55,1,11,5.6,2.7,0,1.7,0,3.9,2.2,3.2,427.8
94,106,1,8,3.4,1.3,0.3,1.4,0.4,2,1,2.8,248.1
94,107,1,16,6.7,2.5,0.6,2.8,0.8,3.9,2,5.6,496.3
95,21,1,4,1.7,0.3,0,0.2,0.1,1.5,0.3,1.5,156.9
95,23,1,8,3.6,1.3,0.2,0.5,0.4,3.1,0.8,2.6,325.5
95,24,1,8,3.6,1.3,0.2,0.5,0.4,3.1,0.8,2.6,325.5
95,25,1,16,7.2,2.6,0.4,1,0.8,6.2,1.5,5.3,650.9
95,26,1,23,10.3,3.8,0.5,1.4,1.1,8.9,2.2,7.6,935.7
95,38,1,11,3.9,0.9,0.7,0.5,0.6,3.4,0.9,2.6,376.1
95,39,1,21,7.4,1.8,1.4,0.9,1.2,6.5,1.8,5,718.1
95,40,1,5,1.8,0.4,0.3,0.2,0.3,1.6,0.4,1.2,171
95,106,1,9,3.8,1.4,0.3,1.6,0.5,2.2,1.1,3.2,279.2
95,110,1,2,1.1,0.6,0,0.6,0.1,0.5,0.7,0.7,67.1
96,14,1,3,1.1,0.2,0.1,0.1,0.1,1,0.2,0.9,106.6
96,16,1,17,6.2,1.2,0.8,0.8,0.8,5.4,1.2,5,604.3
96,17,1,8,2.9,0.5,0.4,0.4,0.4,2.5,0.5,2.4,284.4
96,18,1,10,4.2,0.8,0,0.5,0.3,3.7,0.8,3.7,392.4
96,19,1,8,3.4,0.6,0,0.4,0.2,3,0.6,2.9,313.9
96,21,1,7,2.9,0.6,0,0.3,0.2,2.6,0.6,2.6,274.7
96,23,1,9,4,1.5,0.2,0.5,0.4,3.5,0.8,3,366.1
96,38,1,5,1.8,0.4,0.3,0.2,0.3,1.6,0.4,1.2,171
96,39,1,5,1.8,0.4,0.3,0.2,0.3,1.6,0.4,1.2,171
96,48,1,1,0.5,0.2,0,0.1,0,0.4,0.2,0.3,38.9
96,107,0,18,11,5,0,7,0,4,4,8,780
96,108,1,33,17.9,9.4,0,9.4,0.9,8.5,11.3,11.3,1107.9
97,0,1,3,1.5,0.8,0,0.1,0.3,1.4,1.1,0.4,148.2
97,10,1,6,2.2,0.4,0.3,0.3,0.3,1.9,0.4,1.8,213.3
97,18,1,31,11.2,2.4,0.8,3.6,0.6,7.6,2.7,6.5,1051.6
97,19,1,10,3.6,0.8,0.2,1.2,0.2,2.4,0.9,2.1,339.2
97,20,1,16,5.8,1.2,0.4,1.9,0.3,3.9,1.4,3.4,542.8
97,21,1,7,2.5,0.5,0.2,0.8,0.1,1.7,0.6,1.5,237.5
97,22,1,15,5.4,1.2,0.4,1.7,0.3,3.7,1.3,3.1,508.8
97,23,1,2,0.8,0.2,0,0.1,0.1,0.7,0.2,0.7,78.5
97,38,1,1,0.4,0.1,0.1,0.1,0.1,0.3,0.1,0.2,34.2
97,39,1,3,1.1,0.3,0.2,0.1,0.2,1,0.3,0.7,102.6
97,107,1,1,0.4,0.2,0,0.2,0.1,0.2,0.1,0.4,31
97,127,1,4,2.2,1,0,0.5,0.2,1.7,0.3,1.6,218.6
98,4,1,1,0.5,0.3,0,0,0.1,0.5,0.4,0.1,49.4
98,6,1,2,1,0.5,0,0.1,0.2,0.9,0.7,0.3,98.8
98,7,1,2,1,0.5,0,0.1,0.2,0.9,0.7,0.3,98.8
98,14,1,3,1.2,0.3,0.1,0.3,0.3,0.9,0.2,0.7,109.2
98,15,1,3,1.2,0.3,0.1,0.3,0.3,0.9,0.2,0.7,109.2
98,16,1,18,7.1,1.6,0.6,1.8,1.6,5.3,1.2,4,655.1
98,18,0,42,18,8,2,13,2,5,7,1,958
98,19,0,18,12,8,0,3,1,9,6,8,1151
98,20,1,28,10.1,2.2,0.7,3.3,0.5,6.8,2.5,5.9,949.8
98,21,1,4,1.4,0.3,0.1,0.4,0.1,1,0.4,0.8,135.7
98,38,1,6,2.1,0.5,0.4,0.2,0.4,1.9,0.5,1.4,205.2
98,127,1,6,3.4,1.4,0,0.7,0.2,2.7,0.5,2.4,327.8
99,2,1,4,2,1.1,0,0.2,0.4,1.8,1.5,0.5,197.6
99,15,1,17,6.7,1.5,0.6,1.7,1.5,5,1.2,3.8,618.7
99,16,0,30.5,11,1,0,0,5,11,2,10,1326
99,17,1,11,4.4,0.9,0.4,1.2,0.9,3.2,0.8,2.5,400.4
99,18,1,17,6.1,1.3,0.4,2,0.3,4.1,1.5,3.6,576.7
99,19,1,28,10.1,2.2,0.7,3.3,0.5,6.8,2.5,5.9,949.8
99,20,1,21,7.6,1.6,0.5,2.5,0.4,5.1,1.8,4.4,712.4
99,69,1,27,7.3,2.8,0.7,1.1,0,6.2,1.4,5.5,681.9
99,126,1,6,3.4,1.4,0,0.7,0.2,2.7,0.5,2.4,327.8
100,16,1,4,1.6,0.3,0.1,0.4,0.3,1.2,0.3,0.9,145.6
100,17,1,2,0.8,0.2,0.1,0.2,0.2,0.6,0.1,0.4,72.8
100,19,1,6,2.2,0.5,0.1,0.7,0.1,1.5,0.5,1.3,203.5
100,20,1,8,2.9,0.6,0.2,0.9,0.2,2,0.7,1.7,271.4
100,37,1,2,0.9,0.2,0,0.1,0.2,0.8,0.2,0.6,113.9
100,38,1,4,1.4,0.3,0.3,0.2,0.2,1.2,0.3,0.9,136.8
100,126,1,3,1.7,0.7,0,0.4,0.1,1.3,0.2,1.2,163.9
101,1,1,1,0.5,0.3,0,0,0.1,0.5,0.4,0.1,49.4
101,2,1,5,2.5,1.4,0,0.2,0.5,2.3,1.8,0.7,247
101,3,1,1,0.5,0.3,0,0,0.1,0.5,0.4,0.1,49.4
101,10,1,3,1.1,0.2,0.1,0.1,0.1,1,0.2,0.9,106.6
101,11,1,7,2.5,0.5,0.3,0.3,0.3,2.2,0.5,2.1,248.8
101,19,1,9,3.2,0.7,0.2,1,0.2,2.2,0.8,1.9,305.3
101,22,1,5,1.8,0.4,0.1,0.6,0.1,1.2,0.4,1,169.6
101,25,1,3,1.3,0.2,0,0.2,0.1,1.1,0.2,1.1,117.7
101,127,1,1,0.6,0.2,0,0.1,0,0.5,0.1,0.4,54.6
102,1,1,3,1.4,0.6,0.1,0.4,0.2,1,0.4,1,149.4
102,2,1,1,0.5,0.2,0,0.2,0.1,0.3,0.1,0.3,49.8
102,10,1,6,2.5,0.8,0.1,0,0.3,2.5,0.7,1.7,214
102,11,1,7,3,0.9,0.1,0,0.4,3,0.8,1.9,249.7
102,44,1,4,0.7,0.1,0.3,0.2,0,0.5,0.3,0.3,63.4
102,68,1,1,0.3,0.1,0,0.1,0,0.2,0.1,0.2,25.3
103,7,1,6,2.6,0.7,0.2,0.3,0.7,2.3,0.3,1.5,224.6
103,8,1,1.5,0.6,0.2,0,0,0.1,0.6,0.2,0.4,53.5
103,10,1,3,1.3,0.4,0.1,0,0.2,1.3,0.3,0.8,107
103,11,1,23,9.7,3,0.4,0,1.3,9.7,2.5,6.3,820.4
103,18,1,3,1.1,0.1,0,0,0.1,1.1,0.2,0.6,136.6
103,19,1,2,0.8,0.1,0,0,0.1,0.8,0.1,0.4,91
103,31,1,6,1.1,0.1,0.5,0.3,0.1,0.8,0.4,0.4,95.1
104,0,1,8,3.7,1.7,0.2,1.1,0.6,2.6,1.1,2.6,398.3
104,5,1,21,9,2.3,0.7,1,2.3,8,1,5.3,786
104,6,1,4,1.7,0.4,0.1,0.2,0.4,1.5,0.2,1,149.7
104,7,1,4,1.7,0.4,0.1,0.2,0.4,1.5,0.2,1,149.7
104,30,1,7,1.3,0.1,0.5,0.3,0.1,1,0.5,0.5,110.9
104,48,1,8,4.1,2,0,1.2,0,2.9,1.6,2.3,311.1
105,0,1,6,2.8,1.3,0.2,0.8,0.5,2,0.8,1.9,298.7
105,3,1,8.5,3.6,0.9,0.3,0.4,0.9,3.2,0.4,2.2,318.1
105,4,1,5.5,2.4,0.6,0.2,0.3,0.6,2.1,0.3,1.4,205.9
105,5,1,8,3.4,0.9,0.3,0.4,0.9,3,0.4,2,299.4
105,6,1,1,0.4,0.1,0,0,0.1,0.4,0,0.3,37.4
105,21,1,3,1.1,0.1,0,0,0.1,1.1,0.2,0.6,136.6
105,22,1,2,0.8,0.1,0,0,0.1,0.8,0.1,0.4,91
105,37,1,4,0.7,0.1,0.3,0.2,0,0.5,0.3,0.3,63.4
105,88,1,3,1.3,0.5,0.1,0.5,0.2,0.8,0.4,1.1,93.1
106,0,0,57.5,22,1,0,0,4,22,2,20,2391
106,1,0,34,14,1,0,0,0,14,1,13,1445
106,3,1,2,0.9,0.2,0.1,0.1,0.2,0.8,0.1,0.5,74.9
106,21,1,3,1.1,0.1,0,0,0.1,1.1,0.2,0.6,136.6
106,49,1,1,0.5,0.2,0,0.1,0,0.4,0.2,0.3,38.9
106,68,1,4,1.1,0.4,0.1,0.2,0,0.9,0.2,0.8,101
106,71,1,4,1.1,0.4,0.1,0.2,0,0.9,0.2,0.8,101
106,72,1,1,0.3,0.1,0,0.1,0,0.2,0.1,0.2,25.3
107,0,0,52,22,7,2,3,7,19,6,2,1603
107,1,1,27,9.6,1.2,0.5,1,2,8.6,1.2,5.2,979.1
107,36,1,18,3.3,0.3,1.4,0.9,0.2,2.4,1.2,1.2,285.2
107,45,1,4,0.7,0.1,0.3,0.2,0,0.5,0.3,0.3,63.4
107,48,1,1,0.5,0.2,0,0.1,0,0.4,0.2,0.3,38.9
107,72,1,1,0.3,0.1,0,0.1,0,0.2,0.1,0.2,25.3
107,73,1,2,0.5,0.2,0.1,0.1,0,0.4,0.1,0.4,50.5
107,74,1,9,2.4,0.9,0.2,0.3,0,2.1,0.5,1.8,227.3
107,75,1,6,1.6,0.6,0.2,0.2,0,1.4,0.3,1.2,151.5
107,76,1,4,1.1,0.4,0.1,0.2,0,0.9,0.2,0.8,101
107,86,1,1,0.3,0.1,0,0.1,0,0.2,0.1,0.2,25.3
107,89,1,3,1.3,0.5,0.1,0.5,0.2,0.8,0.4,1.1,93.1
107,121,1,3,1.7,0.7,0,0.4,0.1,1.3,0.2,1.2,163.9
108,0,1,22,7.8,1,0.4,0.8,1.6,7,1,4.2,797.8
108,21,1,1,0.4,0,0,0,0,0.4,0.1,0.2,45.5
108,44,1,5,0.9,0.1,0.4,0.2,0,0.7,0.3,0.3,79.2
108,48,1,5,2.6,1.2,0,0.8,0,1.8,1,1.4,194.4
108,73,1,6,1.6,0.6,0.2,0.2,0,1.4,0.3,1.2,151.5
108,74,1,1,0.3,0.1,0,0.1,0,0.2,0.1,0.2,25.3
108,75,1,2,0.5,0.2,0.1,0.1,0,0.4,0.1,0.4,50.5
108,76,1,9,2.4,0.9,0.2,0.3,0,2.1,0.5,1.8,227.3
108,121,1,2,1.1,0.5,0,0.2,0.1,0.9,0.2,0.8,109.3
109,0,1,26,9.2,1.2,0.5,0.9,1.9,8.3,1.2,5,942.9
109,2,1,3,1.1,0.1,0.1,0.1,0.2,1,0.1,0.6,108.8
109,26,1,3,1.1,0.1,0,0,0.1,1.1,0.2,0.6,136.6
109,35,1,23,4.2,0.4,1.8,1.1,0.2,3.1,1.6,1.6,364.4
109,46,1,2,0.4,0,0.2,0.1,0,0.3,0.1,0.1,31.7
110,0,1,1,0.4,0,0,0.1,0.1,0.3,0,0.2,36.3
110,1,1,31,11,1.4,0.6,1.1,2.3,9.9,1.4,5.9,1124.2
110,10,1,11,4.6,1.4,0.2,0,0.6,4.6,1.2,3,392.4
110,11,1,1,0.4,0.1,0,0,0.1,0.4,0.1,0.3,35.7
110,13,1,2,0.8,0.3,0,0,0.1,0.8,0.2,0.6,71.3
110,25,1,9,3.4,0.3,0,0,0.3,3.4,0.6,1.9,409.7
110,35,1,25,4.6,0.5,1.9,1.2,0.2,3.4,1.7,1.7,396.1
111,0,0,72,36,18,2,18,3,18,6,12,2334
111,4,1,2,0.9,0.2,0.1,0.1,0.2,0.8,0.1,0.5,74.9
111,7,1,1,0.4,0.1,0,0,0.1,0.4,0,0.3,37.4
111,24,1,3,1.1,0.1,0,0,0.1,1.1,0.2,0.6,136.6
111,43,1,5,0.9,0.1,0.4,0.2,0,0.7,0.3,0.3,79.2
111,53,1,6,3.1,1.5,0,1,0,2.1,1.2,1.7,233.3
112,0,1,5,1.9,0.5,0.2,0.2,0.3,1.7,0.3,1,193.6
112,1,1,15,5.6,1.4,0.7,0.4,1,5.2,0.8,3.1,580.9
112,2,1,11,4.1,1,0.5,0.3,0.7,3.8,0.6,2.3,426
112,4,1,6,2.2,0.6,0.3,0.1,0.4,2.1,0.3,1.2,232.4
112,14,1,1,0.4,0.1,0,0.1,0,0.3,0.2,0.2,27.7
112,45,1,6,2.3,0.5,0.3,0,0.2,2.3,0.5,1.9,210.6
112,114,1,6,3.5,1.7,0.1,1.1,0.3,2.4,0.8,2.4,280.2
112,115,1,6,3.5,1.7,0.1,1.1,0.3,2.4,0.8,2.4,280.2
112,116,1,1,0.6,0.3,0,0.2,0.1,0.4,0.1,0.4,46.7
113,0,1,6,2.2,0.6,0.3,0.1,0.4,2.1,0.3,1.2,232.4
113,1,1,11,4.1,1,0.5,0.3,0.7,3.8,0.6,2.3,426
113,2,1,2,0.7,0.2,0.1,0,0.1,0.7,0.1,0.4,77.5
113,16,1,1,0.4,0.1,0,0.1,0,0.3,0.2,0.2,27.7
113,22,1,5,1.7,0.2,0.3,0.3,0,1.4,0.5,0.7,129.6
113,45,1,5,1.9,0.4,0.3,0,0.1,1.9,0.4,1.6,175.5
113,78,1,3,1.5,0.6,0,0.3,0,1.2,0.6,0.9,129.8
113,114,1,6,3.5,1.7,0.1,1.1,0.3,2.4,0.8,2.4,280.2
113,115,0,20,11,4,0,6,1,5,5,5,822
113,116,1,6,3.5,1.7,0.1,1.1,0.3,2.4,0.8,2.4,280.2
113,117,1,1.5,0.9,0.4,0,0.3,0.1,0.6,0.2,0.6,70
114,0,1,7,2.6,0.7,0.3,0.2,0.5,2.4,0.4,1.4,271.1
114,21,1,4,1.3,0.2,0.3,0.2,0,1.1,0.4,0.6,103.7
114,45,1,11,4.2,0.9,0.6,0,0.3,4.2,0.9,3.6,386.2
114,46,1,5,1.9,0.4,0.3,0,0.1,1.9,0.4,1.6,175.5
114,114,1,7,4.1,2,0.1,1.2,0.4,2.9,1,2.9,326.9
114,115,1,17,9.9,5,0.3,3,1,6.9,2.3,6.9,793.9
115,4,1,2,0.7,0.2,0.1,0,0.1,0.7,0.1,0.4,77.5
115,5,1,2,0.7,0.2,0.1,0,0.1,0.7,0.1,0.4,77.5
115,17,1,4,1.6,0.6,0.1,0.6,0.2,1,1,0.7,110.7
115,18,1,7,2.3,0.3,0.5,0.3,0,2,0.7,1,181.4
115,34,1,8,2.2,0.3,0.6,0.8,0,1.4,0.9,0.6,166.3
115,45,0,27,11,3,1,9,1,2,6,2,615
115,46,0,27,15,8,0,8,0,7,6,7,940
115,114,1,1,0.6,0.3,0,0.2,0.1,0.4,0.1,0.4,46.7
116,2,1,2,0.7,0.2,0.1,0,0.1,0.7,0.1,0.4,77.5
116,8,1,4,1.6,0.6,0.1,0.6,0.2,1,1,0.7,110.7
116,14,1,9,3.7,1.3,0.2,1.3,0.4,2.4,2.2,1.5,249.1
116,33,1,3,0.8,0.1,0.2,0.3,0,0.5,0.4,0.2,62.4
116,74,1,5,2.5,0.9,0.1,0.5,0,2,0.9,1.6,216.2
116,77,1,4,2,0.8,0.1,0.4,0,1.6,0.8,1.2,173
116,83,1,1,0.5,0.2,0,0.1,0,0.4,0.2,0.3,43.2
116,111,1,2,1.1,0.4,0,0,0.2,1.1,0.5,0.8,112.3
116,112,1,2,1.1,0.4,0,0,0.2,1.1,0.5,0.8,112.3
117,11,1,16,6.5,2.3,0.3,2.3,0.7,4.2,3.9,2.6,442.8
117,81,1,4,2,0.8,0.1,0.4,0,1.6,0.8,1.2,173
117,82,1,8,4,1.5,0.1,0.7,0,3.3,1.5,2.5,346
117,83,1,2,1,0.4,0,0.2,0,0.8,0.4,0.6,86.5
118,12,1,1,0.4,0.1,0,0.1,0,0.3,0.2,0.2,27.7
118,33,1,3,0.8,0.1,0.2,0.3,0,0.5,0.4,0.2,62.4
118,69,1,4,2,0.8,0.1,0.4,0,1.6,0.8,1.2,173
118,80,1,3,1.5,0.6,0,0.3,0,1.2,0.6,0.9,129.8
118,81,1,1,0.5,0.2,0,0.1,0,0.4,0.2,0.3,43.2
118,95,1,3,1.2,0.2,0.1,0.3,0.2,0.9,0.4,0.8,87.3
119,14,1,3,1.2,0.4,0.1,0.4,0.1,0.8,0.7,0.5,83
119,17,1,5,2,0.7,0.1,0.7,0.2,1.3,1.2,0.8,138.4
119,34,1,9,2.5,0.4,0.7,0.9,0,1.6,1.1,0.7,187.1
119,40,1,2,0.8,0.2,0.1,0,0.1,0.8,0.2,0.6,70.2
119,46,1,1,0.4,0.1,0.1,0,0,0.4,0.1,0.3,35.1
119,67,1,2,0.9,0.3,0,0,0,0.9,0.2,0.6,102.3
119,80,1,12,6,2.2,0.2,1.1,0,4.9,2.2,3.8,519
119,81,1,3,1.5,0.6,0,0.3,0,1.2,0.6,0.9,129.8
120,16,1,5,2,0.7,0.1,0.7,0.2,1.3,1.2,0.8,138.4
120,34,1,3,0.8,0.1,0.2,0.3,0,0.5,0.4,0.2,62.4
120,42,1,1,0.4,0.1,0.1,0,0,0.4,0.1,0.3,35.1
120,64,1,10,4.5,1.4,0.2,0.2,0.2,4.3,1.1,3,511.4
120,71,1,1,0.5,0.2,0,0.1,0,0.4,0.2,0.3,43.2
120,79,1,4,2,0.8,0.1,0.4,0,1.6,0.8,1.2,173
120,80,1,5,2.5,0.9,0.1,0.5,0,2,0.9,1.6,216.2
121,18,1,9,3,0.4,0.6,0.5,0,2.5,0.9,1.3,233.3
121,19,1,4,1.3,0.2,0.3,0.2,0,1.1,0.4,0.6,103.7
121,44,1,6,2.3,0.5,0.3,0,0.2,2.3,0.5,1.9,210.6
121,66,1,8,3.6,1.1,0.2,0.2,0.2,3.4,0.9,2.4,409.1
121,67,1,2,0.9,0.3,0,0,0,0.9,0.2,0.6,102.3
121,78,1,2,1,0.4,0,0.2,0,0.8,0.4,0.6,86.5
121,125,0,27,22,17,0,12,3,10,6,13,1698
121,126,0,45,24,10,2,9,2,15,7,17,1878
122,19,1,2,0.7,0.2,0.1,0.4,0.1,0.3,0.4,0.2,55.6
122,66,1,2,0.9,0.3,0,0,0,0.9,0.2,0.6,102.3
122,72,1,1,0.4,0.1,0,0.1,0.1,0.3,0.1,0.2,36.6
122,74,1,15,5.9,1.5,0.4,0.9,1.3,5,1.5,3.3,549.3
122,75,1,8,3.1,0.8,0.2,0.4,0.7,2.7,0.8,1.7,293
122,76,1,5,2,0.5,0.1,0.3,0.4,1.7,0.5,1.1,183.1
122,125,1,3,1.6,0.6,0,0,0.3,1.6,0.8,1.2,168.4
122,126,1,9,5,1.8,0,0,0.9,5,2.2,3.6,505.4
123,41,1,6,1.6,0.2,0.5,0.6,0,1,0.7,0.5,124.7
123,63,1,2,0.9,0.3,0,0,0,0.9,0.2,0.6,102.3
123,72,1,4,1.6,0.4,0.1,0.2,0.3,1.4,0.4,0.9,146.5
123,73,1,8,3.1,0.8,0.2,0.4,0.7,2.7,0.8,1.7,293
123,78,1,2,1,0.4,0,0.2,0,0.8,0.4,0.6,86.5
123,107,1,4,1.6,0.2,0.1,0.4,0.2,1.2,0.6,1,116.4
124,16,1,2,0.7,0.1,0.1,0.1,0,0.6,0.2,0.3,51.8
124,18,1,4,1.4,0.4,0.1,0.8,0.2,0.6,0.8,0.3,111.1
124,23,1,5,1.8,0.6,0.1,1,0.3,0.8,1,0.4,138.9
124,62,1,6,2.5,0.3,0.3,0.8,0.5,1.7,0.5,2,246.4
124,63,1,6,2.7,0.8,0.1,0.1,0.1,2.6,0.7,1.8,306.8
124,72,1,6,2.3,0.6,0.2,0.3,0.5,2,0.6,1.3,219.7
124,73,1,3,1.2,0.3,0.1,0.2,0.3,1,0.3,0.7,109.9
124,106,1,7,2.7,0.4,0.2,0.6,0.4,2.1,1,1.8,203.8
125,62,1,12,4.9,0.5,0.5,1.6,1.1,3.3,1.1,4.1,492.8
125,63,1,2,0.9,0.3,0,0,0,0.9,0.2,0.6,102.3
125,71,1,3,1.2,0.3,0.1,0.2,0.3,1,0.3,0.7,109.9
125,73,1,6,2.3,0.6,0.2,0.3,0.5,2,0.6,1.3,219.7
125,106,1,2,0.8,0.1,0.1,0.2,0.1,0.6,0.3,0.5,58.2
126,43,1,1,0.3,0,0.1,0.1,0,0.2,0.1,0.1,20.8
126,62,1,26,10.6,1.2,1.2,3.5,2.4,7.1,2.4,8.9,1067.8
126,64,1,1,0.5,0.1,0,0,0,0.5,0.1,0.3,51.1
126,73,1,5,2,0.5,0.1,0.3,0.4,1.7,0.5,1.1,183.1
126,106,1,5,1.9,0.3,0.1,0.4,0.3,1.5,0.7,1.2,145.6
126,107,1,2,0.8,0.1,0.1,0.2,0.1,0.6,0.3,0.5,58.2
127,20,1,7,2.5,0.8,0.2,1.3,0.4,1.2,1.4,0.6,194.4
127,58,1,3,1.1,0.3,0.1,0.3,0.1,0.8,0.5,0.4,135.9
127,61,1,1,0.4,0.1,0,0.1,0,0.3,0.2,0.1,45.3
127,62,0,28,14,7,1,12,2,2,5,5,632
127,63,1,3,1.4,0.4,0.1,0.1,0.1,1.3,0.3,0.9,153.4
127,65,1,1,0.5,0.1,0,0,0,0.5,0.1,0.3,51.1
127,69,1,4,1.6,0.4,0.1,0.2,0.3,1.4,0.4,0.9,146.5
127,70,1,1,0.4,0.1,0,0.1,0.1,0.3,0.1,0.2,36.6