x,y,imputed,ind,log_45_70,log_70_90,log_ap90,log_av45,log_inc,log_soc
35,3,1,9,0.7,1,1.6,0.7,0,0
35,11,2,29,1,1,2,14,0,0
35,12,1,4,0.4,0,0.6,1.9,0,0
35,14,2,3,0.3,0,0.4,1.5,0,0
35,16,1,1,0,0.1,0.2,0.3,0,0
35,38,4,89,0,4.8,3.6,42,0,0
35,39,1,2,0,0.1,0.2,0.7,0,0
28,0,11,203.5,3.8,34.9,38.2,21,0,0
28,1,3,20,0,1,8.1,0.9,0,0
28,4,8,71,0,10.1,17,1.9,0.9,0
28,5,7,218,0,24,55,0.7,8.2,21
28,6,1,4,0,0.4,1.4,0.3,0,0
28,8,7,26,0,4.5,7.7,0.8,0,0
28,9,1,5,0,0.9,1.5,0.1,0,0
28,10,2,3,0,0,1,0.2,0,0
28,11,7,70.5,0,0,22.8,4.8,0,0
28,12,1,4,0.2,0.3,1.3,0.2,0,0
28,15,3,7,0.4,0.6,2.2,0.3,0,0
28,18,1,2,0.2,0.2,0.2,0.3,0,0
28,19,1,7.5,0.6,0.9,0.9,1.1,0,0
28,21,5,51,1,4,9.2,19.8,0,0
28,23,1,4,0.1,0.6,0.8,0.6,0,0
28,24,2,10,0.2,0.5,3.3,0.7,0,0
28,25,2,3,0,0.2,1,0.2,0,0
28,34,1,2,0,0.2,0.6,0.4,0,0
28,35,8,97.5,0,6.9,23.2,28.8,1,0
28,37,3,126,1,11.9,19.8,30.8,0,0
28,38,4,29,0,2.9,7,4.1,0,0
30,1,3,9,0.3,0.6,2.7,1.2,0,0
30,2,2,3,0,0.2,0.9,0.4,0,0
30,3,4,15,0.3,0.9,4.7,1.9,0,0
30,5,3,10,0,0.9,3.4,0.9,0,0
30,12,2,90.5,2,6,8,36,0,0
30,13,8,68.5,2,6.9,17.2,3,0,0
30,14,2,48,1.1,10,7,7,0,0
30,15,6,115,4.1,14,21.9,12,0,0
30,16,8,92.5,2,9,12.1,22.8,0,0
30,17,1,5,0.4,0.6,0.6,0.8,0,0
30,19,1,2,0.2,0.2,0.2,0.3,0,0
30,20,1,1,0,0.2,0.2,0.1,0,0
30,21,7,29,0.5,4.3,6.1,4.1,0,0
30,22,1,4,0,0,1.5,0,0,0
30,23,2,27,0,0,10.5,0,0,0
30,24,1,2,0.2,0.3,0.3,0.2,0,0
30,25,9,35,1.1,1.3,11,0.6,0,0
30,26,6,26,0.5,1.3,8.6,1.8,0,0
30,31,3,18,0,1,6.3,0.4,0,0
30,32,4,52,1.7,6.8,12.5,2.8,0,0
30,33,1,3,0.2,0.3,0.5,0.3,0,0
30,42,1,1,0.1,0.1,0.3,0.1,0,0
29,0,7,143,2.1,3,26.1,38.9,0,0
29,1,1,2,0,0.1,0.8,0.1,0,0
29,3,2,4.5,0.1,0.3,1.4,0.5,0,0
29,4,8,41,0,5.7,10.1,1.1,1.2,0
29,5,1,2,0,0.3,0.5,0,0.1,0
29,8,1,2,0,0.3,0.6,0.1,0,0
29,9,1,1,0,0.2,0.3,0,0,0
29,11,1,1,0,0,0.3,0.1,0,0
29,12,1,4,0.2,0.3,1.3,0.2,0,0
29,13,2,9,0.4,0.8,2.9,0.4,0,0
29,15,3,36,0,0,11.9,2,0,0
29,24,1,2,0,0.1,0.7,0.1,0,0
29,27,2,4,0,0.2,1.4,0.2,0,0
29,28,2,2.5,0,0.2,0.8,0,0,0
29,31,5,33,0,1.9,11.6,0.7,0,0
29,32,11,316,14.5,17.7,57.1,71.8,0,0
29,33,3,16,0.3,1.3,4.1,1.3,0,0
29,36,1,1,0,0.1,0.2,0.2,0,0
31,0,1,2,0,0.1,0.6,0.3,0,0
31,2,1,3,0.1,0.2,0.9,0.4,0,0
31,3,1,2,0,0.1,0.6,0.3,0,0
31,6,2,13,0,1.2,4.6,1.1,0,0
31,9,3,49,0,1,8,15,0,0
31,16,3,4,0.4,0.4,0.4,0.7,0,0
31,19,4,5,0.5,0.5,0.5,0.9,0,0
31,20,3,13,0.2,2,2.7,1.8,0,0
31,21,1,1,0,0.2,0.2,0.1,0,0
31,22,4,270.5,7.9,55.1,61,10.1,0.9,29
31,23,8,313.5,19.9,50,47.2,27,0,0
31,24,6,25,2.9,3.5,3.6,2.1,0,0
31,25,2,8,0.9,1.1,1.2,0.7,0,0
31,44,1,1,0.1,0.1,0.3,0.1,0,0
31,45,1,1,0.1,0.1,0.3,0.1,0,0
27,3,3,7,0,0.7,2.4,0.7,0,0
27,4,11,140,0.9,20.8,38.3,4,0,0
27,5,5,1301,48.9,377,216,5.1,8,165.9
27,6,6,249.5,8.1,11,120.8,0,1,0
27,7,1,6,0.3,0.9,1.2,0.1,0,0
27,11,1,20,0,1.8,4.1,4.7,0,0
27,14,2,4,0.4,0.2,0.4,1.2,0,0
27,18,2,27,0.3,0.4,4.3,12.2,1,0
27,24,1,2,0,0.5,0.4,0,0,0
27,35,1,4,0.1,0.1,1.4,0,0.3,0
27,36,1,1,0,0,0.4,0,0.1,0
27,37,1,2,0,0.1,0.7,0,0.2,0
27,38,3,5,0.1,0.1,1.8,0,0.4,0
25,4,2,7,0.4,1,1.4,0.1,0,0
25,14,3,28,2.4,1.6,2.4,8.5,0.7,0
25,18,1,7,0,1.1,0.4,3.9,0,0
25,19,2,11,0,1.8,0.6,6.1,0,0
25,20,3,11,0.5,0.7,3.6,1.9,0,0
25,24,6,24,0,3.3,6,1.5,0.4,0
25,25,5,25,0,3.5,6.1,1.5,0.6,0
25,39,2,9.5,0.2,0.3,3.3,0,0.8,0
25,40,1,2.5,0.1,0.4,0.7,0.2,0,0
26,4,2,3,0,0.3,0.7,0.2,0,0
26,5,7,1034,84,50,56.9,407,3,9
26,6,8,1352,83,269.9,167,181.1,7,13
26,7,6,113,1.4,26.1,24.5,2.5,0,0
26,8,1,3,0,0.3,0.6,0.7,0,0
26,9,2,7,0,0.7,1.4,1.6,0,0
26,10,1,1,0,0.1,0.2,0.2,0,0
26,11,2,3,0,0.3,0.6,0.7,0,0
26,12,4,10,0,1.4,1.6,2,0,0
26,13,7,80,0.6,8.7,6.4,29,0,0
26,14,1,3,0.2,0.2,0.3,0.9,0.1,0
26,24,2,51,0,16,9,0,0,0
26,25,3,41,0,10.4,8.7,0,0,0
26,28,1,1,0,0.2,0.3,0.1,0,0
26,36,1,2,0,0.1,0.7,0,0.2,0
26,37,3,3,0,0,1.2,0,0.3,0
26,38,1,9,0.2,0.3,3,0,0.8,0
32,7,2,5,0,0.1,0.3,1.9,0.1,0
32,8,5,27,0.9,0,4.7,11.1,0,0
32,22,1,1,0,0.1,0.2,0.3,0,0
32,45,6,25.5,0,1.9,4.7,6.3,0,0
33,3,5,18,1.4,2,3.4,1.2,0,0
33,7,1,12,0,0.3,0.7,4.5,0.3,0
33,8,1,2,0.1,0,0.3,0.8,0,0
33,20,2,7,0.2,0.7,1.2,2.1,0.2,0
33,24,2,5,0.4,0,0.6,2.6,0,0
33,44,2,6,0,0.4,1,1.6,0,0
33,45,2,8,0,0.6,1.4,2,0,0
23,25,2,24,0.7,2.2,2.2,9.8,0,0
23,26,2,10,0.7,0.8,0.5,3.8,0,0
23,27,5,56,4.1,4.2,2.6,21.3,0,0
23,28,2,10,0.4,0.8,0.8,4.2,0,0
23,36,1,2,0.1,0.2,0.6,0.3,0,0
23,41,1,2,0.1,0.3,0.5,0.2,0,0
23,42,1,1,0.1,0.1,0.3,0.1,0,0
23,43,2,2,0.2,0.2,0.6,0.2,0,0
24,13,1,1,0.1,0.1,0.1,0.3,0,0
24,18,2,18,0,1,2,8,1,0
24,24,6,41,1.9,2.2,16,0.9,0,0
24,25,8,115,12,8,21,14,1,0
24,26,7,134.5,3.8,9.4,22,38.2,0,0
24,27,3,6,0.2,0.6,1.2,0.6,0,0
24,29,6,26,0,4.9,8.5,1,0,0
24,36,3,40.5,2,2,4,19,0,0
24,37,3,20,0,4,6.9,0,0,0
24,41,4,8.5,0.5,1.2,2.2,0.8,0,0
22,43,2,6,0.3,0.9,1.6,0.5,0,0
21,34,1,1,0.1,0.1,0.3,0.1,0,0
21,35,1,1,0.1,0.1,0.3,0.1,0,0
21,42,1,2,0.1,0.3,0.5,0.2,0,0
21,44,1,1,0.1,0.1,0.3,0.1,0,0
16,8,1,1,0,0.1,0.2,0.3,0,0
16,9,3,10,0.3,1.1,2,2.9,0,0
16,22,1,1,0.1,0.1,0.2,0.1,0,0
16,30,8,81.5,0,20.5,12.3,20.8,0,16
16,35,1,2,0.1,0.2,0.6,0.3,0,0
16,36,3,119,1,19,5,36,0,10
16,37,4,124,1,12.1,18.9,26,0,0
16,38,1,2,0.1,0.2,0.6,0.3,0,0
16,40,1,2,0,0.1,0.7,0,0,0
16,41,4,25,0,0.9,8.6,0.8,0,0
16,42,11,190.5,0.8,6,68.9,0,1.3,0.9
20,44,3,8,0.5,1.1,2.2,0.7,0,0
17,10,4,23.5,3,3.1,6,3,0.9,0
17,11,4,46,0,7.1,5,19.9,0,0
17,22,4,73,3,5.8,6.9,28.9,0,0
15,8,4,11,1.4,1.4,2,0,0,0
15,9,12,146,12.9,19.1,9.2,47.9,0,0
15,10,2,9,0,1.3,1.7,1.7,0,0
15,29,2,6,0.2,0.3,0.5,2.6,0,0
15,30,6,41,1,3,6.1,13.9,0,0
15,35,6,106.5,0,4,15.1,45.9,0,0
15,36,7,33,1.5,0.9,8.9,2.9,1.6,0
15,37,1,1,0,0,0.3,0.1,0.1,0
15,38,2,7,0.1,0.4,1.7,0.6,0,0
15,39,1,1,0,0.1,0.2,0.1,0,0
15,40,5,85,0,1,27.8,0,1.1,0
15,41,13,50,0,6.9,22.3,0,0,0
15,42,5,13,0.8,2.4,4.3,0.2,0,0
18,10,1,1,0,0.1,0.2,0.3,0,0
18,11,5,52,0.8,3.6,6.6,25.6,0,0
18,29,4,11,0,0.6,2.2,3.4,0,0
18,37,3,67,1.3,1.3,5.3,34.6,0,0
18,42,1,2,0,0.1,0.7,0,0,0
34,6,2,20,0,0.6,1.1,7.5,0.6,0
34,14,3,6,0.6,0,0.9,2.9,0,0
34,15,1,6,0.6,0,1,2.8,0,0
34,16,1,8,0.2,0.7,1.5,2.4,0.3,0
34,19,1,3,0.1,0.3,0.5,0.9,0.1,0
34,20,2,2,0,0.2,0.4,0.6,0,0
34,21,2,2,0,0.2,0.4,0.6,0,0
34,23,3,9,0.2,0.8,1.7,2.7,0.3,0
34,44,6,24,0.5,4.7,5.8,1.4,0,0
34,45,3,12,0.3,2.3,2.9,0.6,0,0
19,29,2,2,0,0.2,0.4,0.6,0,0
19,36,1,1,0.1,0.1,0.3,0.1,0,0
14,7,11,83.5,1.9,8.2,11.1,26.7,0,0
14,8,7,27,5.1,2.9,3,9,0,0
14,9,5,27,3.4,3.7,5,0,0,0
14,10,4,50,0,0,3,29,0,0
14,30,2,12,0.5,0.5,1,5.3,0,0
14,31,9,48.5,1,1.1,8.8,15,0,0
14,34,1,6.5,0,0.3,0.9,2.3,0,0
14,35,5,70,1,3.7,9.1,18.7,0,0
14,36,1,3,0.1,0.1,0.8,0.3,0.1,0
14,37,4,7,0.3,0.3,1.8,0.7,0.4,0
14,38,3,24,0.5,1.4,5.9,1.9,0,0
14,39,1,2,0,0.1,0.5,0.2,0,0
14,40,4,22,0,0.7,8.2,1.6,0,0
14,41,3,5,0,0.2,1.8,0.5,0,0
14,42,7,26,1.4,4.7,8.8,0.5,0,0
13,6,1,1,0,0.1,0.4,0.1,0,0
13,7,2,3,0,0.3,1.2,0.2,0,0
13,8,4,43,2.9,2,10.1,10.9,0,0
13,9,4,22,0,0,5.1,8.9,0,0
13,34,8,197,6,12,22,86.1,0,0
13,35,9,41,0,3,7.6,3,1,0
13,36,2,3,0,0.2,0.7,0.3,0,0
13,37,3,10,0.2,0.5,2.5,0.8,0,0
13,38,4,11,0,0.2,3.7,1.6,0,0
13,40,4,6,0.6,0.8,1.1,0.5,0,0
13,42,4,23,1.8,3.8,3.9,1.8,0,0
8,32,2,11,0,0.6,3.3,0.6,0.7,0
8,33,3,13,0,0.7,3.9,0.7,0.9,0
8,34,3,12,0,1.9,2.4,0.9,0,0
8,35,1,3,0,0.5,0.6,0.2,0,0
8,36,3,12.5,0,0,3.1,2.7,0,0
8,37,2,3,0,0,0.8,0.6,0,0
8,38,4,246,10,22.9,26.1,61,0,0
8,39,9,316.5,5,62.9,53.8,33.2,0,17
8,40,8,63.5,1,9.2,8.1,8.8,0,0
8,41,9,602.5,10,65.1,224.2,5.8,3,0
8,42,4,161,9,31.2,43.9,0,0,0
12,7,4,15,0,1.5,6,0.8,0,0
12,8,10,80,4.1,14.8,13.1,13.1,0,6
12,34,7,52,0,2.9,15.9,7.3,0,0
12,35,1,1,0,0.1,0.2,0.1,0,0
12,37,3,5,0,0.3,1.2,0.5,0,0
12,38,4,11,0,0.2,3.7,1.6,0,0
12,39,5,14,0,0.3,4.7,2,0,0
12,40,2,5,0.5,0.8,0.8,0.4,0,0
12,41,2,6,0.5,1,1,0.5,0,0
12,42,1,1,0.1,0.1,0.2,0.1,0,0
5,30,6,51.5,0,4,16.2,0.9,0,0
5,31,6,99.5,0,3.7,19.1,31.1,0,0
5,32,3,56.5,3.1,0.9,8,14.9,0,0
5,33,1,6,0,1,1.5,0.8,0,0
5,34,3,47,0,9,9.9,8.1,0,0
5,35,8,205.5,2.1,28.9,33,33.9,0,12
5,36,7,91,0,2.8,13,37,0,0
5,37,7,120.5,0,6.9,23,25.1,0,0
5,38,3,8,0,1.9,2,0,0,0
5,39,9,57,0,12.7,14,0.7,0,0
5,40,7,67.5,13.7,14.9,9.6,0.9,0.9,0
5,41,19,125.5,9.8,40.2,16.8,0,0,0
9,32,6,153,3,6.8,19.1,47,0,0
9,33,2,12,0,0.7,3.7,0.6,0.7,0
9,34,1,3,0,0.5,0.6,0.2,0,0
9,38,1,24,0.6,4.2,5.9,0,0,0
9,39,6,115,5.4,18.8,28,3,1,0
9,40,7,187.5,0,18.1,62.8,4,1,0
9,41,16,644.5,26.9,105,161.8,11.3,1.9,72
9,42,4,1491,152,169.9,336.1,175,1,39
10,8,1,4,0,0.6,0.8,0.7,0,0
10,9,1,8,0,1.2,1.5,1.5,0,0
10,32,2,7,0,1.2,1.4,0.5,0,0
10,33,6,65,3.1,4,9.2,24.8,0,0
10,37,1,1,0,0,0.3,0.2,0,0
10,38,2,2,0,0,0.6,0.4,0,0
10,40,10,299,2,38,66.9,35.1,0,0
10,41,9,801.5,2.7,130.1,245.1,2,1,0
10,42,4,233.5,15.1,47,45,5.9,0,0
37,0,2,12,0,1.6,1.2,4.9,0,0
37,1,2,63.5,2,8.3,6.8,22.1,0,0
37,13,2,8,0.3,1.6,1.3,1.6,0,0
37,14,3,16,0,0,1.3,5.2,0,0
37,15,3,10,0,0,0.9,3.2,0,0
37,16,1,4,0,0.3,0.2,2,0,0
37,17,3,10,0,0.9,0.4,5,0,0
37,18,1,10,0,0.8,0.4,5,0,0
37,22,5,47,1,4,10.9,11.1,0,0
37,24,15,108.5,2.8,10.9,26.6,9,0.9,0
37,25,10,176,2,5.9,41.1,22.1,0.9,5
37,26,3,22,0.4,0.6,6.5,2.6,0,0
37,29,4,35,1.9,0.9,1.1,21,0,0
37,36,4,68,5,6.9,5.1,25,0,0
37,38,1,2,0.1,0.3,0.1,0.6,0,0
37,39,1,2,0.1,0.3,0.1,0.6,0,0
37,46,1,5,0.3,0.4,1.9,0,0,0
37,47,1,5,0.3,0.4,1.9,0,0,0
37,48,2,2,0,0.4,0.2,0.4,0,0
1,28,9,171,4,11.1,36.9,33,1,0
1,29,4,28,0,0,10.2,2.6,0,0
1,30,7,37,0.7,6.6,9.1,0,0,0
1,31,6,19,0.3,3.5,4.6,0,0,0
1,32,4,17,0.7,3.8,2.6,0.6,0,0
1,34,1,1,0,0.4,0.1,0,0,0
1,35,3,20,0,8.5,2,0,0,0
1,36,2,131.5,4,8.1,15,45.9,0,0
1,37,7,35,2.2,10,3,1.8,0,0
1,38,3,7,1.1,0.6,2.4,0.1,0,0
1,39,1,2,0.3,0.2,0.7,0,0,0
36,4,3,30,0,6,2,4,1,0
36,6,5,49,1,4.8,4.1,19,0,0
36,12,2,9,0.4,1.8,1.4,1.8,0,0
36,13,2,3,0.1,0.6,0.5,0.6,0,0
36,14,3,8,0,0,0.7,2.5,0,0
36,24,1,2,0,0.2,0.5,0.2,0,0
36,26,3,7,0.1,0.3,2.1,0.7,0,0
36,27,6,31,0,2.1,5,14,0,0
36,37,2,9,0,2.3,1.5,0.7,0,0
36,38,6,83,1.9,14.3,6.9,24.8,0,0
36,44,1,1,0,0.1,0.4,0,0,0
36,48,1,1,0,0.2,0.1,0.2,0,0
2,28,6,845.5,26,94,143,179,4,38
2,29,9,81,1.1,7,26.1,0,0,0
2,30,4,30,1.8,3.3,9.5,0,0,0
2,31,1,1,0.1,0.1,0.3,0,0,0
2,36,1,1,0,0.2,0.2,0,0,0
2,37,2,6,0.1,1.3,1,0,0,0
2,39,9,48,1.8,10.2,11.4,1,0,0
2,40,1,2,0.1,0.5,0.4,0,0,0
3,28,8,148,1,54.1,26,0,1,16
3,29,4,23,1.1,2.9,8,0,0,0
3,30,1,3,0.2,0.3,1,0,0,0
3,31,1,1,0.1,0.1,0.3,0,0,0
3,34,1,3,0.1,0.7,0.5,0.1,0,0
3,37,4,26,0.8,5.4,4,0,0,0
3,38,1,3,0.1,0.6,0.7,0.1,0,0
3,39,8,324.5,28,37,86,17.9,2,0
4,31,5,85.5,0,6,4.9,33.1,0,0
4,32,5,23,0,4,5.6,3.2,0,0
4,35,6,94,4.8,5.1,22.2,22,0,0
4,36,5,35,3.1,3.9,6,3.1,0,0
4,37,6,18,2,5.1,3,0.9,0,0
4,38,3,12,0,2.7,2.9,0.1,0,0
4,39,5,87,0.9,26.1,29,0.9,0,0
4,41,2,6,0.2,1.5,1.1,0.1,0.1,0
0,22,1,1,0,0.1,0.1,0.4,0,0
0,25,1,2,0,0.2,0.6,0,0,0
0,28,2,5,0,0,1.8,0.5,0,0
0,30,8,89,0.9,17,21.3,2.9,0,0
0,31,6,149,2,25.9,39.1,0,0,0
0,32,3,6.5,0.4,1.4,1,0.2,0,0
0,34,7,54,0,13,10,0,0,0
0,35,16,159,0,33.1,38.3,0.9,0,0
0,36,12,258,5.2,54.9,44,24.9,0,14
0,37,9,26,2.2,5.2,7.8,0,0,0
0,38,6,185.5,0,67,37,0,0,1
0,39,2,86,13.6,7.3,28.9,0.9,0,0
11,36,1,1,0,0,0.3,0.2,0,0
11,37,2,4,0,0,1,0.8,0,0
11,38,6,39.5,0,3,6,7,0,0
11,39,4,54,0,2,16,0,0,0
11,40,13,275,4.3,24.2,89.7,13.7,0,0
11,41,4,68,1,4.1,22,0.9,0,0
11,42,2,286,1,54,73,1,0,0
38,4,2,17,0,3,0,8,0,0
38,5,5,29,0,4,4.1,4.9,0,0
38,7,2,2,0.2,0,0.2,0.8,0,0
38,11,3,20,0,0,0,11,0,0
38,12,4,12.5,0,1.9,1,6.2,0,0
38,13,1,2,0,0.3,0.2,1,0,0
38,14,6,50,1.8,2.1,8.7,10.5,0,0
38,15,1,1,0,0.1,0.2,0.2,0,0
38,16,2,23,0,1.4,2.8,7.7,0,0
38,17,2,10,0,0.6,1.2,3.3,0,0
38,18,2,20,0.4,0.4,0.9,7.7,0,0
38,20,1,4,0.1,0.1,0.6,1.7,0,0
38,21,2,8,0.1,0.2,1.3,3.4,0,0
38,22,6,22,0.7,0.7,2.6,10.1,0,0
38,24,3,18.5,0,1.5,4.7,1.4,0,0
38,25,4,35,0,2.7,9.1,2.6,0,0
38,26,3,8,0.2,0.3,2.4,0.8,0,0
38,30,1,2,0,0.2,0.6,0.5,0,0
38,36,6,66,2.9,8.8,8.3,19,0,0
38,37,6,22,0,4.5,5.5,0,0,0
38,38,1,3,0,0.8,0.5,0.2,0,0
38,41,1,1,0,0.2,0.2,0.1,0,0
38,45,4,22,1.3,1.8,8.2,0,0,0
38,46,8,50,0.9,4.1,14.1,0,0,0
39,4,6,28,2.1,1,2.9,14,0,0
39,5,3,20,0,0,3.1,8.9,0,0
39,6,1,1,0.1,0,0.1,0.4,0,0
39,7,3,32,1.8,0.9,1.9,13.7,0,0
39,12,2,10,0,1.6,0.8,4.9,0,0
39,14,1,1,0,0.1,0.2,0.2,0,0
39,18,0,19,0,1,0,14,0,0
39,19,4,29,0.5,0.5,1.3,11.2,0,0
39,20,11,73,0.6,2.7,11.3,30.7,0,0
39,23,4,9,0.2,0.3,1.1,4.1,0,0
39,25,3,45,1.1,3,11.9,2,0,0
39,27,1,4,0.1,0.1,1.2,0.5,0,0
39,29,1,10,0.7,0,1.3,5.3,0,0
39,30,6,38,0,1.9,6.6,15.2,0,0
39,34,1,1,0,0.1,0.1,0.3,0,0
39,36,1,2,0,0.4,0.5,0,0,0
39,37,10,108,8.1,10.1,16,24.9,0,0
39,44,1,1,0,0.1,0.4,0,0,0
39,45,1,1,0,0.1,0.4,0,0,0
39,46,6,25,5.8,7.1,1.2,0.9,0,0
39,47,4,601,37,138,94,73.1,0,41
6,30,7,207.5,4,18.1,42.9,39,1,0
6,31,2,53.5,1.1,7,6,11.9,0,0
6,34,5,24,0.7,0.7,6.5,3.7,0,0
6,35,3,25,0.9,5,5.9,4.1,0,0
6,36,6,156,4,33.1,21.9,6.9,0,19
6,37,6,79,0,10.2,7.7,23.5,1,0
6,38,6,48,0.8,4.9,7.6,13.3,0.8,0
6,39,1,3,0.1,0.2,0.4,0.6,0.1,0
6,40,14,277.5,3,15.9,48,61.2,4.1,0
6,41,8,84,3.8,13,21.2,0,0,0
40,5,3,3,0,0.3,0,2.4,0,0
40,20,2,4,0,0.3,0.2,1.5,0,0
40,22,1,6,0,0.5,0.4,2.2,0,0
40,23,7,51,0,4.5,3,18.8,0,0
40,24,1,4,0,0.6,0.9,0.6,0,0
40,25,5,15,0,2.4,3.4,2.2,0,0
40,27,1,4,0.2,0.2,0.4,1.7,0,0
40,29,1,10,0,1.1,0.5,4.7,0,0
40,30,5,48,0.9,4,10.1,18,0,0
40,35,2,6,0,0.6,1.9,0.5,0,0
40,37,2,7,0.4,1.4,1.3,0.1,0,0
40,39,1,2,0,0,0.7,0.1,0,0
40,40,3,8,0.3,1.6,2.3,0,0,0
40,41,2,6,0.3,1.2,1.6,0,0,0
40,42,1,2,0,0.1,0.9,0,0,0
40,43,1,2,0,0.1,0.9,0,0,0
40,44,2,10,0,1.4,3.8,0,0,0
40,45,5,163,2,20,60,0,0,0
40,46,2,2,0,0.2,0.6,0,0,0
40,47,8,249.5,32.6,24.6,71,6.6,1,26
40,48,3,62,3,11,17,0,0,0
40,63,1,1,0,0,0.2,0.5,0,0
7,3,1,1,0,0.1,0.4,0.1,0,0
7,16,1,4,0.2,0.2,0.3,1.7,0,0
7,32,5,159,4,4.2,10.9,74.9,0,0
7,33,7,45,1,9,4.1,8,0,0
7,35,4,13,0.4,0.4,3.5,2,0,0
7,36,1,3,0,0.6,0.4,0.4,0.1,0
7,38,1,3.5,0.1,0.3,0.4,0.8,0.1,0
7,39,3,5,0,0.5,0.8,1,0,0
7,40,4,135.5,3,5,35.1,16.9,0,0
7,41,10,60,1,13.2,16,0.8,0,0
41,19,1,2,0,0.1,0.2,0.6,0,0
41,23,2,5,0,0.5,0.2,1.9,0,0
41,24,6,64,1.1,4,2.9,27,0,0
41,25,2,13,0,2.1,2.8,2,0,0
41,35,5,308.5,10,33.2,40.2,88.7,0,0
41,36,10,110.5,7.3,21.4,14.7,6.9,0,0
41,37,2,6,0.3,1.2,1.1,0.1,0,0
41,39,1,3,0,0,1.1,0.1,0,0
41,40,3,8,0.3,1.6,2.2,0,0,0
41,41,1,3,0.1,0.6,0.9,0,0,0
41,42,1,3,0,0.2,1.3,0,0,0
41,43,5,35,0,2.6,14.9,0,0,0
41,44,11,138,4.9,15.1,52,0.9,0,0
41,45,1,11,0,1.6,4.2,0,0,0
41,46,1,1,0,0.1,0.3,0,0,0
41,48,9,127.5,1,35,41,0,0,0
41,51,1,2,0,0.3,0.6,0.1,0,0
41,63,1,2,0,0.1,0.3,0.9,0,0
41,65,5,27,2,5,5.5,7,0,0
41,66,1,2,0.1,0.4,0.4,0.5,0,0
42,1,3,17,0,0.8,1.7,8.8,0,0
42,19,3,13,1.3,0.6,1.5,3.6,0,0
42,20,2,9,0,1.3,1.3,2.6,0,0
42,21,1,2,0,0.3,0.3,0.6,0,0
42,22,5,43,2,1.1,6,11.9,0,0
42,36,2,6,0,0,2.1,0.2,0,0
42,37,9,40,0.8,2,13.2,7.1,0,0
42,38,4,48,2,2.9,5.9,12.7,0,0
42,40,1,1,0,0,0.5,0,0,0
42,41,3,77,0,9.4,24.2,0,0,0
42,42,8,68,1.7,13.8,18.4,0.8,0,0
42,43,11,108,2.1,8.9,40,0,0,0
42,44,1,2,0,0.2,0.6,0.1,0,0
42,51,1,2,0,0.3,0.6,0.1,0,0
42,56,1,7.5,0.3,1.7,0.4,1.4,0,0
42,58,1,2,0.1,0.3,0.1,0.8,0,0
42,61,4,38,1.9,7.8,3.9,6.9,0,0
42,64,1,7,0.2,0.6,0.9,3,0,0
42,65,12,146,22,14.2,16.2,45,0,13
42,67,1,2,0.1,0.4,0.4,0.5,0,0
42,70,1,16,0.8,0.9,1.3,4.6,0,0
43,1,2,4,0,0.2,0.4,2,0,0
43,3,2,3,0,0.3,0,2.4,0,0
43,4,2,6,0,0.6,0,4.9,0,0
43,12,2,15,0,1.3,0.5,7.7,0,0
43,13,4,20,0,1.8,0.6,10.2,0,0
43,14,3,11,0.7,1.1,0.4,5.5,0,0
43,15,4,19,1.2,1.9,0.7,9.5,0,0
43,17,3,31,0,1.8,3.8,8.5,0,0
43,18,7,143,9.4,6.6,6.5,67.1,0,0
43,19,1,1,0.1,0,0.1,0.3,0,0
43,20,7,42.5,0,5.1,4.4,18.2,0,0
43,21,1,2,0,0.3,0.3,0.6,0,0
43,22,6,41.5,0,0.9,2,16.1,0,0
43,23,3,35,0,3,2,14,0,0
43,24,4,15,0.8,0.9,1.3,6.2,0,0
43,25,5,38,1.9,2,3.4,16,0,0
43,26,6,43,2,2.9,4,16,0,0
43,27,3,21,0,2,2,6.9,0,0
43,28,2,8,0,0.8,0.4,3.9,0,0
43,29,1,1,0,0.1,0,0.5,0,0
43,30,3,91,2.1,7,7,30,0,0
43,37,4,20,0,0,7,0.7,0,0
43,38,1,1,0,0.1,0.1,0.3,0,0
43,39,6,146.5,8.9,25,15.1,28,0,11
43,40,4,21,0,0.5,9.5,0,0,0
43,41,7,291.5,13.3,33.9,47,40.9,0,8
43,42,10,72,0,11.9,15.1,15,0,0
43,43,3,11,0.6,1.2,4.4,0.2,0,0
43,45,2,6,0,0.6,1.8,0.2,0,0
43,46,1,1,0,0.1,0.3,0,0,0
43,47,1,4,0,0.4,1.2,0.1,0.1,0
43,48,2,9,0.2,1.2,2.7,0.4,0,0
43,49,6,60.5,2.5,8.7,17.1,2.2,0,0
43,51,2,4,0.1,0.5,1.2,0.2,0,0
43,52,9,43,0,8.9,14.1,0,0,0
43,53,10,41,1.1,9,7,2,0,0
43,56,2,11,0.5,2.5,0.5,2.1,0,0
43,58,3,31,1.8,3.6,1.8,12.6,0,0
43,59,1,1.5,0.1,0.2,0.1,0.6,0,0
43,61,1,1,0,0.2,0.1,0.2,0,0
43,62,2,24,0,0.9,3.6,11.5,0,0
43,67,4,8,0.6,1.5,1.6,2,0,0
43,68,2,18,0.9,1,1.4,5.2,0,0
43,69,2,4,0.2,0.2,0.2,1.2,0,0
43,72,9,101,0,12.1,7.8,35.9,0,0
43,78,4,33,0,3.1,3.9,12.1,0,0
44,0,1,1,0,0,0.1,0.5,0,0
44,3,4,16,0,4.4,0.9,4.4,0,0
44,4,2,12,0,1.3,1.3,4.2,0,0
44,11,2,4,0,0.3,0.3,2.4,0,0
44,12,5,21,1.1,0,0,10.8,0,0
44,13,9,46,0,5.9,1.1,20.1,0,0
44,15,5,39,0.9,3,5.9,16.1,0,0
44,16,3,32,0,0.9,1.1,13.5,0,0
44,17,4,33,0,0.9,0,21.1,0,0
44,18,3,22.5,0,1.9,3,7.2,0,0
44,19,2,11,0,0.9,1.5,3.5,0,0
44,20,3,14,0,0.8,2.1,4.1,0,0
44,21,3,34,0,2.1,5,9.9,0,0
44,23,6,22,0,2.4,3.5,5.1,0,0
44,25,1,2,0,0.1,0.1,0.7,0,0
44,27,3,18,0.4,3.5,2.4,3.1,0,0
44,28,2,6,0,0.3,0.6,2.1,0,0
44,29,1,16,0,0.7,1.5,5.8,0,0
44,30,5,65,1,8.3,5.4,20.5,0,0
44,35,6,81.5,2.4,9.1,11.9,21.4,0,0
44,36,8,133,6.9,17.3,30,4.6,0,0
44,37,2,8,0,3.1,0.9,0,0,0
44,38,2,90,0,0,36,0,0,0
44,39,5,49,0,8,11,0,0,0
44,41,5,142.5,2,24,11.9,35,1.1,6
44,42,12,152.5,2.9,11.2,32.4,32.6,0,0
44,43,3,10,0,1,2.2,1.5,0,0
44,44,1,2,0,0.2,0.6,0,0,0
44,46,1,3,0,0.3,0.9,0,0,0
44,47,3,16,0,1.9,4.6,0,0,0
44,48,13,208,2,19.2,60.9,14.9,0,0
44,49,10,428.5,14.8,48,123.1,34.1,0,0
44,51,1,5,0.1,0.5,1.4,0,0,0
44,52,10,81,1,2.8,14.8,25.4,0,0
44,67,3,17,0,2,6,3.9,0,0
44,68,4,20.5,0.7,1.2,2.4,8.9,0,0
44,69,3,12,0.4,0.8,1.4,5.2,0,0
44,72,6,15,0.6,1.8,1.8,4.8,0,0
44,75,2,4,0,0.3,0.5,1.2,0,0
44,76,2,19,0.7,1.6,3.8,4.6,0,0
44,78,8,45,0,6.9,16.1,0,0,0
44,79,7,29,1.5,2.9,4.2,7.7,0,0
45,0,7,63,0.8,2.9,5,29.7,0,0
45,9,2,5,0,0,0.6,3,0,0
45,10,2,9,0,0.5,0.6,5.7,0,0
45,11,3,19,0,1.2,1.2,11.9,0,0
45,12,2,25,0,0,0,13,0,0
45,13,1,2,0.1,0,0,1,0,0
45,17,1,1,0,0,0.1,0.4,0,0
45,18,1,4,0,0.4,0.5,1.3,0,0
45,19,4,9,0,0.8,1.2,2.8,0,0
45,22,1,4,0,0.5,0.6,0.9,0,0
45,24,2,4,0,0.2,0.2,1.4,0,0
45,27,4,34,0.6,6.6,4.6,5.8,0,0
45,28,6,38.5,3.9,3,6,8,0,0
45,31,2,7,0,0.7,0.7,2.3,0,0
45,35,1,13,0.4,0.9,2.1,2.7,0,0
45,36,3,34,0,13,4,0,0,0
45,47,6,35,0,4.1,10.2,0,0,0
45,48,5,140.5,3.8,11.6,36.4,15.6,0,0
45,52,2,2,0,0,0.6,0.6,0,0
45,56,2,92,0.9,3,8.9,39.6,0,0
45,57,1,1,0,0,0.1,0.5,0,0
45,61,4,63,0,2.1,11,18.9,0,0
45,75,4,19.5,0,1.7,2.5,5.8,0,0
45,76,4,39,1,2.1,9.1,12.9,0,0
45,77,2,6,0.3,0.5,1.2,1.4,0,0
45,78,5,42,0,4.9,3.1,17.1,0,0
45,79,4,12,0.7,1.2,1.7,3.2,0,0
45,80,3,8,1,1,1.5,3,0,0
46,2,4,34,0,2,4,17,0,0
46,3,1,1,0,0.3,0,0.3,0,0
46,7,6,28,5,1,0,8,0,0
46,8,2,15,0,0,0,11,0,0
46,10,1,3,0,0,0.4,1.8,0,0
46,12,3,14,0.2,0.3,1.2,6.5,0,0
46,13,2,4,0.1,0.1,0.3,1.9,0,0
46,15,2,2,0,0,0.2,1.4,0,0
46,16,1,2,0.1,0.2,0.2,0.7,0,0
46,17,1,2,0.1,0.2,0.2,0.7,0,0
46,18,1,2,0.1,0.2,0.2,0.7,0,0
46,23,7,54,0.8,0,4.6,24.8,0,0
46,24,3,20,0.6,0.8,0.8,7,0,0
46,28,8,30,1,3.3,6,1.7,0,0
46,30,1,1,0.1,0.1,0.2,0.3,0,0
46,31,7,72,2,6.8,5.6,30.4,0,0
46,38,1,2,0.1,0.1,0.3,0.3,0,0
46,39,1,2,0.1,0.1,0.3,0.3,0,0
46,48,2,21,0.2,2,6.1,0.2,0,0
46,71,7,41.5,0,0.9,4,20,0,0
46,72,1,10,0.4,1.2,1.2,3.2,0,0
46,79,6,37,0,2,3.1,16.5,0,0
46,83,2,5,0.6,0.6,0.9,1.9,0,0
47,3,1,1,0,0.3,0,0.3,0,0
47,6,2,16,0,1.7,1.7,5.6,0,0
47,7,3,9,0,0.9,1,3.2,0,0
47,8,1,2,0,0,0.2,1.2,0,0
47,9,1,2,0,0,0.2,1.2,0,0
47,10,2,6,0,0,0.6,3.7,0,0
47,12,5,27,0.6,0.6,2.3,12.4,0,0
47,13,1,1,0,0,0.1,0.5,0,0
47,14,2,15,0,0.8,0.9,10.6,0,0
47,15,2,28,2,1,4,8,0,0
47,17,5,21,1.4,2.3,1.9,6.8,0,0
47,19,3,7,0.4,0.8,0.7,2.3,0,0
47,20,1,3,0.4,0.7,0,1.3,0,0
47,21,3,13,1.5,3.3,0,5.7,0,0
47,23,1,5,0.1,0,0.4,2.3,0,0
47,26,1,3,0,0.4,0.7,1,0,0
47,27,7,93,2,5.6,10.4,37,0,0
47,28,2,5,0.1,0.6,1,0.3,0,0
47,29,6,53.5,0,4.9,18.1,4,0,0
47,30,1,1,0.1,0.1,0.2,0.3,0,0
47,38,1,5,0.2,0.4,0.7,0.7,0,0
47,39,4,18.5,0.6,1.3,2.8,2.7,0,0
47,45,1,3,0,0.3,0.9,0,0,0
47,70,1,31.5,0,1.4,9.5,7.2,0,0
47,71,4,13,0,3.6,4.6,1.7,0,0
47,79,1,21,0,1.1,1.8,9.4,0,0
47,83,1,3,0.4,0.4,0.5,1.1,0,0
50,17,3,60,1.9,4,2.1,26,0,0
50,18,1,5,0,1,1.2,0.7,0,0
50,19,4,16,0,3.2,3.7,2.2,0,0
50,21,2,28,0,1.5,1.6,9.8,0,0
50,22,2,4,0,0.2,0.4,1.2,0,0
50,24,5,105.5,0,4.2,6.9,46.8,0,0
50,26,4,217.5,0,1,21,118.9,0,0
50,27,3,18,0.4,2.8,3.9,0.1,0,0
50,28,9,54,0.9,3,7.9,8.8,1.3,0
50,29,8,311,6.1,52.8,60,5,0,24
50,30,2,249,1,36.9,66.1,0,0,57
50,31,3,55.5,21,2,1,0,0,7.9
50,32,11,158,1.8,32,32.1,4.1,1,0
50,33,11,653,23.9,130.2,136,11.9,0,0
50,34,9,738,4,20,342.1,0.9,0,0
50,35,7,524.5,1.5,0.8,195.8,0.6,0,0
50,36,10,196.5,1,16.2,64.9,2.9,0,0
50,37,9,538.5,7.9,54.1,189,9,0,0
50,38,8,530,3,15,198,0,0,0
50,39,9,269,4,34.3,66.1,2.5,0,0
50,40,7,1222.5,47.1,183.9,316,6,0,75
50,41,5,1268.5,47,246,310,4,1,0
50,42,3,858.5,1,245,152,3,0,76
50,43,7,987,4.8,74.9,364,1.2,0,81
50,44,7,1051.5,34.1,99.9,369,2,1,37
50,45,9,1434.5,2.1,176,571,4.1,0,284
50,46,6,5102.5,549.1,1671,411.9,42.9,5,1858
50,47,6,3435,409,740,650.1,27.9,0,759.9
50,48,13,1300.5,13,334.8,227,29.2,1,214
50,49,14,813.5,22,51,268,66,0,0
50,50,8,933,20,69.1,328,50,0,0
50,51,3,146,6,16.9,22.1,23,0,0
50,52,3,76,1,7,12,12,0,0
50,53,7,218,2,21.1,43,44.9,0,23
50,54,9,203.5,1,15.9,34.1,36,0,0
50,61,7,77,1,4,8,34,0,0
50,62,6,66.5,3.1,10,10.1,11.9,0,0
50,65,6,86,2,9.5,12.5,24.7,0,0
50,67,3,9.5,0.7,1,0.9,2.2,0,0
50,68,5,39,0,4,5.8,10.1,0,0
50,69,4,19,0.9,2,3.1,6,0,0
50,70,1,11,0.4,0.4,0.9,3.1,0,0
50,71,2,25,0,5,6,7,0,0
50,76,3,7,0,1.4,2.1,1.1,0,0
48,0,1,1,0,0,0.2,0.4,0,0
48,2,7,38,0,5.1,6,15.8,0,0
48,3,2,6,0,0,1.2,2.6,0,0
48,6,5,27,2,2.1,7.1,6.9,0,0
48,7,5,27,0,0.9,1.1,16,0,0
48,8,4,14,0,0.6,4.2,5,0,0
48,9,2,4,0,0.2,1.2,1.4,0,0
48,10,2,18,0,0,1.8,10.8,0,0
48,12,2,4,0,0,0,3.7,0,0
48,16,2,11,0,0,1.2,6,0,0
48,17,3,15,0,0,1.7,8.2,0,0
48,19,2,7,0,1.4,1.6,1,0,0
48,20,2,34,1,3.8,3.8,12.2,0,0
48,21,7,81,1.9,2.3,4.9,44,0,0
48,26,3,47,2,0,2.4,27.6,0,0
48,27,1,3,0,0,0.5,1.4,0,0
48,28,8,17,0.1,2.6,4.1,0.9,0,0
48,29,5,20,0.5,3.3,4.7,0.8,0,0
48,30,1,6,0.1,1,1.4,0.2,0,0
48,32,2,40,0,5,3,17,0,0
48,39,5,32.5,0,1,12,1,0,0
48,41,2,9,0.5,0.9,2.2,0,0,0
48,42,4,20.5,0,3.7,5.3,0.3,0,0
48,44,7,218,3.9,27.9,32.1,43.1,0,0
48,47,6,51,4.1,5.1,6,4,0,0
48,48,1,6,0,1.3,0.8,0.1,0,0
48,70,5,43,0.6,2.8,8.2,14.2,0,0
48,71,5,178.5,0,15,34,42.9,0,15
48,76,1,2,0.1,0.2,0.1,0.7,0,0
48,77,2,14,0.4,1.2,0.8,5.2,0,0
48,78,1,1,0.1,0,0.4,0,0,0
48,82,1,1,0,0.3,0.1,0.3,0,0
48,83,3,14,0,4.7,1.9,3.7,0,0
51,4,4,85,2,7.9,3.5,41.2,0,0
51,5,2,4,0,0.2,0.5,1.7,0,0
51,11,2,8,0,0,0,7.3,0,0
51,19,7,33.5,3,6,7.1,4,0,0
51,20,1,2,0,0.1,0.1,0.7,0,0
51,22,2,4,0,0.2,0.4,1.2,0,0
51,23,3,28.5,0,1.5,3.1,7.9,0,0
51,24,4,21.5,0,4,6,2,0,0
51,25,7,95,6.8,9.1,7.1,26,0,0
51,26,10,87.5,1.9,13.6,18.9,0.6,0,0
51,27,10,397,3.9,25,132.1,4,0,0
51,28,15,292.5,4.4,41.9,68.9,11,0,0
51,29,5,173,0,33.2,33.9,3.8,0,32
51,30,7,32,0,3.1,11,1.9,0,0
51,31,15,489.5,5.1,42,158.1,1.9,0,29
51,32,8,1429.5,23.1,155.9,558.2,4.9,1,160
51,33,9,709.5,13.3,61,235.9,0,0,0
51,34,9,1257,8.2,139.9,419.9,6.9,0,91
51,35,1,16,0.5,0.3,5.4,0.2,0,0
51,36,3,280.5,2,0,105.1,1.9,0,0
51,37,6,43.5,2,5,8,0,0,0
51,38,2,5,0.3,0.6,1.1,0.1,0,0
51,39,6,17,0.9,1.9,3.7,0.5,0,0
51,40,6,33.5,0.7,7,4.8,0.7,0,0
51,41,4,10,0.4,2,1.4,0.2,0,0
51,43,9,69,5,14.9,9,0,0,0
51,44,9,94,7,22,11.1,1.9,0,0
51,45,4,97.5,4,41,5.1,0.9,0,0
51,46,4,1072.5,193,175,147,48,0,204
51,47,4,2161.5,444,331,355,61,0,287
51,48,3,4966.5,452,214,441.9,1615,0,38
51,49,2,6556.5,849,304,932,1577,1,327
51,50,3,2576,253,671,405,47,0,95
51,51,2,47,9,12,3,0,0,0
51,52,1,6,0,0.8,2.1,0,0,0
51,53,3,44,0,3.3,6.9,10,0,0
51,54,14,381.5,4,93.9,55,5,0,0
51,58,4,31,1,1.1,6.9,2.9,0,0
51,61,7,52,11,3.8,4.1,12.1,0,0
51,62,3,20,0,2.9,3.1,6,0,0
51,65,3,11,0,2.7,2.2,1.5,0,0
51,68,2,4,0.1,0.7,0.4,1.1,0,0
51,70,4,48,0,3.9,12.1,6.9,0,0
51,71,1,14,0.6,0.6,1.1,3.9,0,0
51,74,1,2,0.1,0.5,0.4,0.3,0,0
51,76,6,99,4,10.8,16,29.6,0,0
51,77,8,129,2,23.1,42,2,0,0
51,78,5,22,1.6,0.8,7.8,0.8,0,0
49,1,4,13,0,0,2.5,5.5,0,0
49,3,1,1,0,0,0.2,0.4,0,0
49,6,2,2,0,0.2,0.2,0.8,0,0
49,7,3,16,0.9,1.7,0.9,6.2,0,0
49,8,1,2,0,0.1,0.6,0.7,0,0
49,10,1,2,0,0,0.2,1.2,0,0
49,17,9,79,1,9.8,7.1,21.2,0,0
49,18,3,5,0,1,1,0.8,0,0
49,19,1,2,0,0.4,0.4,0.3,0,0
49,21,1,2,0.1,0.2,0.2,0.7,0,0
49,22,3,7,0,0.4,0.4,2.4,0,0
49,24,4,28,0,2.9,5,9,0,0
49,28,1,1,0,0.2,0.2,0.1,0,0
49,29,6,21,0.2,3.4,5,1,0,0
49,31,2,3,0,0.5,0.7,0.2,0,0
49,32,6,100,2,9,11.1,24.9,0,0
49,33,9,331,6,52,35.1,67.9,0,0
49,34,1,15,0,0,5.3,0,0,0
49,35,1,136,0,1,47.7,0,0,0
49,36,8,182.5,1.9,44.1,30,1,0,0
49,37,5,228,2,40,52,9,0,0
49,38,0,131.5,0,0,45,0,0,0
49,39,2,112,0,22,21,0,0,0
49,40,7,588.5,3.6,108,115.8,0,0,0
49,41,10,693.5,5,136.2,163,30.8,0,0
49,42,8,485.5,1,116.8,93.1,0,0,0
49,43,5,338.5,0,79.4,73.7,0.6,0,0
49,44,10,504.5,1,73.1,131.1,0.8,0,0
49,45,13,500,5.8,91,105.2,4.9,1,0
49,46,8,119.5,0,5,38.2,1.9,0,0
49,47,17,561,6.2,72.6,228.2,4,0,0
49,48,6,40.5,0,8.6,5.4,0.8,0,0
49,49,0,141.5,5,22,15,26,0,0
49,50,3,39,0,2,16,0,1,0
49,54,3,64,1.9,15,8.1,6,0,0
49,61,2,11,0,4.7,1,0.6,0,0
49,62,1,10,0,4.3,0.9,0.5,0,0
49,65,3,115,7,20.9,9.1,23,0,0
49,66,4,34,2.3,3.9,3.1,7.9,0,0
49,69,4,15,0.7,2.4,1.5,4.1,0,0
49,71,4,14,0.3,1.3,2.8,2.8,0,0
49,76,2,19,0.5,1.7,1,7.1,0,0
49,77,8,108.5,1.6,5.2,7,44.1,0,0
49,78,1,5,0.3,0.2,1.8,0.2,0,0
52,3,2,3,0,0.3,0.3,1.7,0,0
52,10,2,11,0,0.7,3.1,1.7,0,0
52,17,3,57,1,2,4,26,0,0
52,18,1,1,0,0.1,0.2,0.3,0,0
52,20,4,21,0,3.7,4.6,0.9,0,0
52,21,3,13,0,2.3,2.8,0.6,0,0
52,22,4,22,0.3,2.4,6.2,2.2,0,0
52,23,8,145,1,14,14,49,0,4
52,24,8,88,5.9,9.5,8.3,25.6,0,0
52,25,3,138,3,5,17,45,0,0
52,26,8,295.5,1,49.9,69.1,1.9,0,0
52,27,10,1202,174,111,245,12,1,199
52,28,8,181.5,5.1,21.9,57,3,0,0
52,29,4,25,0.5,2.6,7.5,1,0,0
52,30,5,198.5,9.3,27.7,47.8,3.6,0,0
52,31,8,398.5,2.9,4,156.2,2,0,0
52,32,8,494.5,1,36.2,227,1.7,1,0
52,33,3,11,0.5,1.1,1.9,0.1,0,0
52,34,2,5,0.2,0.6,0.7,0.3,0,0
52,35,3,606.5,0,49.1,207.9,0,0,0
52,36,11,246.5,6.2,20.9,68,0,0,0
52,37,3,26,0.6,0.7,9.2,0,0,0
52,38,2,14,0.7,1.1,2.2,0,0,0
52,39,4,23,1.1,1.7,3.7,0,0,0
52,41,1,5,0.1,1.9,0.4,0,0,0
52,42,8,71.5,1.6,27,5,0,0,0
52,43,1,1,0,0.4,0.1,0,0,0
52,48,1,12,3.5,2.6,0.4,0.4,0,0
52,49,1,463.5,120.5,41.4,33.6,59.6,0,0
52,50,0,837.5,146,163,108,38,0,1
52,51,2,834.5,98.9,146,81.1,102,0,0
52,52,6,737,52.9,143,165.1,10.1,0,8
52,53,7,453.5,57,69,75.9,26.1,0,0
52,54,7,777.5,83.8,152,136.1,6,1.1,0
52,55,5,28,2,2.2,6.9,0,0,0
52,56,10,400,12,37.1,82.1,66.9,0,0
52,57,8,85.5,3.1,15,16.1,3.9,0.9,0
52,58,4,30,0,2.8,4.7,10.3,0,0
52,61,2,21,0,1.1,7.9,2,0,0
52,62,4,42,1.1,6,5,6,0,0
52,64,6,50,1,4.8,20.2,0,0,0
52,68,2,2,0.4,0.8,0.4,0,0,0
52,69,1,2,0.3,0.8,0.4,0.1,0,0
52,74,2,44.5,0,5,5,19,0,0
52,76,3,6,0.6,1.2,1,0.2,0,0
52,77,3,134,7,35,16,18,0,15
52,78,1,18,1.5,3.8,3,0.7,0,0
53,0,4,49,2,0.9,7.1,17.9,0,0
53,1,3,24.5,0,3,1,9,0,0
53,2,5,22,0,2.6,1.8,12.3,0,0
53,3,4,28,0,2,0,14.9,0,0
53,4,1,7,0,0.4,1.6,2.5,0,0
53,6,6,58.5,0,2,11.9,17.1,0,0
53,12,1,5,0,0.3,0.4,1.6,0,0
53,13,9,54,0,3.5,4.3,17.3,0,0
53,15,1,18,0,1.2,1.4,5.8,0,0
53,16,4,22,0.7,0,5.2,6.6,0,0
53,17,3,8,0.2,0,2,2.4,0,0
53,18,3,18,0,2.8,2.8,5.8,0,0
53,19,5,59.5,0,3,4,23.9,0,0
53,20,3,31.5,0,4.9,6,0,0,0
53,21,1,7,0,1.2,1.5,0.4,0,0
53,22,1,1,0,0.1,0.3,0.1,0,0
53,23,7,113.5,4.7,9.2,14.6,39.8,1,0
53,24,1,4,0.3,0.7,0.5,0.4,0,0
53,25,13,187,3,33.7,44.2,2,0,0
53,26,19,234,5.7,36.9,52.1,16,0,0
53,27,1,1,0,0.1,0.3,0.1,0,0
53,28,9,29,0.5,3,8.7,1.3,0,0
53,29,10,63,4.1,8,0.9,3.1,0,0
53,30,2,13,1.5,1.3,2.4,0.2,0,0
53,31,15,285,1.9,47,63.2,3.9,1.1,0
53,32,12,229,7.6,15.8,72.9,0.8,0,0
53,33,5,18.5,1,1.9,3.3,0,0,0
53,34,3,11,0.3,1.4,1.6,0.7,0,0
53,35,2,8,0.2,1,1.2,0.5,0,0
53,36,2,14,0.4,0.4,4.9,0,0,0
53,37,1,2,0,0.1,0.7,0,0,0
53,39,1,2,0.1,0.2,0.3,0,0,0
53,41,2,9.5,0.2,3.6,0.6,0,0,0
53,54,0,26,3,4,3,3,0,0
53,55,7,114.5,7.9,20,14.1,16,0,0
53,56,7,68,4,15,8,9,0,0
53,57,10,550,23.2,83.8,116.8,69.1,1.2,0
53,58,1,2,0,0.2,0.3,0.7,0,0
53,61,11,227,2.9,28,69.1,27,0,0
53,62,2,33,1.6,3,7.7,0.8,0,0
53,64,13,170.5,3,16.1,68,1.8,0,0
53,65,1,2,0,0.2,0.8,0,0,0
53,68,4,7,1.1,2.8,1.4,0.3,0,0
53,69,4,51,1,4.4,30.2,0.2,0,0
53,70,3,99,1,19,14.1,18.9,0,0
53,72,1,3,0.1,0.8,0.7,0.4,0,0
53,73,1,2,0.1,0.5,0.4,0.3,0,0
53,74,1,3,0.1,0.8,0.7,0.4,0,0
53,75,3,17,0.6,4.5,3.8,2.4,0,0
56,0,7,65,3.9,6.9,19.1,0,0,0
56,1,5,18,0.8,3.9,2.5,0,0,0
56,2,6,15,3.8,1.5,1.5,0.3,0,0
56,3,15,66,1.7,12.1,12.3,6.9,0,0
56,4,4,12,1.7,1.7,0.8,1.1,0,0
56,6,3,10,0.7,1.9,2.2,0.2,0,0
56,7,17,66.5,3.2,17,14.5,2.3,0,0
56,8,5,28,0.9,4.6,7.1,0,0,0
56,9,1,2,0.1,0.3,0.5,0,0,0
56,10,12,151,0,37.2,38.9,0,0,16
56,11,11,51,2.1,9,11.9,1,0,0
56,12,11,64,2,9.1,20,0.9,0,0
56,13,12,130,5,27.7,26.1,0,0,0
56,14,9,46,4,4.6,10.2,0.6,0,0
56,15,1,13,1.1,1.3,2.9,0.2,0,0
56,17,1,1,0,0.2,0.3,0,0,0
56,18,1,1,0,0.1,0.4,0,0,0
56,19,1,4,0,0.4,1.4,0,0,0
56,20,8,689,25.1,110,200,14.9,0,42
56,21,12,613,18.2,57,247.9,8.9,1,23
56,22,4,13,1,3.8,1.2,0.5,0,0
56,23,2,6,0.4,1.8,0.5,0.3,0,0
56,24,3,22,0.7,5,0.7,0.3,0,0
56,25,5,32,0,6.1,8,0,0,0
55,1,8,26.5,1.1,5.8,6.2,1,0,0
55,2,8,31,0,3.1,4.9,4.1,0,0
55,3,3,7,0,0.5,2.1,0.9,0,0
55,4,10,18.5,0,5,0.7,6,0,0
55,5,4,9,0,0.7,2,3,0,0
55,6,5,13,0,2.1,3.9,1.3,0,0
55,7,11,62.5,1.1,9.9,15.1,3.9,0,0
55,8,12,377,24.2,74.1,63,36.8,0,16
55,9,6,23,2,4.9,2.9,8.3,0,0
55,10,4,57,0,3,8.9,19.6,0,0
55,11,1,4,0,0.3,1.1,0.6,0,0
55,12,9,85.5,8.1,9.1,6.8,29.9,0,0
55,13,1,18,0,0,0.8,10.7,0,0
55,15,6,39,0,3.9,6.9,11.1,0,0
55,16,2,14,0,3.3,0,5.8,0,0
55,19,1,6,0,1,0.8,0.8,0,0
55,20,4,130,2.9,21.2,31.9,6,0,0
55,21,13,273.5,2,58.9,55.9,2,1.2,0
55,22,9,282,6.9,11.1,107,4,0,0
55,23,15,209.5,7.8,16.8,54.4,4.9,0,0
55,24,5,29,1.5,2.7,6,1.2,0,0
55,25,5,19,1.1,1.7,3.8,0.8,0,0
55,26,5,11,0.4,3.8,1.3,0.2,0,0
55,27,2,14,0.5,4.7,1.7,0.4,0,0
55,28,8,27,0,2.9,5.2,2.8,0,0
55,29,5,21.5,2.2,1.2,2.3,2.9,0,0
55,31,5,14,1.4,2.3,2.3,0.5,0,0
55,32,1,7,0.2,0.8,1.1,0.4,0,0
55,33,1,2,0.1,0.2,0.3,0.1,0,0
55,37,2,238.5,0,121,38,0,0,0
55,38,3,166.5,0,48.9,48.1,0,0,0
55,59,1,2,0,0.4,0.6,0.1,0,0
55,61,4,51,7,4,10.3,7,0.7,0
57,0,7,42,1.9,9.1,5.8,0,0,0
57,1,2,5.5,0.3,1.1,0.8,0,0,0
57,2,2,4,1,0.4,0.4,0,0,0
57,3,5,35,8.4,3.3,3.8,0.7,0,0
57,4,2,7,1,1,0.5,0.6,0,0
57,5,1,5,0.7,0.8,0.3,0.4,0,0
57,6,8,22,1.4,4.2,4.7,0.7,0,0
57,7,15,79.5,2.3,15.9,16.9,1.9,0,0
57,8,9,38.5,0,5,12,0,0,0
57,9,1,1,0,0.2,0.3,0,0,0
57,10,8,45,1.9,3,14.1,0,0,0
57,11,11,121.5,0.9,6.9,47.2,0,0,0
57,12,11,283.5,10.1,36.9,108.1,2.9,0,0
57,13,9,616.5,33.9,63.1,218.9,9.1,0,67
57,14,18,326,5,43,113,1.8,0,5.8
57,15,9,75,0.8,12.1,22.9,2.2,0,0
57,16,1,2.5,0.1,0.3,0.8,0,0,0
57,17,7,69,0.8,8.6,20.9,0,0,0
57,18,20,186.5,0,19.6,64.6,1.7,0,0
57,19,17,237.5,4.1,33.8,59.3,2,0,0
57,20,7,35,0,1.2,12.8,2,0,0
57,21,9,347,1,12.1,145,3.9,0,0
57,22,3,5,0.3,1.5,0.5,0.2,0,0
57,24,4,26.5,0.8,5.9,0.9,0.4,0,0
57,27,1,17,0.5,3.9,0.5,0.3,0,0
57,28,3,67,0,32.5,8.5,0.6,0,0
57,31,2,6.5,0,2.9,0.8,0.2,0,0
57,32,5,36,0,9,7.1,0,0,0
57,33,2,343,4,83,96,0,1,0
57,34,3,135.5,2,49,12,2,1,0
57,35,0,93,0,18,17,0,0,0
54,2,1,7,0,0.5,2,0.9,0,0
54,3,4,25,0,1.8,7.1,3.3,0,0
54,5,1,1,0,0.1,0.2,0.3,0,0
54,6,10,75,2.1,8.9,14.1,20.8,0,0
54,7,2,27,0,4.1,8.1,2.7,0,0
54,8,4,336.5,22,22,26,114,0,0
54,12,1,4,0,0,0.2,2.3,0,0
54,13,6,27,0,3,7,6,0,0
54,15,3,45,0,7,3,12.9,0,0
54,16,7,75,2,8,10,20.1,0,0
54,17,2,3,0,0.7,0,1.2,0,0
54,18,1,3,0,0.5,0.4,0.4,0,0
54,19,3,41,0,3.4,2.9,17.9,0,0
54,20,7,55.5,0,3.9,13.1,0,0,0
54,21,6,100,1.1,12.9,22,7.9,0,0
54,22,2,10,0.3,1,3,0.3,0,0
54,23,13,107,3.7,10.1,32.1,3.4,0,0
54,24,7,29,1.6,2.7,6,1.1,0,0
54,25,17,493.5,11.6,39,156.5,20,0,0
54,26,9,163.5,3.8,24.9,39.3,2,0,0
54,27,3,7.5,0.3,2.6,0.9,0.1,0,0
54,28,8,38,2,11.1,1,4.9,0,0
54,29,5,16,1.6,0.9,1.7,2.2,0,0
54,30,5,17,1.7,2.7,2.9,0.5,0,0
54,31,5,36.5,0.9,9,8,0,0,0
54,38,2,42,0,8,10,0,0,0
54,39,3,244,0,29,80,0,3,0
54,57,4,63,8,5,8.9,22,0,0
54,58,6,96,3.9,12.8,29.3,2.9,0,0
54,60,2,9,1.2,0.9,1.8,0.9,0.3,0
54,61,9,263.5,8.8,29,70.1,1,0,0
54,62,1,2,0.1,0.2,0.5,0,0,0
54,63,2,8,0.4,0.8,1.9,0.1,0,0
54,64,6,41,2.9,12,7.5,1.8,0,0
54,67,1,3,0.2,0.9,0.6,0.1,0,0
54,68,4,30.5,0.9,3.5,4.2,11.1,0,0
54,69,1,2,0.1,0.2,0.3,0.7,0,0
54,70,1,3,0.1,0.3,0.4,1.1,0,0
59,0,12,154.5,14,29.1,30.1,0.9,0,0
59,1,6,15,0.3,5.3,2.7,0,0.4,0
59,2,3,6,0.8,1.2,0.4,0,0,0
59,3,3,18,2.7,3.6,1,0,0,0
59,4,11,57,5.9,11.2,7.7,0,0,0
59,5,4,12,1.7,1.8,0.8,1,0,0
59,6,5,142,3.9,10.1,62,1,0,0
59,7,7,55,3.2,3.3,15.9,7.6,0,0
59,18,1,3,0,0.6,0.7,0,0,0
59,19,1,4,0,0.8,0.9,0,0,0
59,20,2,42,0,19.2,2.6,0,0,0
58,0,2,15,0.4,5.2,2.6,0,0.4,0
58,1,3,5,0,1.8,0.8,0,0.2,0
58,3,1,5,0.7,1,0.3,0,0,0
58,4,3,3,0.3,0.3,0.3,0.3,0,0
58,5,4,8,1,1,0.6,0.8,0,0
58,6,5,11,0.6,0.6,3.2,1.6,0,0
58,7,11,184.5,7.8,21.1,60.1,3,0,3
58,8,13,83,2.3,11.2,25.8,1.9,0,0
58,9,2,20,5,10,0,0,0,0
58,10,11,154,2,45.9,28.2,0.8,0,0
58,11,6,47,11,9.9,7.1,0,0,0
58,12,4,166.5,5,34.1,71,0,0,0
58,13,0,332,21,58,110,4,0,46
58,14,8,240.5,14.9,27,78,4.1,0,0
58,15,6,262,11.1,37.9,76,0,0,0
58,16,12,211,1.2,79.8,37.3,0.7,0,0
58,17,13,123.5,11,13.9,25,3.9,0,0
58,18,5,24,0,4.7,5.3,0,0,0
58,19,7,75,2.9,22.9,20.2,0,0,0
58,20,4,20,0,7.1,4.3,0,0,0
58,21,2,5,0,1.8,1,0,0,0
58,31,2,6,0,2.7,0.7,0.2,0,0
58,32,5,140,2,15,38,0,0,0
58,33,2,123,19.9,34,11.1,0,0,0
58,34,2,26,6,5,2,0,0,0
60,3,2,3.5,0.5,0.7,0.2,0,0,0
60,4,1,2,0.3,0.4,0.1,0,0,0
