x,y,ind2015,imp2015,ind2017,imp2017,ind2019,imp2019
0,54,1,1,1,1,1,1
0,55,3,1,3,1,5,2
0,59,3,1,2,1,3,2
0,64,4,1,5,1,7.5,2
0,72,22,2,19,2,19,2
0,83,12,3,11,3,11,3
0,84,12,3,13,3,12,2
0,85,27,4,28.5,4,26,4
0,111,27,2,28.5,2,33.5,2
0,112,63,2,60,2,57,2
0,113,34,3,33,3,35,3
0,117,8,1,8,1,5,1
1,16,4,1,4,1,4,1
1,18,2,1,2,1,2,1
1,21,37.5,2,37.5,3,39,2
1,40,21,2,20,2,21,2
1,41,28,4,26,4,25,4
1,50,3,2,3,2,3,2
1,55,3,2,3,2,3,2
1,59,8,2,7,2,6,2
1,64,6,2,6,2,4,2
1,71,11,3,10,3,9,3
1,72,41,3,38.5,3,36.5,3
1,73,22,2,25,2,23,2
1,74,16,2,11,2,16,2
1,75,2,1,2,1,2,1
1,84,2,1,2,1,2,1
1,85,4,1,4,1,4,1
1,86,6,1,6,1,6,1
1,100,1,1,1,1,1,1
1,111,105.5,3,94.5,3,97.5,3
1,112,9,1,7,1,8,1
1,117,195,0,188,0,191,0
1,118,11,2,3,1,7,2
2,17,5,2,5,2,10,2
2,20,6,1,5,1,6,1
2,21,5,2,7,2,6,2
2,22,5,1,6,1,5,1
2,23,15,2,17,2,18,2
2,24,37,3,36,3,42.5,3
2,25,5,1,6,1,5,1
2,40,4,1,2,1,2,1
2,41,40,4,42,4,41,4
2,42,12,3,12,3,15,3
2,43,43,4,43.5,4,41,4
2,44,18,2,18,2,16,2
2,45,9,2,12,1,10,1
2,50,32,3,36,3,33,3
2,51,4,2,3,2,1,1
2,52,2,1,2,1,2,1
2,54,8,2,8,2,4,2
2,64,2,1,2,1,2,1
2,71,2,1,2,1,2,1
2,73,66,3,61.5,3,55.5,4
2,74,50,2,52,2,46,2
2,75,7,1,7,1,9,2
2,110,19,2,19,2,15,2
2,111,46,3,47,4,47,4
2,116,14,2,16,2,12,2
2,117,238,1,239.5,1,219,1
2,118,98.5,2,96,2,99.5,2
3,16,106.5,2,106.5,2,110,2
3,17,13,2,17,2,19,2
3,19,3,1,2,1,2,1
3,24,22,2,20,2,22,2
3,25,132,1,152.5,1,134,1
3,26,2,1,2,1,3,1
3,39,6,2,6,2,8,2
3,40,5,2,5,2,17,2
3,41,0,0,0,0,3,1
3,43,4,1,3,1,7,2
3,44,11.5,2,11,2,11,2
3,45,8,3,8,3,8,3
3,46,3,1,2,1,3,1
3,49,2,1,2,1,2,1
3,50,167,0,170,0,175.5,0
3,51,68,4,76,3,74.5,3
3,52,95,0,84,0,80,0
3,64,9,1,5,1,6,1
3,65,10,1,10,1,9,1
3,66,6,1,4,1,4,1
3,75,7,2,6,2,7,2
3,97,3,2,7,2,7,2
3,98,5,1,5,1,5,1
3,111,18,1,18,1,18,2
3,115,2,1,2,1,2,1
3,116,12,3,10,3,9,2
3,117,75,2,82,2,79,2
3,118,22,2,23,2,21,2
4,16,1,1,1,1,0,0
4,19,7,2,9,2,9,2
4,25,6,1,5,1,4,1
4,26,26,2,29,2,32,2
4,27,21,3,22,3,19,3
4,28,4,1,4,1,4,1
4,44,6,1,6,1,5,1
4,45,4,1,7,2,7,2
4,46,15,3,14,3,15,3
4,47,4,1,4,1,4,1
4,50,104,2,90,2,82,2
4,51,156,2,166,2,154,2
4,52,79.5,2,88,2,79.5,2
4,60,2,1,2,1,2,1
4,64,31,3,32,3,26.5,3
4,65,12,2,16,2,15,2
4,66,5,1,5,1,4,1
4,91,1,1,1,1,1,1
4,92,32.5,2,36,2,43.5,1
4,93,60.5,2,69,2,61,2
4,94,19,2,23,2,27,2
4,95,14,2,13,2,7,1
4,96,10,3,9,3,7,2
4,97,80.5,4,79.5,4,79.5,4
4,98,45,4,40,4,41,4
4,99,41,0,41,0,39,0
4,108,4,1,3,1,3,1
4,117,17,1,14,1,14,1
5,38,15,1,15,1,13,1
5,39,23,3,24,3,24,3
5,40,4,1,4,1,0,0
5,44,0,0,0,0,2,1
5,45,10,2,10,2,13,2
5,46,16,2,20,2,22,2
5,47,3,1,3,1,3,1
5,50,1,1,1,1,1,1
5,51,82,2,76,2,81,2
5,52,7,2,4,2,7,2
5,58,4,1,4,1,2,1
5,85,15.5,1,17.5,1,21,1
5,86,28,2,25,3,34,3
5,87,27,3,19,3,15,3
5,92,10,1,8,1,6,1
5,93,23,0,16,1,18,1
5,94,26,2,29,2,20,2
5,95,40,1,38.5,1,38,1
5,96,40,2,33,2,35,2
5,97,13,2,12,2,12,2
5,107,6,1,6,1,6,1
6,4,5,1,5,1,5,1
6,5,5,1,4,1,3.5,1
6,8,10,1,11,1,7,1
6,9,73,0,70,0,67,0
6,15,14,2,17,2,16,2
6,16,21,1,22,1,16.5,1
6,17,10,1,8,1,7,1
6,37,13,3,14,3,14,2
6,38,19,3,23,3,22,3
6,39,8,1,7,1,6,1
6,44,3,1,2,1,0,0
6,51,29,2,25,2,27.5,2
6,52,34,3,26,3,32,3
6,57,2,1,3,1,3,1
6,58,2,1,3,1,3,1
6,59,15,2,12,2,13,2
6,60,12,2,15,2,14,2
6,63,4,1,4,1,3,1
6,66,1,1,1,1,1,1
6,67,70,1,67,1,64,1
6,68,75,3,85,3,91,2
6,69,47,3,48,3,48,2
6,70,17,2,13,1,14,1
6,84,14,2,15.5,2,18,2
6,85,29,3,35,3,29,3
6,113,0,0,4,1,0,0
7,1,1,1,1,1,1,1
7,4,0,0,0,0,2,1
7,5,62,1,54,2,46,2
7,8,8,1,7,1,7,1
7,9,78,1,77,1,77,1
7,12,4,1,2,1,0,0
7,13,40,1,40,1,36,2
7,14,34,3,24,3,28.5,3
7,15,67,0,64.5,0,64,1
7,16,8,2,8,2,8,2
7,52,18,3,21,3,16,3
7,53,12,2,17,2,15,1
7,54,1,1,3,1,1,1
7,55,4,1,4,1,4,1
7,63,11,2,7,2,6,2
7,64,23,3,30,3,26,3
7,65,36.5,4,46.5,4,44,4
7,66,67,1,65,1,66.5,1
7,67,61.5,3,66,2,61,3
7,68,127.5,1,141.5,1,125.5,1
7,69,36,2,37,2,26,3
7,70,24,1,19,1,21,1
7,82,2,1,2,1,2,1
7,83,43,2,38,3,35,3
7,112,22,1,22,1,22,1
7,113,66,4,69,4,76,4
7,114,4,1,2,1,3,1
8,4,2,1,2,1,2,1
8,5,6,2,4,2,4,1
8,9,1,1,1,1,1,1
8,10,22,2,26,2,31,2
8,12,10,2,8,2,6,1
8,13,96,2,97.5,2,101.5,2
8,14,17,2,20,2,22,2
8,37,6,1,0,0,0,0
8,47,2,1,2,1,0,0
8,48,2,1,2,1,3,1
8,51,2,1,2,1,2,1
8,53,6,2,5,2,13,2
8,55,5,1,5,1,5,1
8,56,1,1,1,1,1,1
8,63,8,2,9,2,10,2
8,65,13,2,8,2,7,2
8,68,1,1,1,1,0,0
8,111,49,1,52,1,56,1
8,112,64,4,68.5,4,63.5,3
8,113,97.5,1,88.5,2,86,2
8,114,21,2,21,2,21,2
9,0,2,1,0,0,1,1
9,9,172,2,174,2,164,2
9,10,190.5,1,187.5,1,191.5,1
9,11,16,1,17,1,18,1
9,43,12,4,11,4,11,4
9,47,13,3,6,1,5,2
9,48,21,3,27,3,17,3
9,51,17,3,13,3,16,3
9,55,4,1,4,1,3,1
9,56,24,2,25,2,22,2
9,61,5,1,5,1,5,1
9,62,4,2,3,2,3,2
9,63,9,1,7,1,3,1
9,64,1,1,2,1,4,1
9,65,33,3,29.5,3,31.5,3
9,66,4,1,5,1,6,1
9,77,5,2,6,2,6,2
9,78,45,4,49,4,60,4
9,100,37,2,39,2,35,1
9,101,40.5,2,41,2,40,2
9,102,18,2,19,2,17,2
9,110,27,3,27,3,25,3
9,111,68.5,2,73.5,2,66,2
9,112,48,1,47,1,45,1
9,119,43,2,45,2,42,2
9,120,57,1,58,1,61,0
9,121,44.5,0,44.5,0,46,0
10,0,38,4,43,4,42,4
10,1,12,2,15,2,16,2
10,3,4,1,4,1,4,1
10,8,12,1,12,1,11,1
10,9,50.5,2,43,2,43,2
10,10,34,0,38,0,32,0
10,24,23,4,23,4,24,4
10,25,2,1,2,1,2,2
10,42,4,1,4,1,4,1
10,43,19,4,16,4,14,4
10,45,6,1,7,1,7,1
10,46,3,1,3,1,4,1
10,47,11,2,12,3,9,3
10,48,13,1,14,1,15,1
10,50,18,3,18,3,17,3
10,51,14,3,12,3,13,3
10,52,8,1,8,1,7,1
10,56,7,2,6,2,4,2
10,62,4,1,6,2,4.5,1
10,63,17,2,9,2,18,2
10,64,7,1,7,1,3,1
10,65,20,2,19,2,14,2
10,66,4,1,2,1,2,1
10,78,26,2,36,2,34,2
10,99,23.5,3,27.5,3,27.5,3
10,100,93,1,92,1,87,1
10,101,122.5,1,125,1,128,1
10,102,10,1,10.5,1,10.5,1
10,111,3,1,5,1,6,1
10,120,136.5,2,140.5,2,127,2
10,121,42,3,59.5,2,66.5,2
11,0,119,2,117,2,110,2
11,1,8,2,9,2,9,2
11,2,2,1,2,1,2,1
11,24,7,2,5,2,8,2
11,25,47,3,44,3,35,4
11,42,6,2,6,2,4,2
11,43,3,1,2,1,5,1
11,46,0,0,4,1,0,0
11,47,0,0,2,1,2,1
11,51,7,3,8,2,8,2
11,52,34,0,30,0,26,0
11,53,22,3,22,3,22,3
11,57,21,1,23,1,15,1
11,58,6,1,5,1,5,1
11,65,9,1,6,1,9,1
11,68,15,2,15,2,21,2
11,69,23,3,26,3,22,3
11,100,76,2,71,4,70.5,2
11,101,98.5,2,90.5,2,85.5,2
11,102,5,1,3,1,1,1
11,103,1,1,2,1,1,1
11,120,63.5,3,61,3,69,3
11,121,144,1,139,1,133,1
12,0,6,1,5,1,122.5,0
12,1,94,3,100.5,2,111.5,2
12,2,199,0,190.5,0,192.5,0
12,3,22,2,21,2,22,2
12,24,4,1,4,1,4,1
12,25,50,2,50.5,3,49.5,3
12,26,1,1,1,1,1,1
12,50,13,2,13,2,12,2
12,51,0,0,0,0,1,1
12,52,9,2,7,2,7,2
12,53,27,1,34,1,37,1
12,54,10,2,10,2,8,2
12,58,3,1,3,1,3,1
12,66,18.5,2,23,2,16,2
12,67,74,4,67,4,72,3
12,68,18,2,17,2,15.5,2
12,117,2,1,2,1,2,1
12,124,9,1,10,1,10,1
13,0,33,3,29.5,3,36,4
13,1,540.5,1,525,1,430,1
13,2,45.5,1,45,1,40,1
13,3,221,1,204,1,213,1
13,4,67.5,3,68,3,71,3
13,24,7,2,6,1,7,1
13,25,30,4,31,4,28,4
13,26,16,4,17,4,24,4
13,27,1,1,0,0,0,0
13,42,0,0,2,1,2,1
13,52,8,2,8,2,9,2
13,53,19,4,17,4,10,4
13,54,7,3,8,3,14,3
13,60,6,1,6,1,5,1
13,61,11,3,8,3,11,3
13,64,8,1,5,1,5,1
13,65,1,1,1,1,1,1
13,66,37,3,31,3,43,3
13,67,41,4,44,4,48,4
13,106,6,2,4,2,0,0
13,107,103,1,94,1,86.5,1
13,117,65,4,61,4,68,3
13,118,9,1,9,1,4,1
13,124,84,3,83,3,82.5,3
13,125,65,4,71,4,63,4
14,0,730.5,0,707.5,0,617.5,0
14,1,58,2,60,2,65,2
14,2,5,1,5,1,0,0
14,3,149,2,135,2,127.5,2
14,4,0,0,1,1,0,0
14,24,2,1,2,1,2,1
14,25,1,1,1,1,1,1
14,26,4,1,4,1,7,2
14,27,1,1,0,0,1,1
14,41,4,1,3,1,7,1
14,42,21,3,21,3,15,3
14,47,1,1,0,0,8,1
14,48,6,1,4,1,5,1
14,53,9,1,8,1,8,1
14,59,12,3,14,3,14,3
14,60,19,3,16,3,14.5,4
14,61,8,1,7,1,6,1
14,64,1,1,4,1,4,1
14,105,3,1,3,1,3,1
14,106,113.5,2,111.5,2,120.5,1
14,107,84,3,94,3,94,3
14,117,7,2,8,2,8,2
14,124,1,1,1,1,1,1
14,125,23,2,21,2,17,1
14,126,2,1,2,1,2,1
15,0,163,1,154,1,142,1
15,1,53,1,58,1,58,1
15,2,22,2,19,2,23,2
15,13,2,1,2,1,2,1
15,40,2,1,2,1,0,0
15,41,7,2,8,2,9,2
15,48,9,2,6,2,5,1
15,59,6,2,8,2,5,2
15,60,0,0,0,0,1,1
15,73,8,1,8,1,8,1
15,84,5,2,5,2,7,1
15,106,20,2,20,2,19,2
15,107,75,1,64.5,0,67,1
15,127,110,2,115,2,114,2
16,38,1,1,1,1,1,1
16,48,5,2,4,2,4,2
16,57,2,1,2,1,2,1
16,70,27,1,29,1,25,1
16,71,41,1,36,2,41,1
16,72,23,3,22,3,17,3
16,73,37,3,40.5,3,48,3
16,74,4,2,3,2,3,2
16,81,11,1,11,1,10,1
16,82,10,1,10,1,10,1
16,83,2,1,2,1,2,1
16,84,83,3,74,3,73,3
16,85,2,1,0,0,0,0
16,127,16,2,16.5,2,15.5,2
17,17,1,1,1,1,1,1
17,68,3,1,3,1,5,1
17,69,60.5,4,60,3,60,4
17,70,118.5,2,110.5,2,99,2
17,71,67,1,69,1,79,1
17,72,3,1,3,1,3,1
17,73,4,1,4,1,4,1
17,81,10,1,10,1,12,1
17,82,27,3,24,3,25,3
17,83,114,2,110,2,97,2
17,84,40,4,40,2,44,2
17,85,23,2,25,2,24,2
17,117,2,1,2,1,2,1
17,127,19.5,1,22,1,12.5,1
18,3,2,1,2,1,2,1
18,5,6,1,6,1,7,2
18,16,4,1,4,1,0,0
18,17,32,2,29,2,34.5,2
18,34,39,1,39,1,35.5,2
18,35,54,2,56,2,52,2
18,39,2,1,2,1,3,1
18,68,8,1,12,1,8,1
18,69,6,1,5,1,3,1
18,70,55,2,51,2,53,2
18,99,17,2,18,2,19,2
18,100,9,1,7,1,4,1
18,102,6,1,0,0,0,0
18,103,8,1,6,1,4,1
18,121,7,2,7,2,7,2
18,122,10,2,9,2,11,2
18,123,64,4,58,4,54,4
18,124,22.5,2,23.5,2,23.5,2
18,127,5,1,5,1,5,1
19,3,2,1,2,1,3.5,1
19,4,78,1,77,1,81,1
19,5,1,1,1,1,0,0
19,8,2,1,2,1,1,1
19,34,39,2,38,2,33.5,3
19,35,17,2,17,2,17,2
19,36,11,1,6,1,17,2
19,51,14,2,13,2,12,2
19,55,12,1,11.5,1,10,1
19,70,2,1,2,1,2,1
19,71,29,3,41,3,34,3
19,84,1,1,3,1,1,1
19,99,2,1,2,1,2,1
19,100,5,1,3,1,3,1
19,113,36,1,36,1,33,1
19,114,45,2,50,3,48,3
19,115,4,1,2,1,0,0
19,118,4,1,4,1,4,1
19,121,3,1,2,1,1,1
19,122,32,4,33,4,35,4
19,123,118,1,112.5,1,110,1
19,124,60,4,59,4,56,4
20,3,2,1,2,1,3,1
20,4,4,1,4,1,4,1
20,34,5,2,4,1,0,0
20,45,0,0,0,0,2,1
20,50,16,3,17,3,21,3
20,51,12,2,13,2,16,3
20,55,9,3,9,3,10,3
20,70,0,0,2,1,2,1
20,71,30,4,34,4,32,4
20,113,117,3,121,3,113,3
20,114,203,0,206,0,231,0
20,115,39,2,56,3,65.5,2
20,116,6,1,6,1,4,1
20,122,22,2,21,2,23,2
20,123,5,1,4,1,4,1
21,6,0,0,0,0,1,1
21,10,5,1,5,1,3,1
21,15,0,0,2,1,0,0
21,16,3,1,3,1,3,1
21,24,7,2,7,2,6,2
21,25,6,1,7,1,11,1
21,42,7,1,7,1,7,1
21,43,25,2,28,2,33,3
21,44,33,4,32,4,31.5,4
21,45,22,3,26,3,24,2
21,46,6,1,6,1,0,0
21,49,7,2,7,2,8,2
21,50,8,2,11,2,9,2
21,53,4,1,4,1,4,1
21,54,11,4,9,4,9,4
21,55,20.5,3,19.5,3,20.5,3
21,56,3,1,3,1,5,1
21,70,9,2,9,2,9,2
21,71,55,4,58,4,57.5,4
21,72,83.5,1,77,2,60,2
21,73,1,1,1,1,1,1
21,91,85,2,81,2,87,2
21,102,43,2,49,2,45.5,2
21,113,2,1,2,1,2,1
21,114,104,2,110,1,114,1
21,115,126,2,129.5,2,137.5,2
22,10,3,1,3,1,3,1
22,23,7,1,6,2,8.5,2
22,24,36.5,2,39.5,2,36.5,3
22,25,115,2,113,2,98,2
22,26,11,3,14,3,10,3
22,43,3,2,3,2,1,1
22,44,3,2,3,2,3,2
22,45,2,1,1,1,1,1
22,53,23,3,13,3,10,3
22,54,12,2,14,2,15,2
22,55,9,2,9,2,8,2
22,56,3,1,3,1,0,0
22,58,5,1,6,1,4,1
22,71,35,1,33,1,32.5,1
22,72,90,3,87,3,100,3
22,73,8,2,6,2,7,2
22,74,4,1,4,1,4,1
22,83,2,1,1,1,1,1
22,91,115,2,126,2,107,2
22,92,159,1,147.5,1,141.5,1
22,94,0,0,0,0,6,1
22,95,62,2,54,2,42,2
22,102,44,2,48,1,48,2
22,103,123,1,122,1,114,0
22,104,21,2,23,2,23,2
22,114,21,2,24,2,24,2
22,115,117,2,122.5,2,111,2
23,17,2,1,2,1,2,1
23,18,1,1,1,1,1,1
23,42,19,4,23,4,19,3
23,43,29,1,23,2,25,3
23,44,7,2,8,2,6,2
23,45,31,4,31,4,33,4
23,46,19,3,17,3,14,3
23,72,23,3,22,3,22,3
23,73,19,2,18,2,27,2
23,74,4,1,4,1,3,1
23,82,28,2,29,2,25,2
23,83,43,3,41,3,37,4
23,90,2,1,2,1,0,0
23,91,193,1,189,1,189.5,1
23,92,167.5,1,174.5,1,165.5,0
23,93,79,1,80,1,70,2
23,94,80,3,74,3,83.5,3
23,95,153,1,160,1,147,0
23,102,21,2,20,2,20,2
23,103,88,3,100,3,108.5,2
23,104,55,2,62,2,68,2
23,109,48.5,1,45,1,45.5,1
23,110,13,1,10,1,9,1
23,114,5,1,3,1,1,1
23,115,44,4,47,4,43,4
23,116,15,2,17,2,15,2
23,117,28,3,23,2,21,2
24,12,0,0,0,0,2,1
24,13,2,1,2,1,0,0
24,45,36,3,33,3,35,3
24,46,21,2,17,2,19,3
24,47,1,1,1,1,1,1
24,64,4,1,6,2,2,1
24,65,1,1,0,0,0,0
24,73,2,1,2,1,2,1
24,75,5,1,5,1,2,1
24,78,12,1,9,1,8,1
24,81,2,1,2,1,2,1
24,82,78,3,81.5,3,82.5,3
24,83,11,2,9,2,9,2
24,90,18,1,19,1,19,1
24,91,82,2,78,2,67,2
24,92,93,1,95,1,112.5,0
24,93,113,2,108,2,95,3
24,94,80,3,71,3,58,3
24,95,37.5,1,33.5,1,35.5,2
24,96,2,1,2,1,0,0
24,102,4,1,4,1,3,1
24,103,75,3,81.5,3,76.5,3
24,109,26,2,25,2,26,2
24,110,89,1,83,1,78,1
24,115,11,2,10,2,10,2
25,5,2,1,2,1,2,1
25,6,100,2,105,2,87,3
25,7,1,1,4,1,4,1
25,11,5,1,3,1,3,1
25,39,0,0,0,0,5,1
25,40,2,1,2,1,1,1
25,45,21,3,16,3,10,2
25,63,2,1,2,1,2,1
25,64,31,4,32,3,34,3
25,65,23,2,24,2,28,2
25,73,3,1,3,1,4,1
25,74,55,3,46,3,46.5,4
25,75,16.5,2,15.5,2,10.5,1
25,77,47,3,44,3,49,3
25,78,52,2,46,2,43,3
25,79,2,1,2,1,2,1
25,82,0,0,0,0,2,1
25,85,9,1,8,1,4,1
25,96,1,1,2,1,2,1
25,103,9,1,9,1,11,1
25,104,9,1,8,1,8,1
25,109,1,1,1,1,1,1
25,110,104,2,109,1,104,2
25,111,15,2,16,2,23,2
25,115,2,1,5,1,0,0
26,5,19,1,17,1,19,1
26,6,5,1,3,1,3,1
26,29,4,2,5,2,2,1
26,39,15,3,14,3,7,2
26,44,8,3,10,4,7,3
26,50,3,1,3,1,3,1
26,52,0,0,0,0,2,1
26,53,0,0,0,0,7,1
26,65,1,1,1,1,1,1
26,73,28,3,29,3,25,3
26,74,19,2,19,2,17,2
26,75,9,1,8,1,8,1
26,76,69,1,73.5,1,75.5,1
26,77,49,3,48,3,46,3
26,78,3,1,3,1,3,1
26,84,7,1,7,1,7,1
26,85,75,3,73,3,77.5,3
26,86,51.5,2,51,2,50.5,2
26,110,171.5,2,183,2,173.5,2
26,111,127,0,128.5,0,134.5,0
26,118,3,1,3,1,2,1
27,29,28,3,36,3,40,3
27,30,24.5,2,23.5,2,26,2
27,39,2,1,2,1,2,1
27,43,0,0,0,0,3,1
27,52,17.5,2,17,2,34,3
27,53,17,3,19,3,0,0
27,67,3,1,3,1,3,1
27,72,5,2,3,2,3,2
27,73,10,3,10,3,10,3
27,74,62,4,66,4,76,3
27,75,46,3,43,3,43,3
27,76,25.5,3,26,3,26,3
27,83,3,1,2,1,1,1
27,84,76.5,2,69.5,2,80,2
27,85,48,2,49,3,43,2
27,86,22,2,23,2,23,2
27,110,67,1,65,1,59,1
27,116,0,0,1,1,1,1
27,117,9,1,8,1,9,1
27,118,24,3,24,3,23.5,3
28,1,3,1,3,1,3,1
28,30,18,3,14,3,12,3
28,31,10,1,11,1,11,1
28,41,1,1,1,1,0,0
28,43,1,1,1,1,1,1
28,44,3,1,3,1,3,1
28,53,13,2,13,2,4,1
28,54,1,1,1,1,0,0
28,71,35,3,34.5,3,30.5,3
28,72,44,3,46,3,45,3
28,73,46,3,41,3,36,2
28,74,84,3,81.5,3,65.5,3
28,75,6,2,8,2,8,2
28,84,2,1,2,1,2,1
28,104,3,1,3,1,3,1
28,109,23,2,22,2,27,2
28,110,3,1,3,1,3,1
28,115,91,3,90,3,92,3
28,116,103,2,96,2,80,2
28,117,47,1,43,1,66,2
28,118,115.5,2,113.5,3,196,2
29,1,19,3,13,3,10,2
29,2,47,1,50,1,55,2
29,3,2,1,2,1,2,1
29,14,30,2,26,2,24,2
29,31,4,2,4,2,4,2
29,36,4,1,4,1,4,1
29,37,8,3,7,2,10,2
29,43,10,2,9,1,9,2
29,44,9,2,10,2,8,2
29,53,0,0,0,0,7,1
29,54,5,1,4,1,0,0
29,72,7,1,6,1,6,1
29,73,75,4,75,4,78,3
29,74,44,3,37,3,34.5,3
29,75,4,1,4,1,1,1
29,104,102.5,2,98,2,99.5,2
29,105,24,2,31.5,2,33,2
29,106,6,2,6,2,8,2
29,114,75.5,2,74,2,85,0
29,115,256,1,282.5,1,401,0
29,116,38.5,4,33.5,4,34.5,4
29,117,241,1,264.5,1,274,1
29,118,195.5,2,206.5,2,206.5,2
30,0,4,2,8.5,2,4,2
30,1,19,2,19,3,20,3
30,2,30,3,28,3,27,3
30,14,45,3,44,3,36,3
30,34,3,1,5,1,0,0
30,35,21,3,21,3,22.5,3
30,36,33.5,3,35.5,3,30.5,3
30,43,8,2,8,2,8,2
30,53,4,2,4,2,5,2
30,54,2,1,2,1,0,0
30,56,1,1,1,1,0,0
30,72,18,2,20,2,19,2
30,73,51,3,50,3,37,3
30,74,14,1,16,1,17,1
30,75,22,2,17,2,18,2
30,76,19,3,21,3,16.5,3
30,77,1,1,6,2,0,0
30,80,1,1,2,1,3,1
30,81,3,1,4,1,1,1
30,104,31,2,29,2,29,2
30,105,13,1,13,1,10,1
30,106,39,2,41.5,2,39,2
30,107,222,0,207,0,197,0
30,108,47,1,51,1,61,1
30,109,22,4,20,4,62,3
30,115,292.5,0,278,0,280,0
30,116,87.5,3,89.5,3,71.5,3
30,117,240.5,0,233.5,0,238,0
30,118,146.5,0,157.5,0,155.5,1
30,119,4,1,3,1,0,0
30,120,0,0,0,0,2,1
30,122,2,1,2,1,2,1
31,14,7,1,7,1,7,1
31,25,37,4,36,4,33,4
31,34,3,1,2,1,2,1
31,35,8,3,8,3,9,3
31,36,42,3,42,3,42,3
31,53,26,2,34,3,29,3
31,54,1,1,2,1,1,1
31,56,0,0,0,0,1,1
31,72,4,1,4,1,3,1
31,75,3,1,1,1,1,1
31,76,35.5,3,39.5,3,44,3
31,77,4,1,4,1,5,1
31,80,15,2,14,2,16,2
31,81,38,3,29,3,27,3
31,99,2,1,2,1,1,1
31,100,27,0,28,0,28,0
31,101,104,2,134.5,2,157.5,2
31,106,12,2,10,2,7,2
31,107,479,1,437,1,426.5,1
31,108,243,1,239,1,234.5,1
31,109,215.5,0,225.5,0,220,0
31,110,18,2,19,1,18,2
31,114,0,0,7,1,14,1
31,115,218.5,1,282.5,0,316.5,0
31,116,244,0,278,0,330.5,0
31,117,263,0,247,0,245.5,0
31,118,230.5,0,250.5,0,260.5,0
31,119,18,2,15,2,10,2
31,120,50,1,48,1,44,2
31,121,39,0,36,0,33,0
31,122,492.5,0,465.5,0,466.5,0
31,123,332,1,354,1,327.5,3
31,125,10,1,6,1,9,1
32,8,2,1,2,1,2,1
32,11,1,1,4,1,1,1
32,12,23,3,16,3,18,3
32,13,93,2,91,2,79,2
32,14,38,3,29,2,39,2
32,15,0,0,3,1,3,1
32,35,8,2,12,2,8,1
32,36,31,2,24,2,27,2
32,54,11,2,10,2,9,2
32,74,2,1,2,1,3,1
32,75,36,3,35,3,32.5,3
32,77,1,1,1,1,2,1
32,78,10.5,2,13,2,13,2
32,79,0,0,0,0,1,1
32,80,38,1,39,1,39,2
32,81,10,2,14,2,13,2
32,83,9,2,9,2,10,2
32,84,73.5,2,75.5,2,68,2
32,85,63.5,4,69,4,75,3
32,86,9,1,15,1,13,1
32,92,4,1,4,1,4,1
32,93,1,1,1,1,0,0
32,97,51.5,1,57,1,58,1
32,98,110,2,109,2,103,2
32,99,44,4,54.5,3,52,3
32,100,122,2,115,2,114,2
32,101,80.5,3,74,3,82,3
32,107,5,1,5,1,9,1
32,108,36,0,39,0,38,0
32,109,22,2,23,2,23,2
32,110,98,3,99,2,103,2
32,111,117,0,122,0,117,0
32,112,159,2,158,3,155.5,3
32,113,107.5,1,100,1,99.5,1
32,114,104.5,1,163.5,0,203,1
32,115,159.5,2,233.5,1,301,1
32,116,2,1,5,2,6,2
32,117,265.5,1,245.5,1,250.5,1
32,118,228.5,0,238,0,248.5,0
32,119,234.5,1,237,1,232,1
32,120,573.5,0,561,0,546.5,0
32,121,633,0,620.5,0,599.5,0
32,122,480,1,434,1,521.5,0
32,123,1069,1,1025.5,1,1325.5,1
32,124,3,2,3,2,3,2
32,126,1,1,0,0,0,0
32,127,6,1,5,1,4,1
33,5,3,1,3,1,3,1
33,6,2,1,3,1,3,1
33,13,11,2,11,2,12,2
33,30,4,1,4,1,0,0
33,31,20,3,29,3,24,2
33,36,1,1,0,0,3,1
33,52,3,1,3,1,4,1
33,53,6,2,9,2,8,2
33,54,11,2,11,2,13,2
33,74,4,2,3,2,3,2
33,76,1,1,1,1,1,1
33,77,54,2,48,2,49.5,2
33,78,48,3,47,3,47,3
33,80,3,1,3,1,4,1
33,82,5,1,4,1,2,1
33,83,58,2,58,2,50,2
33,84,55,3,59,3,59,3
33,85,14,2,12,2,8,2
33,86,33,3,27.5,3,26.5,2
33,87,7,1,7,1,6,1
33,91,39,2,29.5,2,32,2
33,92,35,4,40.5,4,44.5,4
33,93,23,1,18,1,21,1
33,97,47,2,44,1,46,0
33,98,49,1,47.5,1,51,1
33,99,45,3,52,3,65.5,3
33,100,13,2,19,2,18,2
33,102,16,1,18,1,0,0
33,103,0,0,0,0,18,1
33,104,3,1,2,1,3,2
33,110,5,1,9,1,10,1
33,111,72,3,78,3,82,3
33,112,150.5,2,166,2,150,2
33,113,363.5,0,351,0,339,0
33,114,83,0,83.5,1,76,0
33,115,172.5,1,184,1,174,1
33,116,188,1,277.5,1,267.5,1
33,117,387.5,2,245.5,2,265.5,2
33,118,671,0,636,0,634,0
33,119,313,0,316.5,0,302,0
33,120,301,0,277.5,0,296.5,0
33,121,332,1,396,1,393.5,0
33,122,1276.5,0,900.5,0,754,0
33,123,1651,0,1642,0,1721,0
33,124,107,0,100,0,15,1
33,127,10,2,8,2,5,2
34,23,1,1,1,1,2,1
34,30,1,1,1,1,1,1
34,31,3,1,3,1,2,1
34,54,14,2,14,2,15,2
34,74,16,2,15,2,20,2
34,75,22,3,20,3,11,2
34,78,29,3,28,3,28,3
34,81,4,2,4,2,3,2
34,82,4,1,7,1,7,1
34,83,31,2,32.5,2,39,2
34,84,6,2,6,2,6,2
34,86,6,2,6,2,5,2
34,87,57,4,52.5,4,49.5,4
34,88,40,2,34,2,31,2
34,91,33,2,32,2,26,3
34,92,6,2,4,2,5.5,2
34,93,21,1,21,1,21,2
34,98,3,1,3,1,3,1
34,99,8,1,8,1,7,1
34,100,99.5,2,98.5,2,106.5,3
34,107,87,2,87,2,73.5,2
34,108,26,1,23,1,26,1
34,109,0,0,1,1,1,1
34,110,19,2,19,2,16.5,2
34,111,22,2,19,2,27,1
34,112,69,2,66,3,58,4
34,113,71,1,60,1,59,1
34,114,26,2,37,3,29.5,3
34,115,310.5,0,288.5,0,280,0
34,116,438.5,0,440.5,0,436,0
34,117,264.5,1,324.5,1,341.5,1
34,118,828,0,936,0,941.5,0
34,119,390,0,356,0,430.5,0
34,120,419.5,0,421.5,0,425,0
34,121,392.5,0,394.5,0,431,0
34,122,1109,0,1083.5,0,1153.5,0
34,123,1013,0,917,0,901.5,1
34,124,923.5,0,894,0,851.5,0
34,125,66,2,49,2,52,2
34,126,3,1,2,1,2,1
34,127,7,1,6,1,5,1
35,23,19,2,22,2,15,2
35,58,2,1,1,1,1,1
35,74,4,2,3,2,3,2
35,83,7,1,8,1,9,1
35,87,21,2,18,2,19,2
35,88,38,3,51,3,47,3
35,100,9,1,7,1,7,1
35,107,133,2,131,2,141,2
35,108,123,1,129,1,121.5,1
35,110,4,1,4,1,2,1
35,112,97,2,115,2,108,2
35,113,25,3,38.5,2,41.5,1
35,114,403.5,2,380.5,2,378.5,2
35,115,560.5,1,544,1,563,1
35,116,218,0,234.5,0,225.5,0
35,117,197,1,192.5,1,175.5,1
35,118,723.5,0,692.5,0,738.5,0
35,119,572.5,0,580.5,0,580.5,0
35,120,652,0,653.5,0,639,0
35,121,503.5,0,504.5,0,501,0
35,122,706,0,679.5,0,675,0
35,123,770,0,786.5,0,784.5,0
35,124,533,0,562.5,0,565,0
35,125,140,1,145.5,1,144.5,1
35,126,19,1,16,1,13,1
35,127,250,1,253,1,232,1
36,17,5,1,5,1,5,1
36,74,9,2,14,2,13,2
36,75,10,1,10,1,4,1
36,76,3,1,3,1,3,1
36,77,2,1,2,1,1,1
36,87,2,1,0,0,1,1
36,88,5,1,7,1,9,1
36,107,25,2,44,1,46,2
36,108,185.5,1,263,0,315.5,0
36,109,131.5,0,122.5,0,134.5,0
36,110,59,1,57,1,61.5,1
36,112,498.5,1,488,1,502.5,1
36,113,368,0,384.5,0,408,0
36,114,387,0,396,0,388.5,0
36,115,430,2,391,1,409.5,1
36,116,155,2,173.5,2,169,1
36,117,284,1,266,1,272,1
36,118,718,0,680,0,713,0
36,119,869,0,832.5,0,868.5,0
36,120,819.5,0,814.5,0,806.5,0
36,121,976,0,946.5,0,927,0
36,122,1234.5,0,1155,0,1164,0
36,123,482,1,454,1,474.5,1
36,124,708.5,0,726.5,0,688.5,0
36,125,166.5,1,159,1,149.5,1
36,126,201,2,198.5,2,191,2
36,127,148,1,164,2,147,1
37,14,6,1,6,1,6,1
37,18,2,1,2,1,2,1
37,41,3,1,3,1,3,1
37,42,8,3,8,2,9,2
37,52,2,1,2,1,2,1
37,55,2,2,2,2,2,2
37,56,2,1,2,1,2,1
37,75,31,4,28,4,24.5,4
37,88,41,1,36,1,43,1
37,89,33,3,36,3,33,2
37,101,22,3,24,3,22,3
37,108,110.5,2,112,2,116,2
37,109,401.5,0,395,0,391.5,0
37,110,136.5,0,138,1,146.5,1
37,111,3,1,0,0,0,0
37,112,3,2,6,2,13,3
37,113,316,0,302.5,0,303.5,0
37,114,549,0,529.5,0,513.5,1
37,115,339,0,316,0,300.5,0
37,116,1324.5,0,1315.5,0,1254,0
37,117,293.5,1,300.5,1,345,1
37,118,1318,0,1263,0,1239.5,0
37,119,1045,0,1093,0,1057,0
37,120,852.5,0,861.5,0,819,0
37,121,438.5,0,464.5,0,460.5,0
37,122,648,0,657,0,607.5,0
37,123,173.5,2,187,2,190,2
37,124,214.5,1,203.5,1,209.5,1
37,125,303,0,302.5,0,308,0
37,126,261,0,244,0,241,0
38,29,5,1,5,1,5,1
38,30,11,2,11,2,11,1
38,42,42.5,2,39,2,42,2
38,43,6,1,8,1,4,1
38,75,3,1,3,1,2,1
38,76,19,1,16,1,13,1
38,88,14,2,14,2,16,2
38,89,105,2,96,2,92,2
38,90,3,1,5,1,6,1
38,101,48,1,52,1,44.5,1
38,102,27,3,25,3,26,3
38,103,1,1,1,1,2,1
38,108,42,1,94.5,0,117.5,0
38,109,362,0,395.5,0,400.5,0
38,110,206.5,1,302,1,334,1
38,111,14,2,26,1,38,0
38,113,37.5,2,32,2,37,1
38,114,341,1,321.5,0,306.5,0
38,115,1258,0,1276.5,0,1200.5,0
38,116,855,0,840,0,508,1
38,117,724.5,1,732.5,1,702.5,1
38,118,1215,0,1238.5,0,1285.5,0
38,119,389,0,374.5,0,364,0
38,120,1110.5,0,1040,0,991.5,0
38,121,564,0,582,0,560,0
38,122,1075.5,0,1204.5,0,1169.5,0
38,123,400,0,391,0,403.5,0
38,124,585,1,549,1,563,1
38,125,145.5,1,143.5,1,147,1
38,126,102,1,103,1,106,1
39,15,0,0,1,1,1,1
39,29,7,1,6,1,6,1
39,30,77,2,80,2,77,2
39,31,8,2,6,2,4,2
39,39,0,0,1,1,1,1
39,40,45.5,4,40.5,4,38.5,4
39,41,4,1,4,1,4,1
39,42,56,4,49,4,51,4
39,43,9,2,3.5,1,5.5,2
39,44,2,1,2,1,2,1
39,50,2,1,2,1,2,1
39,51,11,2,8,2,6,2
39,52,5,1,6,2,7.5,2
39,59,5,1,0,0,0,0
39,76,3,1,3,1,2,1
39,87,4,1,5,1,4,1
39,91,30,1,26,1,38,1
39,92,8,1,3,1,8,1
39,93,11,1,15,1,14,1
39,94,55,3,58,3,61.5,3
39,96,28,1,27,1,25,1
39,97,103,2,96,2,114.5,3
39,98,2,1,4,1,4,1
39,100,11,1,11,1,8,1
39,101,149,1,151.5,1,151,1
39,102,135,2,125,2,133.5,2
39,103,44,2,58.5,0,67,0
39,104,9,1,12,1,9,1
39,108,1,1,0,0,0,0
39,109,157,0,152,1,150.5,1
39,110,130,1,145,1,143.5,1
39,111,19,1,0,0,5,1
39,112,8,1,9,2,19,3
39,113,766.5,0,703.5,1,671.5,1
39,114,335,2,347,1,313.5,1
39,115,871,1,802.5,0,793,0
39,116,984.5,0,953,0,1270,0
39,117,275,2,279,2,210,2
39,118,826,0,842.5,0,819,0
39,119,1096,0,1090.5,0,1069,0
39,120,621.5,0,615.5,0,585.5,0
39,121,891,0,899,0,889,0
39,122,1195.5,0,1185.5,0,1209,0
39,123,500.5,0,544,0,507.5,0
39,124,353,1,360,1,338,1
39,125,142,1,141.5,2,163.5,1
39,126,189.5,0,168.5,0,198.5,0
39,127,8.5,2,6,2,8,2
40,9,37,4,34,4,28,3
40,10,3,1,4,1,8,1
40,20,2,1,2,1,2,1
40,28,2,1,2,1,2,1
40,29,27,3,32.5,3,28,3
40,30,62,2,49,2,52,2
40,31,34,4,27,4,22,4
40,32,5,1,5,1,4,1
40,40,1,1,1,1,1,1
40,41,19,3,19,3,19,3
40,42,28,2,22,2,21,2
40,52,4,1,5,1,0,0
40,53,0,0,0,0,4,1
40,58,4,1,4,1,4,1
40,59,4,1,2,1,2,1
40,60,33.5,3,34.5,3,35.5,3
40,76,3,1,3,1,2,1
40,77,17.5,2,20.5,2,10.5,2
40,78,17,2,20,2,26,2
40,80,21,3,19,3,26.5,3
40,81,18,3,20,3,17,3
40,82,14,1,14,1,15,1
40,85,2,1,2,1,2,1
40,91,58.5,2,59,2,53,2
40,92,60,3,52,3,54,3
40,93,6,1,6,1,6,1
40,94,0,0,6,1,0,0
40,96,64.5,1,55.5,1,58,1
40,97,21.5,2,24,2,12,2
40,100,90,1,82,1,79.5,1
40,101,29,2,37,2,34,2
40,102,89.5,2,88,2,85,2
40,103,117.5,2,108,2,110,2
40,104,26,0,26,0,26,0
40,107,4,1,4,1,4,1
40,109,141,2,133,2,136.5,2
40,110,46,1,46,1,36,1
40,111,375.5,1,401,2,378.5,1
40,112,924.5,0,897.5,0,944,0
40,113,741,0,730,0,690.5,0
40,114,539,0,533,0,502.5,0
40,115,471.5,0,486,1,491,0
40,116,573.5,0,559.5,0,561.5,0
40,117,1136.5,1,1073,0,1161,1
40,118,1292,0,1245,0,1237.5,0
40,119,846,0,827.5,0,823,0
40,120,801,0,764.5,0,723,0
40,121,515,0,559,0,521.5,0
40,122,767,0,812.5,0,739.5,0
40,123,322.5,1,330.5,1,324.5,1
40,124,194.5,1,182,2,172,2
40,125,203.5,1,208.5,1,196,1
40,126,9,2,7,2,10,2
41,28,1,1,1,1,0,0
41,29,34,3,33,3,29,2
41,30,13,1,13,1,15,1
41,31,12,3,14,3,12,3
41,42,1,1,1,1,2,1
41,57,26,3,28,3,24,3
41,58,13,2,16,2,15,2
41,60,43,4,40,4,41.5,4
41,66,8,1,6,1,5,1
41,77,2,1,2,1,0,0
41,78,17,2,12,2,13,2
41,92,23,3,27,3,24,3
41,95,51,3,61,3,67,2
41,96,97,1,99.5,1,101,1
41,102,107,3,116,3,117,3
41,103,11,1,15,1,11.5,1
41,106,22,2,24,2,27,2
41,107,247,1,229.5,2,249,0
41,108,112,2,114,2,114.5,2
41,109,95,2,109,2,103,2
41,110,165,2,160,2,174,2
41,111,1852.5,0,1791.5,0,1767,0
41,112,1176,0,1202,0,1153,0
41,113,358,1,343,1,338,1
41,114,411.5,0,404.5,0,423,0
41,115,371,0,409.5,0,406.5,0
41,116,853,0,855.5,0,796,0
41,117,1038,1,963.5,1,698.5,1
41,118,1076.5,0,1013,0,984.5,0
41,119,389.5,2,366,1,380,1
41,120,915,0,899.5,0,769.5,0
41,121,1129,0,1111.5,0,1104.5,0
41,122,69,0,50.5,2,47.5,2
41,123,28,2,24,2,23.5,2
41,124,29,1,30,0,32,0
41,125,7,1,7,1,7,1
42,23,11,1,10,1,10,1
42,24,13,2,12,1,14.5,2
42,25,11,2,11,2,11,2
42,52,15,4,9,2,12,3
42,56,4,1,4,1,4,1
42,57,3,2,2,1,3,2
42,60,33,3,35,3,44,3
42,61,30,3,33.5,3,33.5,3
42,66,7,3,6,3,5,3
42,79,15,2,17,2,24,2
42,80,25,2,24,2,30,2
42,95,39,2,45.5,1,54,1
42,96,152,1,166,1,164.5,1
42,97,8,1,8,1,9,1
42,103,2,1,2,1,2,1
42,106,76,2,81,2,102,2
42,107,167,2,178,2,171,2
42,108,130.5,1,124,1,127,1
42,109,263,0,244,0,290,0
42,110,589,0,592.5,0,552,0
42,111,370,0,352,0,340.5,0
42,112,57,2,111,1,110,1
42,113,493.5,0,467.5,0,446,0
42,114,455.5,0,419.5,0,412,0
42,115,463.5,0,463.5,0,444,0
42,116,260,0,227,0,212,1
42,117,278.5,2,210,2,166,2
42,118,300,0,266.5,1,311.5,0
42,119,767,1,788.5,1,749.5,1
42,120,865,0,815.5,0,925.5,0
42,121,701,0,704,0,683.5,0
42,122,281.5,1,288,1,281.5,1
42,123,36,4,38,4,35,4
42,124,4,1,4,1,1,1
42,126,15,1,17,1,15,1
42,127,69,2,72,2,71,1
43,7,2,1,2,1,2,1
43,17,7,1,7,1,7,1
43,23,29,1,27,1,24,0
43,24,86,3,80.5,2,76,2
43,56,7,2,6,2,7,2
43,58,12.5,2,7,2,10,2
43,59,17,1,13,1,15,1
43,79,24.5,2,25,2,22,2
43,80,55,4,56,4,51,4
43,81,26,2,23,2,19,2
43,82,5,1,5,1,2,1
43,85,4,1,2,1,2,1
43,96,13,1,13,1,10,1
43,97,14,2,15,2,20,2
43,103,70,1,83.5,1,91.5,1
43,104,56,0,54,0,54,0
43,105,20,2,26,1,27,2
43,106,94,1,101,1,107.5,1
43,107,237,0,221.5,0,219,0
43,108,174,1,183.5,1,171.5,2
43,109,56,2,46,2,44.5,2
43,110,62,3,60,3,55,3
43,111,469,0,483,0,501,0
43,112,106,1,115.5,1,113.5,1
43,113,589,0,592,0,486,0
43,114,381.5,1,397,1,486,1
43,115,258.5,2,270,2,253,2
43,116,188,2,208.5,2,205.5,1
43,117,958.5,0,973.5,0,989,0
43,118,757,0,737,0,786.5,0
43,119,567,0,530.5,0,553,0
43,120,761.5,0,779,0,761.5,0
43,121,1119,0,1294,0,1358,0
43,122,396,1,395,1,351,1
43,123,162.5,1,185,1,168,1
43,125,120,0,117.5,1,116.5,0
43,126,102.5,2,107.5,2,106.5,2
43,127,290,0,262,0,270.5,0
44,7,18.5,3,19.5,3,20.5,3
44,8,2,1,1,1,1,1
44,16,13,2,13,2,17,2
44,17,18,2,19,2,16,2
44,24,18,2,18,2,16,2
44,42,31,3,28,3,27,3
44,43,6.5,2,6.5,2,8,2
44,53,1,1,1,1,0,0
44,55,10,1,10,1,9,1
44,56,24,2,23,2,25,2
44,70,5,1,5,1,4,1
44,81,25,1,26,1,26,1
44,82,4,2,4,2,8,2
44,91,26,2,23,2,31,2
44,101,50,1,50,1,56,0
44,102,145,1,153.5,2,191,2
44,103,207.5,1,234,1,340.5,0
44,104,104,3,95,3,115.5,2
44,105,14,2,13,2,12,2
44,106,82,1,150,0,213,0
44,107,190,2,201.5,1,213,1
44,108,165.5,2,165,2,173,2
44,109,127,2,130,3,131.5,3
44,110,350.5,2,333,2,329,2
44,111,372.5,0,372,0,399.5,0
44,112,117.5,2,108,2,116.5,2
44,113,388.5,0,371.5,0,355.5,0
44,114,308.5,0,296,0,301.5,0
44,115,293,0,282.5,0,274.5,0
44,116,312,0,305.5,0,316,0
44,117,630.5,0,615.5,0,591,0
44,118,226,0,219.5,0,202,0
44,119,120,0,100,2,103,2
44,120,971.5,0,941,0,911.5,0
44,121,504.5,1,479,1,409.5,1
44,122,184.5,2,166,2,161.5,2
44,123,50.5,1,52,2,39,2
44,124,292,0,324,0,321.5,0
44,125,233,0,213.5,0,206,0
44,126,246.5,0,226,0,215.5,0
44,127,116.5,1,105,1,108.5,1
45,7,33.5,1,26.5,1,22.5,2
45,8,23,2,25,2,21,2
45,16,4,1,4,1,4,1
45,17,4,1,4,1,4,1
45,40,20,1,28,1,28.5,1
45,41,22,4,28,4,27,4
45,42,98.5,2,95,2,86.5,2
45,50,16,2,14,2,10,2
45,51,4,1,8,1,8,1
45,52,42,4,46,3,45,3
45,53,9,2,12,3,11,3
45,54,28,3,30,3,24,2
45,55,20,3,20,3,20,3
45,56,35,4,33,4,30,4
45,57,0,0,0,0,3,1
45,86,4,2,4,2,4,2
45,87,5,1,0,0,0,0
45,89,10,2,10,2,17,2
45,91,3,1,3,1,2,2
45,100,23.5,1,32.5,1,25.5,2
45,101,153,0,154,0,161.5,0
45,102,174,0,177.5,0,176.5,0
45,103,61.5,2,59.5,2,63.5,2
45,104,31,1,32,1,33,1
45,105,41,3,41,3,40,3
45,106,47,4,53,4,42,4
45,107,127,3,130.5,3,126,3
45,108,82,1,92,1,84,1
45,109,0,0,0,0,3,1
45,110,6,2,4,2,6,2
45,111,216.5,0,217,0,222.5,0
45,112,118,1,114.5,1,107,1
45,113,159.5,1,186.5,1,197.5,0
45,114,286.5,0,266.5,0,274.5,0
45,115,321.5,0,325,0,317.5,0
45,116,238,0,246,0,245.5,0
45,117,383.5,0,382,0,351,0
45,118,355,0,360,0,372,0
45,119,42,3,46,3,43,3
45,120,148.5,2,151,2,137.5,2
45,122,1,1,1,1,1,1
45,123,54.5,1,60,2,53.5,2
45,124,389.5,0,382,0,379.5,0
45,125,494.5,0,483,0,526.5,0
45,126,236,1,229,0,248.5,1
45,127,158,2,144,2,138,2
46,41,4,1,4,1,5,2
46,42,6,2,6,2,5,1
46,50,67,2,65,2,69,2
46,51,45,4,50,3,49,3
46,52,244,0,212.5,0,198.5,0
46,56,44,4,47,4,46,4
46,57,24,2,23,2,18,2
46,84,10,2,10,2,10,2
46,86,11,2,12,2,12,2
46,87,56,3,56,3,62.5,2
46,88,77,1,82,1,78,1
46,89,115,2,122,2,99.5,2
46,94,11.5,1,12.5,1,12.5,1
46,95,52,1,51,1,52,1
46,96,72,0,69,0,61,1
46,97,2,1,3,1,2,1
46,99,5,1,5,1,5,1
46,100,42,1,48,1,39.5,1
46,101,168.5,1,166,1,170,1
46,102,90,1,96,1,92,1
46,109,4,1,4,1,4,1
46,111,3,1,1,1,0,0
46,112,7,2,8,2,6,2
46,113,1,1,2,1,2,1
46,115,74,0,76.5,0,70,0
46,116,92,0,95,0,92.5,0
46,117,78.5,1,80.5,1,76,1
46,118,10,2,17,2,15,2
46,119,225,1,216,1,216,1
46,120,356,0,329,0,330,0
46,121,26,2,27,2,27,2
46,123,57.5,1,96.5,1,105,1
46,124,409,0,388.5,0,458,0
46,125,1400,1,1275.5,0,1197,0
46,126,191,1,162,1,167.5,1
47,35,1,1,1,1,1,1
47,42,2,1,1,1,5,1
47,51,7,1,5,1,7.5,1
47,52,175.5,1,155,2,157.5,2
47,53,9,1,8,1,6.5,1
47,54,1,1,1,1,3,1
47,55,17,1,16,1,18,1
47,56,35.5,3,33,3,27.5,3
47,82,60,2,59,2,58,2
47,87,23,2,19,2,16,2
47,88,106,0,106,0,109,0
47,89,24,2,21,2,17,2
47,94,104,1,102,1,105,1
47,95,145,1,131,1,131.5,1
47,96,88,0,91,1,81,1
47,97,3,1,6,1,4,1
47,101,55,2,55,2,59,2
47,102,3,1,3,1,2,1
47,108,5,2,7,2,0,0
47,113,3,1,2,1,2,1
47,118,144.5,1,148,1,150,1
47,119,318.5,0,341,0,353.5,0
47,120,213,0,251.5,0,255,0
47,121,5,1,5,1,5,1
47,124,10,3,7,2,7,2
47,125,224.5,0,244.5,0,262.5,0
47,126,76,2,77,2,73,2
48,18,1,1,1,1,1,1
48,19,32,2,35,2,29,2
48,20,5,1,4,1,3,1
48,51,44,0,49,0,47,0
48,52,56,2,54.5,2,53,2
48,53,3,1,3,1,1,1
48,56,3,1,3,1,3,1
48,57,5,1,4,1,4,1
48,82,37,1,32,1,33.5,1
48,83,54,1,47,1,40,1
48,84,30,3,36,3,30,3
48,88,51,4,48.5,3,49.5,3
48,89,30,1,33,1,29.5,1
48,94,36,0,31,0,28,0
48,95,31.5,0,34.5,0,39,0
48,99,37,2,38,2,38,2
48,100,1,1,1.5,1,1,1
48,101,24,2,24,2,25,1
48,108,4,1,4,1,0,0
48,111,1.5,1,3,1,3,1
48,115,6,1,6,1,6,1
48,116,93,2,77,2,80,2
48,117,83,1,77,1,68,1
48,118,153,0,132,1,172.5,1
48,119,387.5,0,378.5,0,378.5,1
48,120,80,1,85,1,84,1
48,124,1,1,0,0,1,1
48,125,104,3,109,3,106,1
48,126,15,3,14,3,16,3
48,127,2,1,2,1,2,1
49,19,15,2,18,2,15,2
49,20,5,1,5,1,6,1
49,52,3,1,3,1,1,1
49,55,4,1,4,1,4,1
49,82,13,1,12,1,12,1
49,83,66,1,68.5,1,64.5,2
49,84,13,1,15,1,16,1
49,91,0,0,0,0,3,1
49,92,7,1,7,1,7,1
49,93,13,2,13,2,13,2
49,94,10,1,10,1,10,1
49,95,6.5,2,8,2,8,2
49,99,1,1,2,1,2,1
49,100,28,2,25,2,23,3
49,101,14,1,9,1,8,1
49,104,9,2,9,2,4,2
49,111,2,1,2,1,2,1
49,112,4,2,3,2,5,1
49,113,2,1,2,1,2,1
49,115,32.5,1,42,1,56,1
49,116,72,2,68,2,64.5,2
49,117,36.5,2,39,2,41,2
49,118,114.5,1,125,1,119,1
49,119,159,1,168,1,178.5,2
49,125,84,1,87,1,81,1
49,126,24.5,2,25,2,23,2
49,127,202,0,221.5,0,217,0
50,37,26,1,28,1,29,1
50,38,93,2,84.5,2,95,2
50,39,14,1,16,1,11,1
50,48,4,1,4,1,8,1
50,51,3,2,3,2,3,2
50,79,16,1,13,1,15,1
50,80,8,1,8,1,9,1
50,85,4,1,4,1,4,1
50,91,52.5,3,48,3,40.5,3
50,92,83,3,87,3,84.5,3
50,93,36,4,39.5,4,31.5,4
50,94,67,4,64.5,4,61.5,4
50,95,96.5,2,99.5,2,92,2
50,101,4,2,3,1,2,1
50,110,28.5,2,30.5,2,27,2
50,111,3,1,1,1,0,0
50,118,3,1,2,1,2,1
50,125,22,2,29,2,29,2
50,127,185,1,171,1,178,1
51,35,9,2,9,2,4,2
51,37,3,1,0,0,4,1
51,38,28,2,28,2,26,2
51,39,6,1,5,1,6,1
51,52,2,1,2,1,2,1
51,55,4.5,1,3.5,1,2.5,1
51,91,6,1,6,1,6,1
51,92,47,3,37.5,3,35.5,3
51,93,9,2,12,2,15,3
51,95,21,4,22,4,27,3
51,96,4,1,4,1,3,1
51,100,29,2,30,2,31,2
51,101,84.5,2,77.5,2,67.5,2
51,102,165.5,2,182.5,2,148,2
51,103,27,2,27.5,2,25.5,2
51,108,66,1,72,1,66,1
51,109,32,2,28,2,20.5,2
51,110,108,2,101,2,89,1
51,111,59,1,58,1,56,1
51,117,5,1,5,1,5,1
51,118,3,1,3,1,3,1
51,119,33,1,33,1,27,1
51,120,43.5,0,44,0,44,0
51,127,84,1,156.5,2,203.5,2
52,10,18,2,16.5,2,13.5,2
52,11,1,1,1,1,1,1
52,34,1,1,3,1,0,0
52,48,2,1,2,1,0,0
52,55,1,1,0,0,0,0
52,79,13,1,16,1,15,1
52,80,29,2,34,2,26,2
52,81,4,2,5,1,9,1
52,92,10,2,10,2,10,2
52,95,21,2,22,2,11,2
52,98,59,1,62,1,59,1
52,99,48.5,3,60,2,61,2
52,100,117,2,114,2,112,2
52,101,197.5,0,200,0,200.5,0
52,102,247,0,243.5,0,247,0
52,103,114,0,111,0,110.5,0
52,104,74,0,65,0,66,0
52,108,37,1,35,1,45.5,2
52,109,22,4,29,4,49,4
52,110,8,2,8,2,8,2
52,117,8,1,8,1,8,1
52,119,213,0,202,0,202.5,0
52,120,47,1,45.5,1,51.5,1
52,122,42,2,42,2,40.5,2
52,126,2,1,2,1,2,1
53,9,17,2,17,2,20,2
53,10,67,1,67,1,67,1
53,15,3,1,3,1,3,1
53,23,6,1,5,1,4,1
53,24,22,1,17,1,22,1
53,76,50,3,50.5,3,59.5,3
53,77,53,3,53,3,53,3
53,78,36,4,39,4,35,4
53,79,24,2,27,2,28,2
53,81,4,1,5,1,5,1
53,97,4,2,4,2,6,1
53,98,60,2,65,2,55,2
53,99,53,1,58,1,62,2
53,100,148,2,147.5,1,149,2
53,101,125.5,0,126.5,0,130,0
53,102,29,2,29,2,26,2
53,103,38,0,42.5,0,39,0
53,106,38,2,33,2,31,2
53,107,8,2,8,2,7,1
53,108,26.5,2,21,2,24,2
53,109,42,1,41,1,41,1
53,119,222.5,1,244,1,251.5,0
53,120,40,2,35,2,32,2
53,121,26,2,26,2,26.5,2
53,122,160,1,158,1,170,1
53,123,15,2,17,2,15,2
54,23,29,3,35,2,31,3
54,24,15,1,16,1,27,1
54,54,2,1,2,1,2,1
54,76,11,3,11,3,10,3
54,78,5,1,4,1,4,1
54,87,8,1,5,1,5,1
54,92,5,2,4,2,4,2
54,97,56.5,1,55,1,55,1
54,98,1,1,3,2,3,2
54,100,6,1,6,1,6,1
54,101,7,1,6,1,6,1
54,106,8,2,8,2,8,2
54,108,17,4,24,3,26,3
54,114,3,1,2,1,2,1
54,118,16,1,16,1,21,1
54,119,50,2,62,2,58,2
54,122,23,2,25,3,32,3
55,18,1,1,1,1,1,1
55,22,9,1,9,1,9,1
55,23,2,1,0,0,3,1
55,31,4,1,2,1,2,1
55,78,10,3,8,2,8,2
55,87,46.5,4,48,4,52,4
55,88,24,2,22,2,22,2
55,90,7,2,8,2,9,2
55,91,5,2,4.5,2,2.5,2
55,92,7,1,7,1,7,1
55,96,137,1,134.5,1,137,0
55,97,33,2,36,2,35,2
55,106,4,1,5,1,1,1
55,113,0,0,3,1,4,1
56,30,18,2,20,2,17.5,2
56,31,22,3,19,3,19,3
56,43,8,1,8,1,8,1
56,44,6,1,6,1,6,1
56,54,1,1,1,1,1,1
56,77,4,1,4,1,0,0
56,78,0,0,0,0,4,1
56,88,2,1,2,1,3,2
56,89,46,1,47,1,50,1
56,90,150,2,167,2,201,1
56,91,6,1,6,1,5,1
56,96,82,2,81.5,2,75,2
56,97,3,1,3,1,3,1
56,110,1,1,1,1,1,1
56,119,2,1,2,1,2,1
56,122,0,0,0,0,1,1
57,4,3,1,0,0,2.5,1
57,5,0,0,2.5,1,0,0
57,30,6,2,6,2,6,2
57,31,10,3,13,3,11.5,3
57,35,1,1,5,1,1,1
57,43,25,2,24,2,26,2
57,44,75,3,80,2,80,3
57,45,2,1,1,1,0,0
57,46,2,1,2,1,2,1
57,47,35.5,2,40.5,2,28,2
57,48,18,3,16,3,23,3
57,55,6,2,6,2,6,2
57,84,44,3,45,3,41,4
57,85,13,2,16,2,12,1
57,86,7,1,7,1,10.5,1
57,89,63,3,63,3,64,3
57,90,5,1,5,1,9,1
57,96,2,1,2,1,2,1
57,116,27,2,26,2,25,2
58,4,1,1,1,1,1,1
58,5,2,1,0,0,0,0
58,35,4,1,4,1,0,0
58,36,0,0,0,0,3,1
58,44,18,2,15,2,16,2
58,46,3,1,3,1,3,1
58,47,3,2,2,1,2,1
58,48,26,2,25,2,32,2
58,55,20,4,22,4,24,4
58,76,2,1,2,1,2,1
58,83,6,1,8,1,8,1
58,84,30,3,29,3,30.5,3
58,85,242.5,1,253.5,1,246.5,1
58,86,60,2,67,2,64,1
58,88,4,2,3,2,2,1
58,89,8,1,8,1,7,1
58,90,65,1,68,1,52,1
58,91,57.5,4,53.5,3,60,3
58,92,11,1,11,1,11,1
58,93,74.5,2,67.5,2,60.5,3
58,94,43.5,2,44.5,3,42,3
58,95,19,2,19,2,25.5,2
58,103,102,3,106,3,112.5,3
58,104,89.5,2,75.5,2,85,2
58,109,3,1,3,1,4,1
58,110,4,1,5,1,1,1
58,111,27,3,44,2,55,2
58,112,0,0,0,0,1,1
58,115,33,3,29,3,25,3
58,116,151,1,151,1,155,1
58,121,39,0,38,0,41,0
58,122,185.5,2,181,2,189,2
59,5,1,1,1,1,0,0
59,24,1,1,1,1,1,1
59,53,4,1,4,1,4,1
59,55,22,3,22,3,23,3
59,60,3,1,4,1,3,1
59,74,44,3,46,3,43,3
59,76,4,1,4,1,4,1
59,80,3,1,2,1,0,0
59,83,35,3,50,3,44.5,3
59,84,102,1,95,2,89,1
59,85,66,3,63,3,60,3
59,86,58,1,51,1,57.5,1
59,87,3,1,7,1,6,1
59,90,59.5,1,49.5,1,50,1
59,91,11.5,3,18,4,19,4
59,92,105,2,99,1,96,2
59,93,123.5,3,130,1,127.5,2
59,94,57.5,1,54.5,1,49.5,1
59,102,29,2,26,2,21,2
59,103,69,2,67.5,2,67,2
59,104,65,2,66,2,63,2
59,105,25,2,21,2,20,2
59,106,34,4,32,4,33,4
59,110,81,3,74.5,3,77,3
59,111,175.5,0,179.5,0,164.5,0
59,112,67,3,67.5,2,61.5,3
59,113,85,3,82.5,3,78.5,3
59,114,81,2,106,2,99.5,2
59,115,39,3,37,3,39,3
59,116,10,1,9,1,9,1
59,121,93.5,2,91.5,2,94.5,2
59,122,150.5,3,145,2,160,2
59,123,0,0,0,0,1,1
60,15,20,3,29,3,32,3
60,16,14,2,14,1,13,1
60,33,3,1,3,1,4,1
60,54,4,1,3,1,2,1
60,55,102,2,96.5,2,82,2
60,56,4,2,4,2,4,2
60,60,23,2,22,2,22,2
60,61,3,1,2,1,1,1
60,74,47,1,49,2,54,2
60,75,13,2,13,2,12,2
60,81,24,3,24,3,0,0
60,82,2,1,2,1,2,1
60,83,39,2,36,2,35.5,2
60,84,3,1,3,1,4,1
60,85,4,1,4,1,4,1
60,91,12,2,14,2,17,3
60,92,55,3,47,3,50,3
60,93,52,1,51,1,53,1
60,103,5,1,3,1,5,1
60,104,41,3,43.5,3,42,3
60,105,3,1,3,1,12,1
60,106,1,1,1,1,1,1
60,110,4,1,4,1,3,1
60,111,51.5,2,56.5,1,48.5,2
60,112,4,1,4,1,4,1
60,120,0,0,0,0,3,1
60,121,71,3,75.5,3,89,3
60,122,48.5,2,50,2,50,2
61,5,1,1,1,1,1,1
61,15,7,3,7,3,6,2
61,16,90,2,85,2,80,2
61,32,3,1,3,1,2,1
61,33,40,4,39,4,32,4
61,55,17,2,15.5,2,17.5,2
61,59,3,1,3,1,3,1
61,61,7,1,6,1,7,1
61,62,8.5,1,6.5,1,8.5,1
61,64,4,2,4,2,1,1
61,73,1,1,4,1,2,1
61,74,32,4,31,4,41,4
61,83,41,2,36,2,39,2
61,90,2,1,2,1,2,1
61,104,11,1,11,1,9,1
61,105,67,3,64,3,72,3
61,106,94,2,92,2,86,2
61,107,20,2,20,2,24,2
61,112,0,0,2,1,2,1
62,14,3,1,3,1,3,1
62,73,48.5,2,48.5,2,43,1
62,74,54,2,56,2,59,1
62,75,0,0,1,1,0,0
62,82,101.5,3,96,3,95,2
62,83,145.5,1,142.5,1,147,1
62,84,29,2,27,2,23.5,2
62,88,1,1,1,1,1,1
62,90,4,1,0,0,3,1
62,105,29,1,30,1,29,2
62,106,80.5,3,81,2,87,3
62,107,4,1,4,1,4,1
62,112,1,1,0,0,0,0
62,117,5,2,5,2,4,2
63,29,2,1,2,1,2,1
63,59,7,2,7,2,5,2
63,71,2,1,2,1,2,1
63,72,62,2,65,2,69,2
63,73,7,3,9,3,8,4
63,74,63,3,63,3,60,4
63,75,40,3,46,3,42.5,3
63,76,2,1,5,1,4,1
63,81,103,1,112,1,95.5,2
63,82,182.5,0,185.5,0,176,0
63,83,25.5,4,27,4,30,4
63,84,7,1,8,1,6,1
63,88,12,2,7,1,9,2
63,94,4,2,5,2,5,2
63,95,1,1,0,0,0,0
63,105,45,1,44,1,38.5,1
63,106,28,2,27,2,30,2
63,117,52,4,50,4,67,4
64,18,5,2,5,2,4,2
64,58,15,2,10,2,14,2
64,59,14,2,12,2,12,2
64,60,16,1,19,1,17,1
64,64,0,0,0,0,3,1
64,72,47,3,44,3,42,3
64,73,26,4,23,4,23,4
64,74,16,2,16,2,21,3
64,75,6,1,4,1,5,1
64,80,0,0,0,0,15,1
64,81,105.5,2,112,2,121.5,1
64,82,170.5,0,165.5,0,173.5,0
64,83,5,1,4,1,4,1
64,84,6,1,4,1,3,1
64,85,7,1,6,1,7,2
64,86,63.5,2,59,2,56,3
64,87,21,2,20.5,2,23.5,2
64,88,4,1,5,1,2,1
64,92,7,1,8,1,8,1
64,94,39,3,36,3,29,3
64,95,30,2,30.5,2,25.5,2
64,110,1,1,1,1,2,1
64,117,69,1,65.5,1,64.5,1
64,118,0,0,0,0,3,1
65,17,45,1,36,1,32,1
65,18,17,2,18,2,16.5,2
65,32,1,1,1,1,1,1
65,33,4,1,3,1,1,1
65,67,2,1,2,1,2,1
65,72,9,1,9,1,7,1
65,73,5,1,7,1,9,1
65,80,28,2,28,2,26,1
65,81,9,1,13,1,18.5,1
65,82,3,1,3,1,2,1
65,83,24,1,16.5,1,20,1
65,84,97.5,2,97.5,2,102,2
65,85,67,4,62,4,61,4
65,86,69,3,71.5,3,57,3
65,87,3,1,2,1,0,0
65,92,61,2,60.5,2,64.5,2
65,93,39,2,38,2,43.5,1
65,95,12,2,14,2,15,2
65,117,51,4,57,3,51,3
65,118,84,3,80,3,75.5,3
66,17,50,1,51,1,46,1
66,18,9,2,8,2,15,2
66,51,7,1,7,1,4,1
66,52,11,2,15,2,13,2
66,67,2,1,2,1,2,1
66,80,8.5,2,8.5,2,12,2
66,83,29,0,33,1,36,1
66,84,126,1,128,1,117.5,2
66,85,197.5,2,167,2,174,2
66,92,20,3,22,3,17,2
66,93,51,2,51,3,54,3
66,96,2,1,6,2,4,2
66,104,8,2,9,2,8,2
66,111,1,1,4,1,5,1
66,117,20,1,21,1,20,1
66,118,119,2,121.5,1,119,1
66,119,4,1,3,1,3,1
67,25,6,1,7,1,6,1
67,26,35,3,33,3,31.5,3
67,51,17,2,14,2,13,2
67,52,9,2,14,2,11,2
67,64,2,1,2,1,2,1
67,67,1,1,0,0,0,0
67,79,42,2,55,3,55,3
67,80,10,2,9.5,2,12.5,2
67,81,2,1,2,1,1,1
67,84,39,2,36,2,38,2
67,85,0,0,0,0,2,1
67,99,2,1,2,1,2,1
67,104,16,2,17,2,16,2
67,105,2.5,1,2,1,2,1
67,127,0,0,15,1,16,1
68,1,3,1,3,1,2,1
68,23,3,1,3,1,0,0
68,24,52,4,49.5,4,52,4
68,25,72.5,2,69,3,66,3
68,52,21,2,19.5,2,21,2
68,80,57.5,2,54,2,64,2
68,81,23,3,24,3,20,3
68,82,4,1,4,1,0,0
68,107,32.5,1,33,1,43.5,1
68,108,20,2,25,2,24.5,2
68,110,5,1,4,1,4,1
68,127,31,0,65,1,69,1
69,25,9,1,9,1,8,1
69,57,2,1,2,1,2,1
69,78,2,2,3,2,3,2
69,79,42,4,43,4,43,4
69,80,95.5,3,94.5,3,96.5,3
69,81,52,4,50,4,50,3
69,87,12,1,12,1,11,1
69,88,6,1,6,1,6,1
69,97,9,1,8,1,8,1
69,107,53,2,55,2,47,2
69,108,232,0,241,0,251.5,0
69,109,65.5,3,63.5,3,60.5,3
69,127,30,2,29,0,31.5,1
70,72,15,1,11,1,6,1
70,73,14,1,13,1,21,1
70,75,15.5,1,19.5,1,20,1
70,76,23,1,24,1,21,1
70,78,1,1,3,1,4,1
70,87,4,1,4,1,4,1
70,88,17.5,2,17,2,14.5,3
70,90,3,1,1,1,2,1
70,96,6,2,6,2,6,2
70,107,38,2,42,2,38,2
70,108,126,1,113.5,1,123,1
70,109,6,1,6,1,2,1
70,118,39,3,33,3,28,3
70,119,25,2,27,2,29,3
71,9,1,1,1,1,1,1
71,10,10,1,10,1,8,1
71,25,2,1,2,1,2,1
71,47,19,1,23,1,17,1
71,63,4,1,3,1,3,1
71,69,0,0,0,0,1,1
71,74,21,1,19,1,20,1
71,75,59,3,60,3,55.5,3
71,76,79,3,71,3,62.5,3
71,78,1,1,5,1,5,1
71,88,10,2,10,2,11,2
71,94,15,2,15,2,11,2
71,104,34,1,32,1,30,1
71,105,1,1,1,1,2,1
71,109,3,1,3,1,3,1
71,118,32,3,31,3,35,3
71,119,45.5,3,52.5,3,50.5,3
72,47,33,1,35,1,40.5,1
72,48,30,3,31,3,31,3
72,74,24,2,20,1,22,0
72,75,83,2,75,2,65,3
72,76,55,3,60,3,59,3
72,77,60,3,67.5,3,56,2
72,86,4,1,4,1,4,1
72,93,2,1,2,1,9,1
72,94,9,2,10,2,8,2
72,104,30,1,33,1,32,1
72,105,47,3,45,3,50,3
72,106,58,2,52,2,57,2
72,122,9,2,9,2,8,2
72,123,31,4,27,4,25,4
73,24,13,2,15,3,14,3
73,32,4,1,4,1,8,2
73,41,1,1,1,1,2,1
73,53,5,1,4,1,4,1
73,74,3,1,5,1,3,1
73,75,0,0,1,1,1,1
73,76,56,2,62,2,58,2
73,77,22,2,23,2,21.5,2
73,102,2,1,2,1,0,0
73,104,59,2,68,2,68,1
73,105,197.5,0,228.5,0,233.5,0
73,106,107,3,122.5,3,130,2
73,110,4,1,4,1,4,1
73,111,1,1,1,1,1,1
73,123,78,4,78,3,76.5,3
73,124,7,1,8,1,9,1
74,4,0,0,1,1,0,0
74,24,41,4,42,4,42,4
74,25,3,1,4,1,4,1
74,31,21,2,17,2,17,2
74,32,54,4,53,4,53,4
74,41,3,1,3,1,3,1
74,42,33,3,41,3,42,3
74,54,3,1,2,1,0,0
74,55,0,0,0,0,2,1
74,102,3,1,5,1,7,1
74,103,187,0,180.5,0,174,0
74,104,152,0,163,0,166.5,0
74,105,162,1,164,1,167,1
74,106,173.5,0,176.5,0,180.5,0
74,107,19,2,17,2,20,2
74,110,5,1,4,1,9,1
74,111,9,1,8,1,8,1
74,122,38,2,37,2,36.5,2
74,123,19.5,2,19.5,3,20,2
74,124,29,3,26,3,25,3
74,125,24,2,21,2,25,2
74,126,55,4,55,3,53,3
75,31,47,2,56,2,51,2
75,32,42,1,40.5,1,40.5,1
75,40,4,1,4,1,4,1
75,41,6,1,4,1,5,1
75,42,23,2,21,2,21,2
75,64,6,1,6,1,6,1
75,102,10,2,8,2,6,2
75,103,208,1,196,1,187,2
75,104,221.5,0,221,0,203,0
75,105,90,2,86,2,82.5,2
75,106,32,2,36,2,41,2
75,125,8,1,8,1,4,1
75,126,5,1,4,1,6,1
76,7,3,1,3,1,2,1
76,11,3,1,3,1,3,1
76,39,2,1,2,1,2,1
76,40,56,2,59,2,58,2
76,41,62,2,60,2,59.5,1
76,56,6,2,8.5,2,13,2
76,57,32,2,27,2,28,2
76,58,5,1,12,2,8,2
76,59,10,2,7,2,11,2
76,73,3,1,3,1,2,1
76,102,65,3,63,3,59,3
76,103,68.5,2,65.5,2,70,2
76,104,6,1,6,1,3,1
76,112,0,0,2,1,2,1
76,121,4,1,4,1,4,1
77,11,8,2,6,2,6,2
77,18,4,1,4,1,1,1
77,19,4,1,4,1,5,1
77,40,2,1,2,1,2,1
77,41,10,2,10,2,10,2
77,56,35,4,34,4,34,4
77,57,83,3,74,3,76.5,3
77,58,8,3,8,3,12,3
77,59,5,1,2,1,6,2
77,60,9,1,10,1,9,1
77,74,2,1,1,1,1,1
77,87,5,1,5,1,5,1
77,88,6,3,6,3,4,2
77,89,2,1,2,1,4,1
77,101,3,1,3,1,3,1
77,102,44.5,3,62.5,3,65,4
77,112,0,0,1,1,1,1
78,0,14,2,14,2,13,2
78,48,4,1,0,0,0,0
78,58,6,1,6,1,6,1
78,62,5,1,0,0,3,1
78,63,33,2,27,2,31.5,2
78,64,61,3,63,3,60,3
78,72,36.5,1,37,1,28,0
78,73,109,2,101,2,102.5,2
78,74,116.5,3,109.5,3,94,3
78,75,25,2,17,2,25.5,2
78,87,2,1,2,1,2,1
78,95,7,1,8,1,8,1
78,97,24,2,25,2,21,2
78,105,4,1,5,1,5,1
78,114,3,1,3,1,2,1
79,0,39,1,37,1,35,1
79,1,6,1,5,1,2.5,1
79,62,24,2,22,2,22.5,2
79,63,78.5,2,67,2,73,2
79,64,46.5,3,42,3,40,2
79,65,1,1,0,0,2,1
79,72,106,2,102.5,2,108,2
79,73,90,2,99,2,92.5,2
79,74,95,1,87,2,87.5,1
79,75,56.5,2,63.5,2,49,1
79,87,0,0,1,1,0,0
79,91,3,2,3,2,3,1
79,95,41,2,41,2,41,3
79,96,99,2,88,3,71,3
79,97,35,1,34,1,38.5,1
79,124,0,0,0,0,1.5,1
79,125,3,1,1,1,0,0
80,68,1,1,1,1,1,1
80,71,20,3,12,3,15,3
80,72,92,2,98,1,96,1
80,73,16,1,37,1,42.5,0
80,74,35.5,1,37,1,39,0
80,75,8.5,1,12.5,1,8,1
80,93,1,1,1,1,1,1
80,94,41,4,41.5,4,42,4
80,95,32.5,3,36.5,3,37,3
80,98,3,2,3,2,4,2
80,99,24.5,2,24,2,25,2
80,100,56,4,48,4,46,4
80,101,4,1,4,1,4,1
80,103,0,0,4,1,0,0
80,116,0,0,0,0,3,1
80,125,1,1,1,1,1,1
81,51,3,1,2,1,2,1
81,71,24,2,24,2,21,2
81,72,2,1,2,1,1,1
81,94,6,1,7,1,7,1
81,97,137,2,129,2,121.5,1
81,98,36,2,36,2,35,3
81,99,8,1,7,1,4,1
81,100,1,1,0,0,1,1
81,103,4,1,0,0,3,1
81,104,2,1,0,0,2,1
81,116,1,1,1,1,1,1
82,12,9,2,8,2,7,2
82,72,4,1,4,1,4,1
82,97,72,3,70,3,81,3
82,98,28,2,31,1,25,2
82,106,1,1,0,0,0,0
82,124,2,1,2,1,2,1
82,125,2,1,2,1,1,1
82,127,1,1,1,1,0,0
83,3,9,1,9,2,8,1
83,9,3,2,2,1,3,2
83,10,13,3,14,3,18,3
83,12,3,1,2,1,2,1
83,44,1,1,1,1,0,0
83,49,7,1,7,1,7,1
83,98,6,1,8,1,7,2
83,100,0,0,2,1,2,1
83,101,2,1,4,1,0,0
83,116,6,2,6,2,6,2
83,117,3,1,3,1,3,1
84,3,3,1,3,1,3,1
84,4,1,1,1,1,1,1
84,7,0,0,2,1,2,1
84,9,2,1,2,1,2,1
84,13,2,2,2,2,2,2
84,14,8,3,8,3,9,3
84,15,156,1,160,1,144,1
84,16,43,2,32,2,35.5,2
84,74,5,2,1,1,7,2
84,87,26,3,26,3,30,3
84,88,20,2,18,2,17,2
84,89,2.5,1,2.5,1,2.5,1
84,95,4,1,5,1,2,1
84,96,10,2,10,2,10,2
84,100,14,2,10,2,10,2
84,101,2,1,3,1,3,1
84,119,10,1,9,1,4,1
84,120,4,1,5,1,4,1
85,9,47.5,1,42,1,33,2
85,10,12,2,12,2,15,2
85,13,4,2,4,2,4,1
85,14,32,2,26,2,26.5,2
85,15,16,3,19,3,18,3
85,16,5,1,4,1,6,1
85,17,2,1,1,1,1,1
85,25,3,1,2,1,2,1
85,26,4,1,3,1,3,1
85,27,0,0,0,0,3,1
85,30,4,1,4,1,4,1
85,54,2,1,2,1,2,1
85,61,2,1,4,1,3,1
85,70,0,0,0,0,2,1
85,86,2,1,1,1,1,1
85,87,44,3,45,3,46.5,2
85,88,11,2,10,2,10,2
85,91,4,1,4,1,1,1
85,96,25,3,24,3,24,2
85,97,5,1,5,1,5,1
85,117,4,1,4,1,7,1
85,118,57.5,3,58,3,62,3
85,119,35,3,40,3,46,3
85,120,2,1,2,1,2,1
86,9,18,1,18,1,15,1
86,22,5,2,7,2,7,2
86,27,40,2,40,3,37,3
86,28,76,2,78,3,72,3
86,29,74,2,77,2,70,2
86,30,68,2,78.5,1,75.5,2
86,60,22,2,18,1,24,1
86,61,28,3,33,3,31,3
86,70,4,1,2,1,2,1
86,81,10,2,10,2,8,2
86,83,2,1,2,1,2,1
86,84,1,1,3,1,3,1
86,90,2,1,2,1,2,1
86,95,2,1,2,1,2,1
86,101,1,1,4,1,2,1
86,102,38,2,36.5,2,36,2
86,118,47,2,46,2,56,2
86,119,50.5,3,51.5,3,44,3
86,120,2,1,5,1,5,1
87,19,0,0,3,1,1.5,1
87,22,1,1,4,1,0,0
87,27,3,1,3,1,6,2
87,28,61.5,2,74.5,2,65,2
87,29,104,2,94,2,111.5,2
87,30,128,2,130,2,122,2
87,31,4,1,4,1,3,1
87,32,5,1,4,1,4,1
87,34,9,2,8,2,8,2
87,39,4,1,4,1,5,1
87,41,6,2,6,2,6,2
87,54,4,1,5,1,5,1
87,56,4,1,4,1,4,1
87,57,2,1,2,1,2,1
87,60,18,2,17,2,12,2
87,81,40,4,40,4,38,3
87,83,9,2,10.5,2,10,2
87,84,26,3,26,3,26,3
87,101,8,2,8,2,8,2
87,102,123,2,112,1,147,2
87,103,65,3,69,3,40,3
87,104,2,1,2,1,2,1
87,118,24,3,23,3,21,3
87,120,58,2,46,2,64,2
87,121,29,4,28,4,23,4
87,123,3,1,6,2,6,2
88,18,4,1,4,1,3,1
88,28,31,2,32,1,30,1
88,29,11,2,14,2,14,2
88,30,218,1,222,1,220,0
88,31,131.5,2,135,1,126,2
88,33,22,2,26,2,26,2
88,34,172.5,1,148.5,2,154.5,2
88,35,5,2,4,2,6,2
88,41,92,2,96.5,2,97,2
88,42,23,2,23,2,22,2
88,68,16,1,15,1,14,1
88,69,52,4,56,4,49,4
88,70,11,2,11,2,10,2
88,81,14,1,13,1,13,1
88,83,16,2,17,2,20,2
88,84,54,4,56,4,51,4
88,102,68,2,66,2,67,2
88,103,21,2,19,2,19,2
88,116,4,1,3,1,7,1
88,117,4,1,4,1,3,1
89,30,18,2,20,2,20,2
89,31,13,2,13,2,9,2
89,33,5,1,5,1,5,1
89,34,14,2,6,2,6,2
89,40,8,1,8,1,4,1
89,41,23,2,23,2,21,2
89,52,6,1,6,1,4,1
89,68,42,4,38.5,4,33.5,4
89,69,118.5,2,129,2,108,2
89,90,4,1,4,1,4,1
89,91,1,1,1,1,1,1
89,93,4,1,3,1,0,0
89,103,91,0,93,1,88,1
89,104,4,1,4,1,4,1
89,117,2,1,2,1,0,0
89,125,3,1,3,1,1,1
90,51,24,3,24,3,22,3
90,52,107,2,123,2,117,2
90,53,56,3,42,2,47.5,2
90,63,0,0,2.5,1,2.5,1
90,65,31,2,25,2,26,2
90,66,4,1,4,1,0,0
90,67,11,1,11,1,11,1
90,68,5,1,4,1,5,1
90,69,7,2,6,2,6,2
90,70,8,2,7,2,6.5,2
90,90,87.5,3,84.5,3,80,2
90,91,78,2,75,2,81,2
90,92,1,1,6,2,5,1
90,93,0,0,0,0,2,1
90,106,4,1,4,1,2,1
91,48,49,2,48.5,2,44,2
91,49,26,2,23,2,23,2
91,50,27,2,34,2,34,1
91,52,43,4,49,4,44,4
91,53,15,2,17,2,16,2
91,61,88,0,65,0,28,0
91,62,74,0,77,0,69,0
91,63,118,2,114,2,107.5,2
91,64,204.5,2,188,2,179.5,2
91,65,73.5,2,70,3,72,3
91,66,234.5,1,207,1,218,1
91,67,133.5,0,122,0,113.5,1
91,90,2,1,1,1,1,1
91,91,21,3,24,3,14,3
92,1,5,3,2,1,0,0
92,49,52,2,49,2,42.5,2
92,50,33,3,28,3,25.5,3
92,52,5,2,10,2,8,2
92,53,5,1,4,1,5,1
92,56,2,1,2,1,2,1
92,58,2,1,1,1,1,1
92,59,4,1,4,1,1,1
92,61,64.5,1,64.5,1,60,1
92,62,46,2,43.5,2,44,2
92,63,213.5,2,183.5,2,188.5,1
92,64,229.5,2,227,2,239.5,2
92,65,79,3,62,3,14,3
92,66,4,2,3,2,4,3
92,67,5,3,5,3,5.5,3
92,68,2,1,1.5,1,0,0
92,78,21,4,23.5,4,22.5,3
92,91,4,2,3,2,6,2
92,99,0,0,1,1,0,0
92,100,4,1,4,1,4,1
93,50,2,1,2,1,2,1
93,52,2,1,2,1,2,1
93,53,4,2,4,2,4,2
93,54,7,2,8,2,8,2
93,55,4,1,4,1,4,1
93,58,25,2,27,1,22,2
93,59,37,1,40,1,36,1
93,62,7,1,6,1,4,1
93,63,11,1,16,1,12,1
93,64,110.5,2,94.5,2,94,2
93,65,273,0,266,0,301,0
93,66,408.5,0,398,0,351.5,0
93,67,2,1,2,1,0,0
93,77,7,1,7,1,5,1
93,78,48.5,3,59,3,61,3
93,86,8,1,8,1,12,1
93,87,4,1,5.5,1,6,1
93,88,4,1,4,1,3,1
93,89,1,1,1,1,1,1
93,122,6,1,6,1,2,1
93,126,1,1,1,1,1,1
94,27,0,0,1,1,1,1
94,41,1,1,1,1,0,0
94,46,1,1,5,1,4,1
94,47,83,1,94.5,2,90,2
94,48,19.5,3,18.5,3,21,3
94,53,25,3,29,3,28,3
94,54,27,3,24,3,21,3
94,57,6,1,6,1,5,1
94,58,29,4,21,4,22,4
94,59,150,1,150,1,168,1
94,63,18,4,14,4,18,4
94,64,39.5,3,31.5,3,42,3
94,65,118.5,1,129,1,114.5,1
94,66,78,0,82,0,82,0
94,67,10,1,9,1,9,1
94,86,27,2,22,2,12,2
94,87,52,2,52,2,50,3
94,88,32,4,38,4,44,4
94,103,1,1,1,1,0,0
94,122,5,1,4,1,0,0
94,123,0,0,0,0,4,1
95,44,3,1,3,1,1,1
95,46,1,1,1,1,1,1
95,47,5,1,5,1,4,1
95,52,22.5,1,20.5,1,21,1
95,53,110,2,116,2,111.5,2
95,54,30,3,29,3,25,3
95,58,6,2,7,2,6,2
95,59,62,2,61,2,57.5,2
95,64,5,1,2,1,0,0
95,65,0,0,0,0,2,1
95,87,61,1,66,1,64,1
95,88,12,3,14,3,12,3
95,89,15,2,15,2,15,2
95,98,24,1,25,1,21,1
95,99,11,1,11,1,11,1
96,42,59,2,59,3,45,2
96,43,86,2,75,2,66.5,2
96,44,97.5,3,88,3,83,3
96,45,8,1,10,1,8,1
96,52,35,2,33,2,26,2
96,53,165.5,2,161,2,149.5,2
96,54,65,2,67.5,2,62.5,2
96,73,4,1,4,1,3,1
96,87,4,1,4,1,4,1
96,89,9,1,9,1,9,2
96,96,8,2,8,2,7,1
96,97,15,2,11,2,13,2
96,98,82,3,83.5,2,90.5,2
96,99,46,3,45,2,41,3
96,100,12,1,10,1,12,1
97,42,2,1,1,1,0,0
97,43,141,1,130.5,1,139.5,1
97,44,33,1,36,1,28,1
97,53,57,4,60,3,61,3
97,54,4,1,4,1,4,1
97,63,1,1,1,1,1,1
97,81,8,1,6,1,1,1
97,82,18,3,16,3,17,3
97,89,1,1,1,1,0,0
97,96,0,0,0,0,1,1
97,97,4,1,4,1,4,1
97,98,60,2,63,3,52,3
97,99,98,2,109,3,104,3
97,100,24,2,29.5,2,25,2
97,102,1,1,1,1,1,1
97,127,1,1,1,1,0,0
98,0,53,2,51,2,54,3
98,43,3,2,2,1,2,1
98,53,2,1,1,1,1,1
98,80,0,0,0,0,5,1
98,81,2,1,2,1,2,1
98,82,1,1,0,0,4,1
98,97,2,1,2,1,1,1
98,98,52,3,51,3,50,4
99,39,66,2,69,2,55,0
99,40,35,4,38,4,33,4
99,41,44,3,44,3,41,3
99,52,2,2,2,2,2,2
99,56,3,1,3,1,3,1
99,58,5,1,5,1,2,1
99,66,1,1,1,1,1,1
100,39,118,1,107,1,107,0
100,40,145,2,140,2,136,2
100,41,48,2,50,2,50,1
100,71,8,2,8,2,8,2
100,72,2,1,2,1,2,1
100,78,47,2,44,2,34,2
100,98,11,2,9,2,10,2
101,39,15,1,13,1,12,1
101,40,1,1,1,1,3,1
101,58,2,1,1,1,1,1
101,71,2,1,2,1,2,1
101,78,15,1,12,1,18.5,2
101,79,38,2,31,2,30,2
101,89,2,1,2,1,2,1
101,96,1,1,1,1,1,1
101,97,3,1,2,1,2,1
101,98,16,4,13,4,11,4
101,107,7,3,10,3,9,3
101,108,2,1,2,1,0,0
102,0,8,1,8,1,7,1
102,37,37,1,37,1,34,1
102,38,4,1,3,1,3,1
102,79,37,4,32,4,33,4
102,98,2,1,2,1,2,1
102,107,28,2,24,1,32,0
102,108,32,1,30,1,33,2
103,2,3,1,2,1,0,0
103,4,0,0,2,1,0,0
103,5,2,1,0,0,2,1
103,36,21,2,21,2,23,2
103,37,52,3,46,3,38,3
103,60,4,1,5,1,6,1
103,61,3,1,6,1,8,2
103,62,37,1,37,1,31,1
103,79,11,1,12,1,14,1
103,80,5,2,4,2,4,2
103,108,12,2,14,2,17.5,2
103,109,6,2,6,2,5,2
104,60,3,1,3,1,3,1
104,61,61,3,66.5,3,68.5,3
104,62,16,3,13,3,14,3
104,81,0,0,0,0,2,1
104,84,2,1,2,1,2,1
104,86,23,3,22,3,22,3
105,48,0,0,5,1,0,0
105,60,10,2,13,2,11,2
105,61,66.5,3,70,3,65,3
105,62,0,0,0,0,1,1
105,63,1,1,0,0,0,0
105,81,7,1,4.5,1,3,1
105,84,2,1,2,1,2,1
105,85,30,2,33,1,31,1
105,86,69,1,64,2,68,2
105,87,1,1,1,1,1,1
106,2,4,1,4,1,2,1
106,35,3,1,3,1,3,1
106,61,6,2,6,2,6,2
106,62,3,1,3,1,1,1
106,64,5,1,5,1,2,1
106,65,0,0,1,1,0,0
106,66,10,1,13,1,13,1
106,85,13,2,11,2,16,2
106,86,4,1,2,1,3,1
106,87,9,1,9,1,7,1
106,99,1,1,1,1,1,1
106,126,3.5,1,3.5,1,0,0
107,0,90,3,85,2,79,2
107,1,2,1,2,1,2,1
107,6,6,1,6,1,1,1
107,28,17,2,12,2,22,2
107,52,2,1,4,1,1,1
107,66,89,2,80.5,2,73.5,2
107,97,1,1,1,1,0,0
108,0,8,1,7,1,6.5,1
108,6,5,1,5,1,4,1
108,17,0,0,0,0,1,1
108,28,62,2,67,2,64.5,2
108,29,84,2,83.5,2,81.5,2
108,30,3,1,4,1,6,1
108,51,74,3,69,3,57,2
108,52,3,1,3,1,3,1
108,65,3,1,2,1,0,0
108,66,21,1,23,0,21,0
108,95,2,1,3,1,3,1
108,97,2,1,2,1,2,1
108,99,1,1,1,1,1,1
109,16,67,1,64,1,61,1
109,17,10,3,9,3,9,3
109,24,7,1,3,1,3,1
109,29,18,2,20,2,20,2
109,30,75,2,69,2,60,2
109,50,11,2,11,2,14,2
109,51,241,0,226,0,243,0
109,52,45.5,2,41.5,2,40.5,2
109,81,19,2,19,2,16,2
109,83,12,2,15,2,17,2
109,89,3,1,2,1,2,1
109,93,5,1,5,1,5,1
109,95,226,2,222,2,215,2
109,96,14,1,20,1,42,1
109,97,27,1,26,1,20,2
110,7,2,1,2,1,2,1
110,19,7,1,8,1,6,1
110,20,27,2,29,2,30,2
110,23,15,2,15,2,21,2
110,24,92,2,90,2,93,2
110,25,124.5,2,120,2,115,2
110,26,3,1,3,1,3,1
110,27,4,1,7,1,2,1
110,30,2,1,2,1,2,1
110,50,21,2,21,2,18,2
110,51,36,4,32,4,34,4
110,81,22,2,26,2,28,2
110,82,107,2,97,2,96,2
110,83,4,1,4,1,3,1
110,95,55,3,55.5,3,60,2
110,96,107,2,111,2,110.5,2
110,97,80,2,76,2,73,2
110,98,12,2,13.5,2,12,2
110,101,1,1,0,0,1,1
110,102,0,0,0,0,2,1
111,4,2,1,2,1,2,1
111,9,3,1,3,1,3,1
111,20,89,3,78,3,85,2
111,23,6,1,6,1,4,1
111,24,189,2,186,2,186.5,2
111,25,129,1,121,1,120,0
111,26,28,3,23,2,24,3
111,50,4,1,4,1,3,1
111,82,27,2,29,2,27,2
111,95,66.5,1,68.5,1,66,1
111,96,120,3,123.5,2,113.5,2
111,97,328.5,0,324.5,0,298,0
111,98,15,2,14,2,15,2
112,20,9,1,8,1,6,1
112,21,2,1,2,1,2,1
112,23,14,1,8,1,14,1
112,24,183,2,184,3,152.5,3
112,25,118,3,113,2,110,2
112,65,2,1,2,1,2,1
112,87,1,1,0,0,0,0
112,90,3,1,0,0,3,1
112,95,2,1,0,0,5,1
112,96,7,1,7,1,7,1
112,97,309,0,332,0,313,0
112,98,34,3,41,3,32,3
113,4,1,1,1,1,1,1
113,8,4,1,4,1,4,1
113,15,17,3,24,3,26,3
113,23,3,1,3,1,1,1
113,24,10,3,12,3,15,3
113,25,5,2,5,2,11,2
113,47,6,1,6,1,8,1
113,48,4,1,3,1,4,1
113,50,12,2,16,2,11,2
113,56,7,2,7,2,7,2
113,57,14,1,10,1,11,1
113,65,71,3,69,3,63.5,3
113,66,21,3,24,3,21,3
113,67,11,2,12,2,13,2
113,96,183,1,171.5,1,154.5,1
113,97,463,1,380,1,388,1
113,98,48,1,46,1,42,1
113,127,1,1,1,1,1,1
114,0,4,2,4,2,4,2
114,4,4,1,4,1,6,1
114,9,87,2,85,2,78,2
114,14,7,2,6,2,3,1
114,15,116.5,2,126,2,115,2
114,44,0,0,0,0,1,1
114,48,114.5,3,95,3,84,3
114,49,54,2,56,2,53,2
114,57,54,3,54,3,66,3
114,58,41,3,48,3,39,2
114,65,33,3,31,3,34,3
114,66,30,3,27.5,3,27,3
114,96,22,1,24,1,28,2
114,97,112,2,101,2,89,2
115,0,70,1,73,1,63,1
115,1,15,1,14,1,15,1
115,7,6,1,6,1,5,1
115,8,29,2,28,2,28,2
115,9,54,2,46,2,54,2
115,47,2,1,2,1,2,1
115,48,142.5,2,118.5,2,137,2
115,49,13,2,11,2,12.5,2
116,0,5,1,5,1,4,1
116,1,54,2,46.5,2,48.5,2
116,10,3,1,0,0,1,1
116,48,7.5,2,9,2,9,2
116,89,19,3,20,3,20,3
116,90,17,3,14,3,13,3
116,99,1,1,1,1,1,1
116,102,2,1,1,1,1,1
116,103,0,0,0,0,1,1
117,66,3,1,2,1,1,1
117,89,42,2,38,3,32,3
117,90,43,2,43,2,40,2
117,100,2,1,1,1,1,1
118,1,2,1,2,1,2,1
118,4,93,2,93,2,88,2
118,5,7,1,6,1,6,1
118,10,14,1,16,1,16,1
118,11,4,1,3,1,4,1
118,46,7,1,8,1,6,1
118,57,6,1,6,1,6,1
118,66,27,4,26.5,4,27,4
118,109,5,1,5,1,5,1
118,110,11.5,2,10,2,11,2
118,111,3,2,3,2,3,2
119,4,19,2,18,2,16,2
119,10,11,1,11,1,10,1
119,11,56.5,3,56,3,58,3
119,31,1.5,1,1.5,1,2.5,1
119,46,75,3,67.5,2,62.5,2
119,47,1,1,2,1,2,1
119,66,24,4,24,4,26,4
119,111,13,2,13,2,17,2
120,2,76.5,3,76,3,81,3
120,3,31,0,28,0,26,0
120,6,1,1,1,1,2,1
120,11,5,2,4,2,7,2
120,44,1,1,1,1,1,1
120,45,39,3,41,3,32,3
120,46,268.5,0,252,0,248.5,0
120,47,37.5,4,37.5,4,35.5,4
120,62,26,3,29,3,34,3
120,63,16,2,15,2,13,2
120,82,34,2,25,2,25,2
120,83,17,3,11,3,14,3
120,91,20,1,21,1,18,1
120,92,3,1,3,1,6,1
120,96,4,1,5,1,0,0
120,112,4,2,4,2,2,1
121,0,79,2,65.5,2,60,2
121,1,9,2,9,2,9,2
121,2,34.5,2,36,2,40,2
121,3,13,2,13,2,12,2
121,8,72.5,2,74,3,74,2
121,45,6,2,5.5,2,6.5,2
121,46,98,0,103,0,93,1
121,47,105.5,2,115,2,106,2
121,48,0,0,4,1,4,1
121,63,4,1,4,1,4,1
121,67,0,0,0,0,4,1
121,68,7,1,6,1,4,2
121,69,11,2,8,2,11,2
121,82,30.5,3,30,3,33,3
121,83,4,1,4,1,0,0
121,91,33,4,30,3,31,4
121,92,8,2,12,2,9,2
121,95,2,1,2,1,2,1
121,96,0,0,0,0,5,1
121,106,1,1,1,1,1,1
121,111,53,4,50,4,46,4
121,112,81.5,2,81.5,1,75.5,2
121,113,21,2,20,2,17,2
122,0,19,2,21,2,20,2
122,8,7,2,9,2,10,2
122,45,2,1,2,1,2,1
122,46,22,3,20.5,3,20.5,3
122,47,14,1,19,2,23,3
122,53,1,1,0,0,4,1
122,67,4,1,4,1,4,1
122,68,21,0,18,0,15,1
122,69,71,3,72,3,77,3
122,91,28,3,24,3,20,4
122,103,16,2,14,2,20,2
122,104,23,2,25,2,23,2
122,105,36.5,4,36.5,4,44,4
122,112,15,1,13,1,17,1
122,113,53,3,57,2,54,2
122,114,8,1,7,1,4,1
123,6,22,1,22,1,19,1
123,7,2,1,2,1,2,1
123,46,11,2,11,2,13.5,3
123,53,3,2,3,2,3,2
123,54,6,2,6,2,2,1
123,69,4,1,4,1,4,1
123,96,0,0,0,0,5,1
123,97,53,2,56,2,55,2
123,98,9,1,8,1,8,1
123,103,18,2,13,2,16,2
123,104,51,2,50,2,47.5,2
124,5,4,1,4,1,4,1
124,6,25,1,26,1,25,1
124,34,2,1,2,1,2,1
124,56,6,1,6,1,6,1
124,96,6,2,5,2,1,1
124,97,97,2,105.5,2,93.5,3
124,98,15.5,2,17.5,2,19.5,2
124,104,10,2,7.5,2,6.5,2
124,126,7,1,7,1,0,0
124,127,0,0,0,0,8,1
125,9,29,2,23,2,24.5,2
125,41,23,2,20,2,21,2
125,69,2,1,2,1,2,1
125,96,2,1,2,1,2,1
125,97,74.5,3,67.5,3,63.5,3
125,98,7,1,7,1,7,1
125,102,0,0,3.5,1,3,1
125,125,66.5,1,72.5,1,43.5,1
125,126,41,2,37,2,22,3
125,127,49,3,47,4,41,3
126,8,1,1,1,1,1,1
126,9,58,2,62,2,55,2
126,41,57,3,57,3,58,3
126,58,3,2,3,2,5,2
126,69,2,1,1,1,1,1
126,70,41,3,41,3,40,3
126,87,36,2,36,2,35,2
126,88,15,2,16,2,14,2
126,122,1,1,1,1,0,0
126,125,10,1,10,2,36,1
126,126,41,3,38,3,47,2
126,127,203.5,1,186,1,177,1
127,40,3,1,3,1,0,0
127,41,17,2,23,2,24,3
127,57,11,2,11,2,8,2
127,58,39,3,34,3,34,2
127,70,77,1,67,2,69,2
127,71,3.5,1,1,1,4,1
127,87,9,1,9,1,9,1
127,120,20,2,16,2,23,2
127,121,43,3,41,3,43,3
127,125,5,1,5,1,1,1
127,126,144,2,136.5,2,118,1
127,127,149,2,158,2,173,2