x,y,ind2015,ind_snv2015,ind2017,ind_snv2017,ind2019,ind_snv2019,ind2021,ind_snv2021
0,114,,,,,2,50017.6,2,44143.5
0,122,2,43405.7,2,40653.8,2,46354.8,,
1,3,3,69751.7,2,47824.2,1,23097.6,,
1,8,1,23250.6,1,23912.1,1,23097.6,3,70637.3
1,119,5,104658.5,4,89862.1,5,100737.5,4,88286.9
2,3,,,,,4,92390.4,3,70637.3
2,25,2,40196.7,2,42504.5,2,40441.3,2,44437.3
2,121,4,86811.4,6.5,132124.9,7.5,173830.4,6.5,133405
3,2,1,23250.6,1,23912.1,1,23097.6,1,23545.8
3,3,2,46501.1,2,47824.2,2,46195.2,2,47091.5
3,27,1,20098.4,1,21252.2,1,20220.6,1,22218.6
3,68,4,92790.9,4,88825.7,4,94469.5,,
3,75,2,46395.4,2,44412.9,2,47234.8,2,50137.3
3,116,5,104658.5,7,157258.7,7,141032.5,7,154502.1
3,117,10,209317,9,202189.8,7,141032.5,7,154502.1
3,120,14,303840.1,14,284576.8,9,208596.5,4,82095.4
3,121,16.5,358097.2,12,243923,14,324483.5,12.5,256548
4,2,3,69751.7,3,71736.3,3,69292.8,3,70637.3
4,60,9,208779.4,9,199857.8,9,212556.5,8,200549.3
4,116,25,523292.6,24,539172.7,22.5,453318.6,13,286932.4
4,117,2,41863.4,6,134793.2,4,80590,2,44143.5
4,120,7,151920,10,203269.1,12,278128.7,13,266809.9
4,121,4,86811.4,7,142288.4,7,162241.7,7,143666.9
5,0,39,604250,35,655458.7,31,617319.9,22,518006.9
5,60,1,23197.7,,,,,,
5,68,,,,,2,47234.8,2,50137.3
5,114,4,79139.8,4,85768.2,4,93676.5,4,95670.1
5,115,8,169365.5,9,202549.9,7,155950.6,6,137911.4
5,116,25,565560.1,28,591651.5,24,483261.5,23,528660.3
5,118,5,105853.4,5,112527.7,8,178229.2,8,183881.8
5,120,,,4,81307.7,1,23177.4,4.5,92357.3
6,0,3,63756.7,6,133787.1,10,236953.4,7,164820.4
6,1,3,63756.7,,,,,,
6,3,2,42504.5,2,44595.7,1,23695.3,1,23545.8
6,6,1,23250.6,1,23912.1,1,23097.6,1,23545.8
6,16,,,4,68641.1,5,94146,5,97772.4
6,57,3,56176.5,,,2,39302.4,2,37748.3
6,112,,,,,3,70257.4,2,47835
6,113,2,39569.9,2,42884.1,2,46838.2,2,47835
6,114,10,197849.6,14,300188.7,6.5,152224.3,6,143505.1
6,115,18,381072.4,19,427605.2,14,311901.2,11,252837.5
6,116,17,359901.7,16.5,371341.4,19,423294.4,17,390748.9
6,117,10,211706.9,9.5,213802.6,8.5,189368.6,8,183881.8
6,118,4,84682.8,3,67516.6,3,66836,3,68955.7
7,0,7,148765.6,7,156084.9,7,165867.4,9,211911.9
7,1,5,106261.2,10,222978.5,8,189562.7,11,259003.5
7,6,3,69751.7,3,71736.3,3,69292.8,,
7,57,,,3,60792.2,,,,
7,113,10,197849.6,10,214420.5,11,257610.4,14,334845.3
7,114,3,59354.9,2,42884.1,2,46838.2,3,71752.6
7,115,29,557111.2,26,554702.9,24,534687.7,26,495904.4
7,116,24,530625.1,30,650096.6,27,537577.8,19,436719.3
7,117,7,148194.8,7,157538.8,9,200507.9,5,114926.1
7,120,3,65108.6,3,60980.7,3,69532.2,3,61571.5
7,122,2,43405.7,2,40653.8,2,46354.8,2,41047.7
8,3,1,21252.2,2,44595.7,1,23695.3,1,23545.8
8,4,2,42504.5,1,22297.8,1,23695.3,1,23545.8
8,5,3,69751.7,3,71736.3,3,69292.8,1,23545.8
8,57,1,18725.5,1,20264.1,,,,
8,72,,,1,22206.4,,,,
8,112,9,178064.7,11,235862.6,12,281029.5,9,215257.7
8,114,9,178064.7,9,192978.5,9,210772.1,9,215257.7
8,115,26,550437.9,23,517627.4,26,565276.1,25,647496.1
8,116,43,845516.2,32.5,741896.9,35.5,823695.6,31.5,751794.4
8,119,5,105853.4,5,112527.7,4,89114.6,4,91940.9
9,6,6,139503.3,6,143472.7,6,138585.7,2,47091.5
9,13,1,19489.7,1,17160.3,1,18829.2,1,19554.5
9,57,1,18725.5,1,20264.1,2,39302.4,2,37748.3
9,60,,,2,44412.9,1,23617.4,1,25068.7
9,63,3,69593.1,3,66619.3,3,70852.2,3,75206
9,64,3,69593.1,2,44412.9,2,47234.8,4,100274.6
9,115,2,42341.4,2,45011.1,2,44557.3,2,45970.5
9,116,3,63512.1,2,45011.1,2,44557.3,,
10,1,2,38979.5,2,34320.5,,,4,78217.9
10,2,3,58469.2,3,51480.8,3,56487.6,3,58663.4
10,14,1,19489.7,1,17160.3,1,18829.2,1,19554.5
10,16,1,19489.7,5,85801.4,3,56487.6,3,58663.4
10,57,4,74902,4,81056.3,4,78604.7,2,37748.3
10,60,1,23197.7,,,,,,
10,61,,,1,22206.4,,,,
11,60,2,46395.4,,,,,,
11,61,1,23197.7,1,22206.4,1,23617.4,1,25068.7
11,108,3,59354.9,2,42884.1,2,50017.6,2,44143.5
12,24,2,40196.7,2,42504.5,2,40441.3,2,44437.3
12,65,1,23197.7,1,22206.4,2,47234.8,2,50137.3
12,118,1,19785,3,64326.2,3,75026.4,1,22071.7
13,118,4,79139.8,3,64326.2,2.5,62522,3,66215.2
14,18,4,77959,4,68641.1,3,56487.6,2,39108.9
14,23,2,40196.7,2,42504.5,2,40441.3,2,44437.3
14,68,2,46395.4,3,66619.3,3,70852.2,3,75206
14,116,2,39569.9,2,42884.1,2,50017.6,2,44143.5
14,117,3,59354.9,4,85768.2,3,75026.4,1,22071.7
14,118,7,138494.7,5,107210.3,5,125044.1,5,110358.6
15,3,3,58469.2,3,51480.8,2,37658.4,2,39108.9
15,6,1,19489.7,1,17160.3,1,18829.2,1,19554.5
15,66,2,46395.4,2,44412.9,,,,
15,68,4,92790.9,4,88825.7,3,70852.2,3,75206
16,4,3,58469.2,2,34320.5,1,18829.2,4,78217.9
16,6,1,19489.7,1,17160.3,1,18829.2,1,19554.5
16,20,4,80393.4,3,63756.7,3,60661.9,3,66655.9
16,66,3,69593.1,4,88825.7,2,47234.8,2,50137.3
16,67,6,139186.3,4,88825.7,4,94469.5,4,100274.6
16,79,1,23197.7,1,22206.4,2,47234.8,2,50137.3
16,80,2,41135.7,2,36989.9,2,32033.3,2,42052.7
17,73,,,,,3,70852.2,3,75206
18,4,1,19489.7,1,17160.3,1,18829.2,1,19554.5
18,73,3,69593.1,2,44412.9,2,47234.8,2,50137.3
19,0,2,38979.5,2,34320.5,,,,
19,5,1,19489.7,1,17160.3,1,18829.2,1,19554.5
20,0,2,41252.4,1,20275.9,1,20798.5,1,23407.3
20,3,2,41252.4,2,40551.7,2,41597,2,46814.6
21,1,1,20626.2,1,20275.9,1,20798.5,1,23407.3
21,82,2,41135.7,1,18495,1,16016.6,2,42052.7
21,95,1,20567.9,2,36989.9,,,3,63079.1
22,1,1,20626.2,,,1,20798.5,2,46814.6
23,1,4,82504.8,5,101379.4,3,62395.4,3,70221.8
23,44,3,56176.5,3,60792.2,1,19651.2,,
24,104,2,47414.1,2,48480.1,2,44240.6,2,47027.2
25,3,3,61878.6,3,60827.6,3,62395.4,3,70221.8
25,87,2,41135.7,2,36989.9,1,16016.6,1,21026.4
26,2,5,103131,5,101379.4,2,41597,4,93629.1
26,87,3,61703.6,3,55484.9,2,32033.3,2,42052.7
27,3,5,103131,5,101379.4,5,103992.4,5,117036.4
27,85,2,41135.7,,,3,48049.9,1,21026.4
27,86,1,20567.9,2,36989.9,4,64066.5,5,105131.8
28,3,7,144383.5,11,223034.6,10,207984.8,7,163850.9
28,4,8,165009.7,9,182482.9,11,228783.3,9,210665.5
28,51,1,18725.5,,,,,,
28,85,2,41135.7,3,55484.9,2,32033.3,1,21026.4
29,2,,,,,3,62395.4,3,70221.8
29,3,7,144383.5,7,141931.1,4,83193.9,4,93629.1
29,51,,,2,40528.1,2,39302.4,2,37748.3
30,1,3,60295.1,2,42504.5,2,40441.3,2,44437.3
30,2,5,100491.8,5,106261.1,5,101103.2,4,88874.6
30,29,2,51103.5,,,,,2,46314.3
30,32,,,,,1,23335.3,,
30,83,3,61703.6,12,221939.4,9,144149.7,1,21026.4
30,87,3,61703.6,3,55484.9,4,64066.5,4,84105.5
31,0,3,60295.1,3,63756.7,3,60661.9,3,66655.9
31,28,2,51103.5,2,39798.4,2,46670.6,2,46314.3
31,30,1,25551.7,1,19899.2,1,23335.3,1,23157.1
31,76,16,336835.8,11,231367.7,13,256267.5,10,232252.3
31,77,,,5,105167.1,5,98564.4,5,116126.2
31,81,1,20567.9,1,18495,1,16016.6,1,21026.4
32,0,1,20098.4,1,21252.2,1,20220.6,1,22218.6
32,33,1,25551.7,1,19899.2,1.5,35003,2,46314.3
32,72,3,63156.7,3,75489,3,59138.7,3,87011.2
32,75,5,105261.2,4,84133.7,4,78851.5,4,92900.9
32,76,46,546506.3,44,703966.1,36,556782.4,33,529998.1
32,77,9,189470.2,10,210334.3,5,98564.4,6,139351.4
32,112,7,165949.5,7,169680.2,5,110601.6,5,117568
32,113,2,47414.1,2,48480.1,3,66361,2,47027.2
33,0,1,20098.4,,,1,20220.6,,
33,72,,,6,150977.9,4,78851.5,5,145018.6
33,75,4,84209,8,168267.4,4,78851.5,6,139351.4
33,76,16,336835.8,14,294468,15,365287.6,11,255477.6
33,77,10,210522.4,10,210334.3,14,275980.4,13,301928.1
33,79,1,21052.2,1,21033.4,1,19712.9,1,23225.2
33,111,9,213363.7,9,218160.3,8,176962.6,4,94054.4
33,113,6,142242.4,9,218160.3,11,243323.5,7,164595.2
34,0,3,60295.1,3,63756.7,2,40441.3,2,44437.3
34,31,4,102207,4,79596.9,2,46670.6,5,115785.7
34,32,1,25551.7,4,79596.9,5,116676.5,5,115785.7
34,74,8,168417.9,7,176140.9,5,98564.4,5,145018.6
34,75,25,537191.4,22,559179.5,21,608823,23,598376.8
34,76,16,336835.8,16,336534.9,18,354831.9,17,391035.9
34,77,4,84209,4,84133.7,4,78851.5,4,92900.9
34,78,5,105261.2,5,105167.1,5,98564.4,4,92900.9
34,110,,,,,2,44240.6,,
34,111,29,483181.8,27,523369.3,25,553008.1,10,235135.9
34,112,3,71121.2,2,48480.1,9,199082.9,8,188108.7
34,113,7,165949.5,5,121200.1,6,132721.9,4,94054.4
35,0,4,80393.4,4,85008.9,4,80882.5,4,88874.6
35,32,8,204413.9,3,59697.7,3,70005.9,,
35,33,,,3,59697.7,3,70005.9,4,92628.6
35,39,2,41876.5,2,38485.7,2,44909.1,2,45562.7
35,42,2,37451,2,40528.1,2,39302.4,,
35,43,4,74902,6,121584.4,1,19651.2,1,18874.2
35,70,2,44509.6,2,43964,2,44433.6,2,44836.6
35,72,1,22254.8,1,21982,,,,
35,73,15,333822.1,13,285766.1,16,355468.8,12,269019.8
35,74,16,320394.4,17,283115.8,20,358613.3,16,358693.1
35,75,49,827479.9,43,821725.8,49,898295.8,41,813668.8
35,76,15,307681.4,33,575311.3,32,685503.8,28,695646.6
35,77,69.5,1430143.7,55,1058466.2,62,1195465.3,65,1182878.5
35,78,4,82048.4,4,103452.7,4,87731.9,4,89271.2
35,79,,,,,3,65798.9,1.5,33476.7
35,80,2,41135.7,2,36989.9,1,16016.6,1,21026.4
35,81,7,143975,6,110969.7,5,80083.2,5,105131.8
35,111,1,19741.7,1,21820.1,1,23093.4,,
35,112,25,493541.7,17,370941.5,16,369494.7,14,333212.3
35,113,22,434316.7,19,414581.7,17,392588.1,18,428415.8
35,126,5,111700,5,123427.2,5,113383.5,5,130324.7
36,38,3,62814.7,,,5,112272.7,5,113906.8
36,43,2,37451,4,81056.3,2,39302.4,4,75496.6
36,44,,,2,40528.1,2,39302.4,1,18874.2
36,69,1,21052.2,1,25163,,,2,58007.5
36,73,14,311567.3,18,395676.1,13,288818.4,17,381111.4
36,74,39,760252.6,35.5,767762.8,41.5,951906.7,37.5,859169.2
36,75,34,686742.2,48,886087,39,695360.7,44,759627.5
36,76,32,530255.8,34,584494.5,48,828739.2,45,865249.5
36,77,15,307681.4,25,646579.2,14,307061.6,12,267813.5
36,78,64,1023827.3,60,927311.7,44,769893.4,41,763011.1
36,79,9.5,194864.9,6.5,168110.6,12,263195.6,9,200860.1
36,112,10,197416.7,8,174560.7,8,184747.3,4,95203.5
36,113,20,394833.3,16,349121.4,21,484961.7,10,238008.8
37,35,3,62814.7,2,38485.7,2,44909.1,2,45562.7
37,37,2,41876.5,2,38485.7,2,44909.1,,
37,38,2,41876.5,2,38485.7,2,44909.1,2,45562.7
37,40,,,,,3,58953.6,2,37748.3
37,42,3,56176.5,3,60792.2,3,58953.6,3,56622.5
37,43,2,37451,3,60792.2,6,117907.1,2,37748.3
37,69,2,42104.5,2,50326,3,59138.7,3,87011.2
37,70,3,66764.4,3,65946,3,66650.4,2,44836.6
37,71,1,22254.8,1,21982,1,22216.8,,
37,73,33,558317.7,35,656936.1,27,529324.5,24,521011
37,74,20,445096.2,22,510205.5,18,399902.4,18.5,414738.9
37,75,28,600104.5,24,561743.7,26,645176.2,20,547634.2
37,76,12,246145.1,9,232768.5,10,219329.7,15,334766.9
37,77,38,779459.5,37,720799.3,34,745721,34,758805
37,78,10,205120.9,9,232768.5,26,570257.2,22,490991.5
37,107,3,71121.2,3.5,84840.1,2,44240.6,2,47027.2
37,112,2,39483.3,,,,,,
37,113,10,197416.7,9,196380.8,11,254027.6,3,71402.6
38,28,2,51103.5,5,99496.1,,,,
38,33,3,76655.2,3,59697.7,3,70005.9,3,69471.4
38,34,4,102207,4,79596.9,4,93341.2,4,92628.6
38,35,6,125629.4,7,134700.1,9,202090.9,8,182250.8
38,38,3,62814.7,5,96214.3,5,112272.7,5,113906.8
38,40,4,74902,4,81056.3,1,19651.2,2,37748.3
38,41,,,,,1.5,29476.8,2,37748.3
38,68,4,84209,4,100652,4,78851.5,3,87011.2
38,69,2,42104.5,2,50326,2,39425.8,2,58007.5
38,71,2,44509.6,,,1,22216.8,1,22418.3
38,73,,,4,87928,4,88867.2,,
38,74,20,445096.2,20,439640.1,21,466552.8,16,358693.1
38,75,26,628815.3,29,821706,35,830010.8,34,856003.5
38,76,,,,,1,21933,1,22317.8
38,77,1,20512.1,,,,,,
38,82,,,,,12,192199.6,11,231290
38,87,2,41135.7,2,36989.9,2,32033.3,2,42052.7
38,106,3,71121.2,1,24240,1,22120.3,1,23513.6
38,107,1,23707.1,1,24240,1,22120.3,1,23513.6
38,113,2,39483.3,2,43640.2,2,46186.8,2,47601.8
39,29,3,76655.2,3,59697.7,2,46670.6,2,46314.3
39,35,2,41876.5,5,96214.3,5,112272.7,6,136688.1
39,36,15,314073.4,14,269400.1,20,449091,16,364501.7
39,37,15,314073.4,18,346371.6,19,426636.4,16,364501.7
39,38,39,765914,34,744602.4,31,739913.6,28,767515.3
39,39,9,188444,8,153942.9,8,179636.4,10,227813.6
39,72,3,66764.4,3,65946,3,66650.4,3,67255
39,73,4,89019.2,1,21982,3,66650.4,2,44836.6
39,74,6,133528.9,7,153874,5,111084,3,67255
39,75,6,123072.5,9,232768.5,8,175463.8,10,223177.9
39,82,12,246814.3,12,221939.4,8,128133.1,8,168210.9
39,107,1,23707.1,3,72720.1,1,22120.3,1,23513.6
39,108,1,23707.1,2,48480.1,1,22120.3,1,23513.6
39,110,10,197416.7,10,218200.9,8,184747.3,8,190407
40,35,12,235561.5,14,284980.2,14,302493.8,9.5,240005.9
40,36,6,117780.8,5,101778.6,5,108033.5,4,101055.1
40,38,6,117780.8,6,122134.4,8,172853.6,8,202110.2
40,39,19,372972.4,18,366403.1,23,496954.1,17,429484.2
40,40,20,382075,18,381121.1,16,315340.5,14,313314.8
40,42,1,19103.8,1,21173.4,1,19708.8,1,22379.6
40,43,2,38207.5,2,42346.8,2,39417.6,1,22379.6
40,68,3,53230.7,3,67793,3,61357,3,74926.7
40,72,6,140453.6,7,173092.4,8,195518.9,8,182803.8
40,77,5,117044.7,5,123637.4,4,97759.4,4,91401.9
40,92,2,48894,2,49079.6,2,51898.1,2,53825.9
40,103,6,118165.3,8,181999.9,8,198030.3,1,25407.3
40,108,6,120492.2,1,20659.1,2,43902.9,,
40,110,2,39388.4,2,45500,2,49507.6,2,50814.5
41,30,2,39260.3,5,101778.6,5,108033.5,5,114774.6
41,38,4,78520.5,4,81422.9,4,86426.8,3,75791.3
41,39,9,176671.1,9,183201.5,10,216067,4,101055.1
41,40,17,324763.8,12,254080.7,14,275922.9,12,268555.6
41,41,3,57311.3,3,63520.2,6,118252.7,8,179037
41,42,2,38207.5,2,42346.8,2,39417.6,2,44759.3
41,44,2,38207.5,3,63520.2,1,19708.8,1,22379.6
41,45,2,42915.2,2,42468.8,,,,
41,49,6,128745.5,6,127406.3,6,139062,5,121065.2
41,67,5,88717.8,5,112988.3,4,81809.4,4,99902.3
41,70,,,,,3,73319.6,3,68551.4
41,71,7,163862.6,7,173092.4,6,146639.2,6,137102.8
41,76,9,210680.4,8,197819.9,9,219958.8,9,205654.2
41,77,2,46817.9,8,197819.9,8,195518.9,9,205654.2
41,96,3,73340.9,3,73619.4,3,77847.2,3,80738.8
41,103,5,98471.1,7,159249.9,8,198030.3,9,228665.4
41,104,,,,,1,24753.8,,
41,106,5,100410.1,5,103295.4,6,131708.6,,
42,30,3,58890.4,3,61067.2,2,43213.4,2,45909.8
42,38,1,19630.1,1,20355.7,2,43213.4,2,50527.6
42,39,6,117780.8,6,122134.4,1,21606.7,2,50527.6
42,40,4,76415,4,84693.6,13.5,266068.5,8,179037
42,69,5,88717.8,5,112988.3,5,102261.7,1.5,37463.4
42,70,,,1,24727.5,,,,
42,71,3,70226.8,2,49455,4,97759.4,3,68551.4
42,73,4,93635.7,4,98909.9,3,73319.6,2,45700.9
42,75,3,70226.8,3,74182.5,3,73319.6,3,68551.4
42,77,1,23408.9,1,24727.5,1,24439.9,1,22850.5
42,82,4,103441.1,4,88356.8,4,107504.3,4,107651.7
42,94,2,48894,2,49079.6,2,51898.1,2,53825.9
42,99,2,48894,2,49079.6,4,103796.2,4,107651.7
42,100,,,2,45500,,,,
42,105,2,40164.1,3,61977.3,,,2,50814.5
42,107,3,60246.1,3,61977.3,3,65854.3,1,25407.3
42,108,1,20082,1,20659.1,1,21951.4,1,25407.3
43,37,,,,,,,1,25263.8
43,40,16,305660,15,317600.9,14,275922.9,19,425213
43,42,,,2,42346.8,,,,
43,50,1,21230,1,23324.5,1,23298.8,1,25590.9
43,69,1,17743.6,1,22597.7,1,20452.3,,
43,82,1,25860.3,,,2,53752.1,2,53825.9
43,99,1,24447,1,24539.8,,,,
43,100,5,98471.1,3,68250,3,74261.4,3,76221.8
43,105,12,240984.3,11,227249.9,10,219514.4,10.5,266776.4
43,106,,,,,2,43902.9,,
44,29,2,45641.5,2,50198.6,2,49232.1,2,45909.8
44,30,5,98150.6,4,81422.9,7,151246.9,7,160684.4
44,40,10,191037.5,10,211734,11,216796.6,9,201416.7
44,41,2,38207.5,2,42346.8,2,39417.6,2,44759.3
44,67,5,88717.8,5,112988.3,4,81809.4,4,99902.3
44,68,3,53230.7,3,67793,3,61357,3,74926.7
44,69,2,35487.1,2,45195.3,,,,
44,93,3,73340.9,3,73619.4,3,77847.2,3,80738.8
44,99,2,48894,2,49079.6,2,51898.1,3,80738.8
44,104,3,59082.7,6,136499.9,5,123768.9,3,76221.8
44,105,3,60246.1,1,20659.1,1,21951.4,,
45,29,2,45641.5,2,50198.6,1,24616,1,22954.9
45,30,2,39260.3,2,40711.5,4,86426.8,5,114774.6
45,31,2,39260.3,2,40711.5,2,43213.4,,
45,40,1,21457.6,1,21234.4,1,23177,1,24213
45,41,7,150203,6,127406.3,5,115885,5,121065.2
45,43,,,,,1,23177,1,24213
45,44,2,42915.2,2,42468.8,2,46354,,
45,45,9,193118.2,6,127406.3,7,162239,5,121065.2
45,62,1,17743.6,1,22597.7,1,20452.3,1,24975.6
45,67,1,17743.6,,,1,20452.3,2,49951.1
45,68,9.5,168563.8,3.5,79091.8,4,81809.4,7,174829
45,69,,,,,2,40904.7,2,49951.1
45,70,2,46817.9,2,49455,2,48879.7,2,45700.9
45,71,,,3,74182.5,4,97759.4,4,91401.9
45,95,,,,,,,1,26912.9
45,98,,,,,2,51898.1,,
45,99,2,48894,2,49079.6,2,51898.1,,
45,104,,,1,22750,1,24753.8,1,25407.3
46,45,9,193118.2,8,169875.1,9,208593.1,9,217917.4
46,46,4,85830.3,4,84937.5,,,1,24213
46,48,,,,,,,1,24213
46,69,3,53230.7,3,67793,2,40904.7,2,49951.1
47,41,,,,,,,1,24213
47,97,4,97787.9,3,73619.4,3,77847.2,3,80738.8
47,103,3,59082.7,3,68250,3,74261.4,,
48,65,1,17743.6,1,22597.7,1.5,30678.5,1.5,37463.4
48,90,2,48894,2,49079.6,5,129745.3,6,161477.6
48,94,,,,,2,51898.1,,
48,95,2,48894,2,49079.6,,,,
48,103,2,39388.4,2,45500,1,24753.8,,
49,70,1,23408.9,,,,,2,45700.9
49,93,1,24447,1,24539.8,1,25949.1,,
50,4,4,88643.9,4,94268.6,4,94722.9,6,164708.3
50,17,4.5,99724.4,4.5,106052.1,4,94722.9,3.5,96079.8
50,22,4,91283,4,100397.3,4,98464.2,4,91819.7
50,46,3,63690,3,69973.5,3,69896.4,3,76772.6
50,69,,,,,,,3,74926.7
50,70,,,,,2,40904.7,2,49951.1
50,71,3,53230.7,2,45195.3,,,,
50,93,3,77580.9,4,88356.8,4,107504.3,4,107651.7
51,4,2,44322,4,94268.6,1,23680.7,3,82354.1
51,17,1,22161,,,,,1,27451.4
51,19,,,,,,,1,27451.4
51,23,1.5,34231.1,,,3,73848.1,4,91819.7
51,42,3,63690,3,69973.5,3,69896.4,1,25590.9
51,43,6,127380,6,139947.1,4,93195.2,4,102363.5
52,115,4,78776.9,4,91000,3,74261.4,2,50814.5
53,21,2,45641.5,2,50198.6,,,,
53,23,1,22820.7,1,25099.3,6,147696.2,3,68864.8
53,56,2,42460,7,163271.6,5,116494,7,179136.2
53,88,,,1,22089.2,1,26876.1,1,26912.9
53,89,2,51720.6,2,44178.4,1,26876.1,,
54,5,3,66482.9,3,70701.4,,,,
54,53,6,127380,6,139947.1,5,116494,5,127954.4
54,56,1,21230,1,23324.5,,,,
54,57,3,63690,1,23324.5,1,23298.8,1,25590.9
55,5,,,,,4,94722.9,4,109805.5
55,44,3,63690,,,2,46597.6,2,51181.8
55,84,2,51720.6,2,44178.4,2,53752.1,2,53825.9
55,85,2,51720.6,2,44178.4,2,53752.1,2,53825.9
56,3,,,2,47134.3,1,23680.7,2,54902.8
56,17,3,66482.9,3,70701.4,2,47361.4,2,54902.8
56,47,2,42460,2,46649,2,46597.6,,
57,26,2,45641.5,1,25099.3,1,24616,1,22954.9
57,42,2,42460,2,46649,2,46597.6,2,51181.8
57,47,,,,,,,2,51181.8
58,0,,,2,47134.3,2,47361.4,,
58,22,1,22820.7,1,25099.3,1,24616,,
58,23,3,68462.2,3,75298,3,73848.1,3,68864.8
58,78,5,88717.8,5,112988.3,4,81809.4,3,74926.7
59,0,2,44322,,,,,,
59,1,3,66482.9,7,164970,7,165765,6,164708.3
59,2,4,88643.9,,,,,,
59,18,2,44322,2,47134.3,2,47361.4,2,54902.8
59,25,6,136924.5,6,150595.9,1,24616,2,45909.8
59,82,4,103441.1,2,44178.4,3,80628.2,2,53825.9
60,15,16,286818.7,16.5,310890,16,309075.8,13,269418
60,22,5,94936.4,2,40029.2,1,20684.8,,
60,23,3,56961.8,3,60043.8,3,62054.3,3,64381.4
60,24,4,75949.1,4,80058.4,3,62054.3,3,64381.4
60,42,2,41271.6,2,40383.6,2,45987.7,2,52478.8
60,44,2,41271.6,2,40383.6,2,45987.7,2,52478.8
60,49,1,20635.8,1,20191.8,,,,
61,12,,,,,4,82191.8,1,23109.9
61,13,4,82598.9,4,79894.3,,,,
61,15,17,304744.9,14,263785.5,14,270441.4,14,290142.5
61,17,1,17926.2,1,18841.8,1,19317.2,,
61,44,2,41271.6,1,20191.8,4,91975.5,3,78718.3
61,49,4,82543.1,3,60575.3,,,,
61,58,2,41271.6,2,40383.6,2,45987.7,2,52478.8
62,15,22,394375.7,24,452203.7,19,367027.6,18,373040.3
62,16,7,125483.2,10,188418.2,10,193172.4,11,227969.1
62,17,2,35852.3,2,37683.6,2,38634.5,2,41448.9
62,57,,,3,60575.3,3,68981.6,3,78718.3
62,58,2,41271.6,5,100958.9,4,91975.5,3,78718.3
63,11,1,20649.7,1,19973.6,1,20547.9,,
63,12,2,41299.4,2,39947.2,2,41095.9,2,46219.8
63,13,9,185847.5,13,259656.5,7,143835.6,7,161769.4
63,14,4,82598.9,4,79894.3,7,143835.6,7,161769.4
63,15,39,599318.7,34,546194.8,29,548554.9,27,493668.3
63,16,7,125483.2,9,169576.4,7,135220.7,9,186520.2
63,17,4,71704.7,3,56525.5,4,77269,7,145071.2
63,58,3,61907.3,4,80767.1,3,68981.6,2,52478.8
64,7,1,22685.4,,,1,22644.5,1,24965.3
64,13,,,3,59920.7,3,61643.8,3,69329.7
64,14,28,578192.1,29,545721.2,24,493150.6,34.5,797292.1
64,15,21,376449.5,20,376836.4,15,289758.6,8,165795.7
64,16,7,125483.2,8,150734.6,7,135220.7,2,41448.9
64,19,5,89630.8,,,2,38634.5,2,41448.9
64,79,5,95046.7,5,106200.9,5,121597.2,5,151021.1
65,1,6,136112.1,,,,,,
65,6,6,136112.1,6,138267.6,5,113222.3,5,124826.5
65,14,4,86068.9,4,91773.8,3,72192,3,80981.8
65,17,5,107586.1,5,114717.3,9,216576,6,161963.5
65,18,27,580964.9,36,825964.3,28,673792.1,25,674848
65,19,4,86068.9,4,91773.8,,,,
65,25,1,18987.3,4,80058.4,4,82739.1,4,85841.8
65,54,5,103178.9,5,100958.9,3,68981.6,5,131197.1
65,55,1,20635.8,1,20191.8,1,22993.9,1,26239.4
65,57,,,,,,,1,26239.4
66,17,22,473378.8,20,458869.1,25,601600.1,23,620860.2
66,18,14,301241,13,298264.9,11,264704.1,10,269939.2
66,57,7,144450.4,6,121150.7,1,22993.9,3,78718.3
66,59,3,61907.3,4,80767.1,4,91975.5,4,104957.7
66,79,5,95046.7,5,106200.9,4,97277.7,3,90612.7
66,82,,,,,2,53752.1,2,50814.5
67,2,2,45370.7,6,138267.6,6,135866.7,,
67,11,2,43034.4,2,45886.9,2,48128,2,53987.8
67,13,4,86068.9,3,68830.4,2,48128,3,80981.8
67,14,2,43034.4,2,45886.9,2,48128,,
67,19,4,86068.9,2,45886.9,3,72192,5,134969.6
67,20,5,94936.4,5,100072.9,2,41369.5,2,42920.9
67,21,5,94936.4,3,60043.8,3,62054.3,3,64381.4
67,77,4,76037.3,2,42480.4,4,97277.7,,
67,79,4,76037.3,2,42480.4,2,48638.9,2,60408.4
67,82,3,77580.9,3,66267.6,2,53752.1,2,50814.5
68,3,6,136112.1,5,115223,2,45288.9,2,49930.6
68,11,1,21517.2,1,22943.5,1,24064,1,26993.9
68,18,2,43034.4,2,45886.9,2,48128,2,53987.8
68,20,3,56961.8,4,80058.4,6,124108.6,4,85841.8
68,21,8,151898.2,8,160116.7,9,186162.9,8,171683.6
68,73,1,19009.3,1,21240.2,1,24319.4,1,30204.2
68,77,4,76037.3,4,84960.7,4,97277.7,,
69,3,1,22685.4,1,23044.6,4,90577.8,5,124826.5
69,4,5,113426.8,2,46089.2,2,45288.9,2,49930.6
69,22,5,94936.4,5,100072.9,4,82739.1,8,171683.6
69,23,3,56961.8,3,60043.8,2,41369.5,2,42920.9
69,77,1,19009.3,1,21240.2,1,24319.4,1,30204.2
70,21,2,44322,2,47134.3,2,47361.4,1,26236
70,22,,,4,94268.6,4,94722.9,10,262360.5
70,23,11,243770.8,9,212104.3,8,189445.8,4.5,118062.2
71,17,,,,,1,22644.5,1,24965.3
71,78,3,57028,2,42480.4,2,48638.9,2,60408.4
71,82,2,51720.6,6,132535.2,5,134380.4,1,25407.3
72,6,3,68056.1,3,69133.8,2,45288.9,2,49930.6
72,7,4,90741.4,6,138267.6,8,181155.6,9,224687.7
72,8,5,113426.8,5,115223,5,113222.3,5,124826.5
72,9,2,45370.7,2,46089.2,2,45288.9,,
72,10,4,90741.4,3,69133.8,,,2,49930.6
72,16,,,,,2,45288.9,2,49930.6
72,17,5,113426.8,5,115223,5,113222.3,4,99861.2
72,78,2,38018.7,2,42480.4,2,48638.9,1,30204.2
72,82,2,51720.6,5,110446,6,161256.4,4,101629.1
73,6,,,,,1,22644.5,,
73,7,3,68056.1,3,69133.8,2,45288.9,2,49930.6
73,39,1,22161,1,23567.1,1,23680.7,4,104944.2
73,78,2,38018.7,2,42480.4,2.5,60798.6,1,30204.2
73,82,2,51720.6,2,44178.4,2,53752.1,2,50814.5
75,42,5,103178.9,5,100958.9,4,91975.5,4,104957.7
75,77,2,38018.7,2,42480.4,2,48638.9,1,30204.2
76,31,2,44322,2,47134.3,2,47361.4,2,52472.1
76,42,2,41271.6,2,40383.6,2,45987.7,2,52478.8
76,77,,,3,63720.5,3,72958.3,3,90612.7
77,30,3,66482.9,2,47134.3,,,,
77,31,,,,,2,47361.4,2,52472.1
77,66,2,38018.7,2,42480.4,3,72958.3,3,90612.7
78,42,3,61907.3,2,40383.6,2,45987.7,2,52478.8
78,76,,,,,2,48638.9,3,90612.7
80,66,1,24587.1,,,,,,
81,65,1.5,36880.6,1,22841.8,1,23771.9,1,24510.6
82,65,3,73761.2,2,45683.5,2,47543.9,2,49021.2
84,63,2,49174.1,2,45683.5,2,47543.9,4,98042.4
86,31,1,21803.1,1,21599.1,1,26633.7,1,26497.3
86,36,,,1,21599.1,,,,
86,37,3,65409.2,3,64797.2,,,,
86,61,3,73761.2,3,68525.3,3,71315.8,3,73531.8
86,93,3,67664.7,2,49303.7,3,88724.5,2,59087.1
87,33,2,43606.1,2,43198.1,2,53267.5,2,52994.6
87,38,1.5,32704.6,2,43198.1,2,53267.5,2,52994.6
87,61,2,49174.1,2,45683.5,2,47543.9,2,49021.2
88,30,9,196227.6,9,194391.5,9,239703.7,8,211978.6
88,33,5,109015.3,5,107995.3,2,53267.5,1,26497.3
88,37,2,43606.1,2,43198.1,,,,
88,38,3.5,76310.7,2.5,53997.6,,,2,52994.6
88,59,2,49174.1,2,45683.5,2,47543.9,2,49021.2
89,23,1,21803.1,1,21599.1,,,,
89,30,2,43606.1,2,43198.1,2,53267.5,,
89,33,,,,,2,53267.5,2,52994.6
89,37,4,87212.3,8,172792.5,6,159802.4,6,158983.9
89,59,,,2,45683.5,,,,
90,24,2,43606.1,2,43198.1,2,53267.5,2,52994.6
90,30,3,68323.2,3,67693,3,66726.9,,
90,33,2,45548.8,2,45128.6,8,177938.5,2,53221.5
90,37,,,,,4,88969.3,1,26610.8
90,38,4,91097.6,4,90257.3,3,66726.9,2,53221.5
90,59,2,49174.1,2,45683.5,2,47543.9,2,49021.2
91,39,1,22774.4,1,22564.3,1,22242.3,,
91,57,6,147522.3,6,137050.6,6,142631.6,6,147063.6
92,29,5,109015.3,5,107995.3,4,106535,4,105989.3
92,38,1,22774.4,1,22564.3,1,22242.3,1,26610.8
92,41,7,172109.4,6,137050.6,3.5,83201.7,1,24510.6
92,42,,,,,,,2,49021.2
92,57,2,49174.1,2,45683.5,2,47543.9,2,49021.2
93,23,2,43606.1,2,43198.1,1,26633.7,,
93,35,4,91097.6,4,90257.3,5,111211.6,5,133053.8
93,39,2,45548.8,1,22564.3,1,22242.3,1,26610.8
93,44,5,122935.3,5,114208.8,5,118859.6,4,98042.4
94,27,,,,,,,5,132486.6
94,29,,,,,,,1,26497.3
94,33,2,45548.8,2,45128.6,1,22242.3,,
94,34,9,204969.6,10.5,236925.4,13.5,300271.2,15,399161.5
94,35,11,250518.3,10,225643.2,8,177938.5,8,212886.2
94,48,1,24587.1,1,22841.8,1,23771.9,1,24510.6
94,50,2,49174.1,3,68525.3,3,71315.8,3,73531.8
95,30,2,45548.8,2,45128.6,2,44484.6,2,53221.5
95,33,,,1,22564.3,1,22242.3,1,26610.8
95,34,11,250518.3,11,248207.5,6,133453.9,8,212886.2
95,35,20,436141.6,25,401263.6,23,525222.2,28.5,454926.9
95,36,1,21807.1,5,116493,3,68507.2,1,24718.7
95,50,6,147522.3,7,159892.3,8,190175.4,8,196084.8
96,35,1,21807.1,1,23298.6,1,22835.7,,
96,36,9,196263.7,7,163090.2,4,91343,4,98874.6
96,37,10,218070.8,8,186388.8,8,182686,8,197749.2
96,38,17,370720.4,17,396076.1,17,388207.7,17,420217.1
96,39,12,261685,13,302881.7,13,296864.7,10.5,259545.9
96,44,,,,,2,47543.9,,
96,45,2,49174.1,2,45683.5,,,,
97,35,13,283492.1,12,279583.1,10,228357.5,10,247186.5
97,36,10,218070.8,11,256284.5,17,388207.7,19,469654.4
97,40,2,49174.1,2,45683.5,2,47543.9,2,49021.2
97,42,1,24587.1,1,22841.8,1,23771.9,3,73531.8
98,26,4,87212.3,4,86396.2,4,106535,3,79492
98,35,15,327106.2,15,349478.9,16,365372,15,370779.8
98,37,3,65421.2,3,69895.8,3,68507.2,3,74156
98,45,,,4,91367,4,95087.7,4,98042.4
98,53,2,49174.1,2,45683.5,2,47543.9,2,49021.2
98,58,,,,,2,47543.9,2,49021.2
98,59,,,2,45683.5,,,,
99,6,3,65409.2,1,21599.1,1,26633.7,1,26497.3
99,7,,,5,107995.3,1,26633.7,,
100,21,,,,,,,1,22864.3
101,8,2,47243,2,48066.7,2,46266.8,2,53716.1
102,35,,,,,2,38464,2,45350.5
102,42,2,44008.3,2,45667.4,2,48101,2,48280.6
103,34,,,,,,,2,45350.5
103,35,2,40001.7,2,38457.1,,,,
103,41,1,22004.1,1,22833.7,1,24050.5,1,24140.3
103,42,2,44008.3,2,45667.4,3,72151.4,4,96561.2
103,43,3,66012.4,3,68501.1,2,48101,4,96561.2
104,7,1,23621.5,2,48066.7,4,92533.6,3,80574.1
104,18,3,72168.5,3,69654.4,2,55896.5,3,84579.7
104,25,5,104636.3,6,122070.1,5,103320.5,5,114321.3
104,43,2,44008.3,4,91334.8,3.5,84176.7,3.5,84491
105,6,12,283458.2,11,264367,14,323867.7,11,295438.3
105,7,28,617289.7,24,576800.6,26,682333.7,28,644295.9
105,18,3,72168.5,3,69654.4,3,83844.7,3,84579.7
105,34,1,20000.9,1,19228.6,1,19232,1,22675.3
105,38,3,60002.6,3,57685.7,2,38464,1,22675.3
105,39,,,,,1,19232,1,22675.3
105,43,2,44008.3,2,45667.4,1,24050.5,1,24140.3
106,6,8,188972.1,11,264367,9,208200.6,8,214864.2
106,37,2,40001.7,2,38457.1,2,38464,2,45350.5
106,39,4,80003.4,4,76914.2,4,76928,6,136051.5
106,42,2,44008.3,,,,,,
106,43,,,2,45667.4,2,48101,2,48280.6
106,44,2,44008.3,2,45667.4,,,,
107,5,13,307079.7,10,240333.6,7,161933.8,10,268580.3
107,6,43,787831.8,48,865361.9,39,745526.1,28,577232.2
107,7,36,711362.2,29,631000.5,28,592354.3,23,510133.9
107,10,2,48112.3,4,92872.6,2,55896.5,2,56386.5
107,12,2,48112.3,2,46436.3,2,55896.5,2,56386.5
107,30,4,80003.4,4,76914.2,3,57696,3,68025.8
107,33,5,100004.3,5,96142.8,4,76928,,
107,37,14,280012,10,192285.6,8,153856,8,181402
107,38,8,160006.8,8,153828.5,8,153856,8,181402
107,39,35,739040.7,41,790353.3,38,838305.9,40,964716.5
107,40,29,463515.4,32,575426,35,693584.3,29,613897.2
107,41,25,550103.5,23,525175.2,13,312656.2,12,289683.5
107,42,11,242045.5,10,228337.1,10.5,252530,8,193122.3
107,43,3,66012.4,1,22833.7,3,72151.4,3,72420.9
107,44,1,22004.1,1,22833.7,3,72151.4,3,72420.9
108,5,4,94486.1,4,96133.4,4,92533.6,4,107432.1
108,6,7,165350.6,7,168233.5,8,185067.2,8,214864.2
108,7,43,929896.3,40,765356.1,45.5,902147.8,43,874237.2
108,8,13,307079.7,11,264367,10,231334,11,295438.3
108,9,3,70864.6,3,72100.1,,,,
108,12,2,48112.3,,,1,27948.2,1,28193.2
108,32,1,20000.9,3,57685.7,3,57696,3,68025.8
108,34,1,20000.9,2,38457.1,,,,
108,35,6,120005.1,11,211514.2,13,250016,13,294778.3
108,36,11.5,230009.8,11,211514.2,10,192320,12,272103.1
108,37,13,260011.1,24,461485.4,44,826704.7,42,1040918.1
108,38,45,989865.9,45,1022966.8,51,1147235.2,43,964326
108,39,9,180007.7,9,173057,10,192320,9,204077.3
108,40,21,462086.9,21,479507.8,22,540676.4,24,632355.5
108,41,50,780239.5,51,854898.8,55,897430.7,47,817507.7
108,42,16,352066.2,20,456674.1,19,406413.2,14.5,350034.2
109,6,19,448808.8,15,360500.4,14,323867.7,20,537160.6
109,7,47,830713.2,44,757918.2,35,639179.7,45,831536.5
109,8,34,814572.9,23,544081.6,31,671893.4,27.5,666735
109,9,17,401565.8,15,360500.4,24,666562.5,19,510302.6
109,10,22,529235.4,23,534017.3,19,531016.6,18,507478.3
109,12,1,24056.2,1,23218.1,,,,
109,13,6,144336.9,6,139308.9,6,167689.5,6,169159.4
109,17,2,48112.3,2,46436.3,,,,
109,28,,,,,2,41328.2,2,45728.5
109,29,3,62781.8,3,61035,,,,
109,37,13,260011.1,9,173057,16,307712,16,362804.1
109,38,9,180007.7,8,153828.5,4,76928,5,113376.3
109,39,31,687397.1,27,642704.9,24,701534.5,26.5,820746.2
109,40,8,176033.1,14,319671.9,8,192403.8,10,241402.9
109,41,3,66012.4,8,182669.6,15,360757.1,8,193122.3
109,42,1,22004.1,1,22833.7,,,,
110,6,51,888290.6,39,696447,50,996358.6,46,892909.5
110,7,63,1250039.2,64,1207510.5,60,1236674.8,65,1466158.9
110,8,30,699983.6,38,864804.4,36,895670.3,30,780256.4
110,9,3,69998.4,3,68274,3,74639.2,3,78025.6
110,12,,,,,1,24538,1,26362.2
110,14,2,42434.5,2,43459.2,2,49076,2,52724.4
110,17,,,,,2,41485,2,49301.4
110,34,2,37572.4,2,40232.9,4,82739.8,2,41886.2
110,38,6,115585.4,6,114565.6,5,98165.1,4,81500.7
110,39,17,327491.9,16,305508.2,12.5,245412.9,9.5,193564.2
110,40,52,848330.9,47,779229.3,43,799247.5,32.5,615807.7
110,41,26,504324.6,20,405217.3,16,316428.3,20,396777.5
110,43,2,38709.4,3,61430.5,3,60024.5,2,45519.7
110,44,2,38709.4,,,,,,
111,5,8,186662.3,6,136548.1,6,149278.4,6,156051.3
111,6,39.5,793079.7,39.5,946891.3,34,771644.3,31,727893.5
111,7,33,733173.3,32,719765.2,34,938691,39.5,948488.8
111,8,4,93331.1,3,68274,1,24879.7,1,26008.5
111,11,2,42434.5,4,86918.5,4,98152.1,3,79086.6
111,14,2,42434.5,2,43459.2,2,49076,2,52724.4
111,15,,,,,2,41485,2,49301.4
111,16,15,318258.9,18,391133.2,13,269652.8,18,443712.7
111,18,3,63651.8,3,65188.9,3,62227.6,4,98602.8
111,19,3,63651.8,3,65188.9,1,20742.5,3,73952.1
111,20,6,125563.6,5,101725,4,82656.4,4,91457
111,31,2,37572.4,1,20116.5,2,41369.9,2,41886.2
111,32,2,37572.4,2,40232.9,2,41369.9,2,41886.2
111,33,,,,,,,2,41886.2
111,35,1,19264.2,1,19094.3,1,19633,1,20375.2
111,36,5,96321.1,5,95471.3,5,98165.1,5,101875.9
111,37,5,96321.1,4,76377,7,137431.2,9,183376.6
111,41,,,2,40953.7,2,40016.3,2,45519.7
111,43,7,135482.9,2,40953.7,1,20008.2,1,22759.8
112,7,45,888329.4,45,943750.6,50,1066949.3,43,904335.6
112,8,16,373324.6,13,295854.1,16,398075.7,18,468153.8
112,12,1,21217.3,,,2,49076,2,52724.4
112,13,1,21217.3,1,21729.6,1,24538,1,26362.2
112,15,1,21217.3,1,21729.6,,,2,49301.4
112,16,1,21217.3,1,21729.6,1,20742.5,1,24650.7
112,20,4,83709,4,81380,2,41328.2,2,45728.5
112,26,2,41854.5,3,61035,4,82656.4,3,68592.8
112,31,1,18786.2,1,20116.5,1,20685,1,20943.1
112,36,7.5,144481.7,3,57282.8,5,98165.1,5,101875.9
112,37,4,77056.9,4,76377,3,58899.1,2,40750.4
112,40,,,,,2,40016.3,2,45519.7
112,41,10,193547,9,184291.5,8,160065.3,3,68279.5
112,123,3,54594.4,2,35468.8,2,38283,3,63916
112,127,2,36396.3,2,35468.8,2,38283,2,42610.6
113,4,1,23332.8,1,22758,1,24879.7,1,26008.5
113,8,5,116663.9,5,113790,4,99518.9,4,104034.2
113,35,2,38528.5,,,1,19633,1,20375.2
113,39,1,19264.2,,,,,,
113,40,8,154837.6,8,163814.7,13,260106.1,16,364157.4
113,41,12,232256.4,14,286675.6,9,180073.5,7,159318.8
113,42,8,154837.6,6,122861,,,,
113,45,2,51569.1,2,52611.5,2,51783.6,2,56516.7
114,11,2,42434.5,3,65188.9,3,73614.1,3,79086.6
114,30,3,56358.7,3,60349.4,3,62054.9,1,20943.1
114,34,2,37572.4,2,40232.9,2,41369.9,1,20943.1
114,35,1,19264.2,1,19094.3,1,19633,1,20375.2
114,39,8,154113.8,8,152754.1,8,157064.2,8,163001.4
114,40,21,472414.7,23,463127.3,26,487610.5,15,341397.5
114,41,14,270965.8,13,266198.8,22,440179.6,23,523476.2
114,42,12,232256.4,10,204768.3,11,220089.8,10,227598.3
115,8,2,46665.6,2,45516,2,49759.5,2,52017.1
115,11,,,1,21729.6,1,24538,2,52724.4
115,12,,,,,3,73614.1,3,79086.6
115,20,,,,,,,2,45728.5
115,30,,,,,,,5,104715.5
115,33,4,75144.9,4,80465.8,8,165479.6,6,125658.6
115,34,2,37572.4,,,1,20685,1,20943.1
115,39,9,169076,7,140815.2,10,206849.5,7,146601.7
115,41,1,25784.5,2,52611.5,2,51783.6,1,28258.4
115,43,1,25784.5,,,,,,
116,7,6,139996.7,6,136548.1,7,174158.1,6,156051.3
116,10,3,63651.8,3,65188.9,3,73614.1,2,52724.4
116,12,2,42434.5,2,43459.2,,,3,79086.6
116,13,,,,,2,49076,2,52724.4
116,24,4,83709,3,61035,2,41328.2,2,45728.5
116,33,1,18786.2,1,20116.5,1,20685,3,62829.3
116,37,,,,,,,4,83772.4
116,38,,,,,7,144794.7,3,62829.3
116,39,4,75144.9,4,80465.8,5,103424.8,5,104715.5
116,124,4,72792.5,3,53203.3,3,57424.5,3,63916
116,127,2,36396.3,2,35468.8,2,38283,1,21305.3
117,16,1,21217.3,1,21729.6,1,24538,1,26362.2
117,33,6,112717.3,3,60349.4,2,41369.9,2,41886.2
117,41,6,154707.3,7,184140.3,8,207134.3,5,141291.8
117,43,1,25784.5,3,78917.3,3,77675.3,3,84775.1
117,44,13,335199.1,13,341974.9,13,336593.2,10,282583.7
117,45,,,2,52611.5,2,51783.6,2,56516.7
117,125,6,109188.8,6,106406.5,6,114848.9,5,106526.6
117,127,1,18198.1,1,17734.4,1,19141.5,1,21305.3
118,8,4,93331.1,4,91032,4,99518.9,3,78025.6
118,18,1,21217.3,1,21729.6,1,24538,1,26362.2
118,23,2,41854.5,3,61035,3,61992.3,2,45728.5
118,24,,,,,1,20664.1,1,22864.3
118,39,5,93931.1,3,60349.4,3,62054.9,3,62829.3
118,44,5,128922.7,6,157834.6,7,181242.5,7,197808.6
118,45,19,489906.4,13,341974.9,10,258917.8,12,339100.4
118,46,4,103138.2,2,52611.5,,,,
118,50,4,88016.6,3,68501.1,,,,
118,124,3,54594.4,3,53203.3,2,38283,1,21305.3
118,125,4,72792.5,4,70937.7,4,76565.9,4,85221.3
119,0,3,69998.4,3,68274,3,74639.2,3,78025.6
119,31,3,56358.7,2,40232.9,2,41369.9,1,20943.1
119,45,,,,,4,103567.1,4,113033.5
119,50,3,66012.4,3,68501.1,6,144302.9,4,96561.2
119,51,2,44008.3,2,45667.4,2,48101,,
119,122,1,18198.1,1,17734.4,3,57424.5,3,63916
119,123,1,18198.1,1,17734.4,1,19141.5,1,21305.3
119,124,,,,,1,19141.5,,
119,125,6.5,118287.8,5,88672.1,2,38283,2,42610.6
120,15,5,119094.2,5,118757.7,5,118896.3,6,167599.7
120,17,3,71456.5,3,71254.6,3,71337.8,3,83799.9
120,25,2,45832.2,2,41757,2,48464.2,2,40752.9
120,34,3,68748.4,3,62635.6,2,48464.2,2,40752.9
120,35,8,183328.9,5,104392.6,7,169624.7,7,142635.3
120,42,2,36222.5,2,37869.2,2,45728.9,2,36547.1
121,23,,,,,4,96928.4,1,20376.5
121,53,1,20210.1,1,18631.6,1,20493.5,1,20108.8
121,126,5,117250.1,5,119041,2,52676.6,2,56284.4
122,36,5,114580.6,5,104392.6,5,121160.5,2.5,50941.2
122,37,5,114580.6,5,104392.6,4,96928.4,2,40752.9
122,38,7,160412.8,7,146149.7,7,169624.7,7,142635.3
122,90,1,22554.9,1,24651.9,1,29574.8,1,29543.6
122,124,,,1,23808.2,1,26338.3,1,28142.2
122,126,,,,,,,3,84426.6
123,0,,,,,2,47558.5,2,55866.6
123,14,3,71456.5,3,71254.6,3,71337.8,3,83799.9
123,26,,,,,1,24232.1,1,20376.5
123,37,2,45832.2,2,41757,2,48464.2,,
123,46,4,72445.1,1,18934.6,4,91457.7,5,91367.7
123,52,1,20210.1,1,18631.6,,,,
123,53,2,40420.2,2,37263.2,2,40987,3,60326.4
123,54,2,40420.2,2,37263.2,2,40987,2,40217.6
123,66,2,49299.1,2,48873.8,2,45264.1,2,45643.1
123,124,1,23450,1,23808.2,1,26338.3,1,28142.2
124,46,3,54333.8,,,2,45728.9,2,36547.1
124,54,1,20210.1,3,55894.7,4.5,92220.7,,
124,56,5,101050.5,5,93157.9,4,81973.9,3,60326.4
124,125,2,46900,2,47616.4,2,52676.6,2,56284.4
124,126,2,46900,2,47616.4,2,52676.6,2,56284.4
125,17,4,95275.4,4,95006.2,4,95117.1,2,55866.6
125,46,,,3,56803.8,,,,
125,51,2,40420.2,5,93157.9,4,81973.9,4,80435.1
125,52,,,,,2,40987,,
125,56,3,60630.3,3,55894.7,1,20493.5,,
125,78,2,49299.1,2,48873.8,2,45264.1,2,45643.1
125,118,3,55068.6,3,53837.1,3,55885.3,3,64108.5
125,119,,,,,,,2,42739
125,126,1,20161.8,1,20879.2,1,19707.8,1,21879.7
126,20,,,,,1,24232.1,1,20376.5
126,22,,,2,41757,,,,
126,50,3,60630.3,2,37263.2,3,61480.5,3,60326.4
126,51,9,181891,9,167684.2,8,163947.9,10,201087.8
126,52,2,40420.2,2,37263.2,,,,
126,124,3,70350.1,,,,,,
127,15,4,95275.4,4,95006.2,5,118896.3,5,139666.4
127,27,1,22916.1,2,41757,2,48464.2,5,101882.3
127,46,3,54333.8,3,56803.8,3,68593.3,2,36547.1
127,47,8,144890.1,7,132542.2,7,160051.1,7,127914.8
127,48,3,54333.8,3,56803.8,3,68593.3,3,54820.6
127,114,2,36712.4,5,89728.6,2,37256.9,,
127,117,3,55068.6,1,17945.7,1,18628.4,1,21369.5
127,118,,,1,17945.7,1,18628.4,1,21369.5
127,124,,,,,2,52676.6,2,56284.4
127,127,19,383075.1,23,480220.9,20,394156.7,19,415714.8
