x,y,ind2015,imp2015,ind2017,imp2017,ind2019,imp2019,ind2021,imp2021
0,11,94,4,84,4,74.5,4,76.5,4
0,21,5,2,4,2,2,2,1,1
0,44,4,2,4,2,4,2,3,2
0,47,9,1,9,1,7,1,6,1
0,48,5,1,7,1,9,1,8,1
0,52,3.5,1,3.5,1,7,1,3,1
0,53,37,3,41,3,44.5,2,46.5,3
0,54,3,1,3,1,2,1,2,1
0,55,182.5,4,181,4,191.5,4,189,4
0,56,192.5,6,181,6,173,6,173.5,6
0,57,43,3,44.5,3,36,2,39.5,2
0,60,14,2,8,2,15,1,17,1
0,61,125,5,127.5,6,127,4,119.5,4
0,62,10,1,12,1,13,1,11.5,1
0,63,2,1,4,2,4,2,4,2
0,77,71,5,78,4,71,4,73,4
0,78,162,5,160,4,150.5,4,151.5,5
0,85,3,1,3,1,4,1,5,1
0,86,30,2,28,2,22,2,20,2
0,88,2,1,2,1,4,1,4,1
0,89,2,1,2,1,,,,
0,92,14,2,13,2,13,2,14,2
0,94,3,1,3,1,3,1,2,1
0,109,9.5,2,7.5,2,8.5,2,8.5,2
0,114,8,1,8,1,2,1,12,1
0,115,10,3,10,3,10,3,7,2
0,124,195.5,4,177.5,4,170,4,169.5,4
1,11,27,2,29,2,35,2,30,2
1,16,39,3,38,3,35.5,3,33.5,3
1,17,2,1,2,1,2,1,7,1
1,33,24,3,21,3,17,3,22,3
1,34,20,4,29,4,24,4,28,4
1,42,2,1,2,1,2,1,2,1
1,44,1,1,,,,,,
1,52,49,4,62,5,66,5,67,5
1,53,10,2,9.5,2,7.5,2,8,2
1,55,133,2,130,3,122,4,127,3
1,56,101,1,77,1,85,2,82,2
1,61,32,2,36,2,37,3,36,3
1,63,2,1,4,1,2,1,2,1
1,65,2,1,2,1,2,1,2,1
1,68,15,2,17,2,15,2,15,2
1,69,11.5,3,11,3,11,3,13.5,3
1,73,1,1,4,1,5,1,5,1
1,78,45,1,44.5,1,47,1,47,1
1,84,,,15,1,16,1,18,1
1,85,227.5,2,219,2,201,2,181.5,2
1,86,90,2,89,2,86,1,93,1
1,114,33,5,38,5,51,4,44,5
1,120,33,4,30,3,27,4,26.5,4
1,121,52,4,50.5,4,45,4,42,4
2,0,3,1,3,1,2,1,2,1
2,15,55,5,52.5,5,52,4,43,4
2,16,81.5,3,78,4,74,4,82,4
2,34,21,2,19.5,2,21,2,19,1
2,37,2,1,2,1,2,1,2,1
2,51,1,1,1,1,1,1,1,1
2,52,47.5,4,39,4,43,4,36,4
2,53,128.5,6,135.5,6,141.5,6,134,5
2,54,4,1,4,1,,,6,1
2,71,211.5,4,230,4,248,4,249,4
2,72,16,3,14,3,17,3,13,3
2,84,115,3,149,3,151.5,2,142.5,4
2,85,126,4,116.5,4,118,4,104.5,4
2,105,5,1,5,1,4,1,4,1
2,106,4,1,4,1,4,1,4,1
3,47,15,1,11,1,6,1,7,1
3,48,14,1,13,1,21,1,16.5,1
3,49,15.5,1,19.5,1,20,1,20,1
3,50,23,1,24,1,21,1,17.5,1
3,51,2,2,5,2,6,2,7,2
3,52,45,3,45,3,46,3,44,3
3,53,49,3,46,3,43,2,45.5,2
3,57,16,2,16,2,15,2,14,1
3,58,23.5,3,23,3,20.5,4,24.5,4
3,59,3,1,1,1,2,1,2,1
3,63,6,2,6,2,6,2,5,2
3,64,9,1,8,1,8,1,8,1
3,70,4,1,5,1,5,1,2,1
3,71,286,3,274.5,3,274.5,3,264,3
3,72,60.5,2,59.5,2,49.5,2,59,2
3,78,60,4,56,4,53,5,52,4
3,79,4,1,4,1,4,1,4,1
3,84,1,1,,,5,1,6,1
3,96,5,1,5,1,5,1,4,1
3,106,2,1,2,1,2,1,2,1
3,119,11,2,17,2,14,2,14,2
3,120,52,5,57.5,5,63,4,54,4
3,123,3,1,3,1,1,1,1,1
4,5,1,1,1,1,1,1,1,1
4,6,10,1,10,1,8,1,8,1
4,16,2,1,2,1,2,1,3,1
4,31,75,2,81,2,81.5,2,83.5,1
4,41,4,1,3,1,3,1,3,1
4,45,,,,,1,1,1,1
4,49,161,5,155,5,145.5,5,147,4
4,50,129,6,124,6,108.5,5,100.5,5
4,51,4,2,8,2,15,2,17,3
4,58,10,2,10,2,11,2,10,2
4,61,2,1,2,1,9,1,10,1
4,62,24,4,25,4,19,4,19,4
4,69,74,3,75,3,77,3,75,3
4,70,6,1,5,1,9,1,8.5,1
4,72,3,1,3,1,3,1,3,1
4,78,73.5,4,78.5,4,81.5,4,77.5,4
4,79,4,2,5,2,4,2,4,2
4,81,15,3,12,3,11,3,11,3
4,119,43.5,4,37,4,35,4,33,4
4,120,13,1,14,2,25,2,17,2
5,2,,,,,,,1,1
5,15,13,2,15,3,14,3,13,3
5,20,,,,,1,1,1,1
5,21,4,1,4,1,7,1,7,1
5,27,1,1,1,1,2,1,2,1
5,30,1,1,2,1,1,1,1,1
5,31,6,2,6,2,6,2,8,2
5,34,5,1,4,1,4,1,3,1
5,49,29,4,25,4,21,4,27,4
5,50,129,4,145.5,4,129.5,4,147,4
5,51,11,2,11,2,9,2,13,2
5,57,4,1,4,1,4,1,4,1
5,67,2,1,2,1,,,,
5,68,9,1,7,1,6,1,6,1
5,69,285.5,4,325.5,4,332.5,3,351.5,3
5,70,159,4,169.5,4,178,3,193,3
5,73,5,2,5,2,5,2,4,2
5,81,103,7,102,6,98.5,6,102,6
5,82,7,1,8,1,9,1,9,1
5,96,2,1,2,1,,,2,1
5,118,17,2,16,2,13,2,15,2
5,121,8,1,7,1,3,1,5,1
6,2,,,1,1,,,,
6,15,41,4,42,4,42,4,39,4
6,16,3,1,4,1,4,1,4,1
6,20,114,5,119.5,5,119.5,5,118,5
6,21,26,2,24,2,21,2,22,2
6,27,59,6,65,6,66,6,62,6
6,35,3,1,2,1,,,,
6,36,,,,,2,1,1,1
6,67,10,2,10,2,10,2,10,2
6,68,448.5,0,444,0,425.5,0,391.5,0
6,69,407,1,400.5,1,407.5,2,391,1
6,70,224.5,4,229.5,4,241.5,4,252.5,4
6,73,14,2,12,2,17,2,15,2
6,81,57.5,4,56.5,5,56.5,4,56.5,4
6,82,41.5,4,37.5,4,39,4,44,4
6,83,79.5,7,76.5,6,74,6,76.5,6
6,85,4,1,4,1,4,1,3,1
6,86,34,3,35,3,31.5,3,30.5,2
6,90,17,1,16,1,14,1,13,1
6,91,90,5,88,5,85,5,86.5,5
6,92,23,2,30,2,21,2,25,2
6,98,3,1,3,1,3,1,2,1
6,117,55,4,54,4,62,4,57.5,4
6,118,32,3,32,2,35,4,45.5,4
6,121,69,6,73,7,76.5,8,72.5,8
7,4,3,1,3,1,2,1,2,1
7,6,3,1,3,1,3,1,3,1
7,20,24,2,23,2,21,2,22,2
7,25,2,1,2,1,2,1,2,1
7,26,117,5,116,5,114,4,110,5
7,27,11,1,11,1,12.5,1,10,1
7,36,4,1,3,1,3,1,3,1
7,37,34,3,32.5,3,38,3,33,3
7,38,10,2,15,3,15,3,14,3
7,39,5,1,4,1,4,1,3,1
7,42,6,1,6,1,6,1,6,1
7,48,3,1,3,1,2,1,2,1
7,67,68,4,66,4,62,4,64,4
7,68,190.5,4,189.5,4,170,5,162.5,5
7,69,49,2,48,2,50,1,51,1
7,74,,,2,1,2,1,2,1
7,80,4,1,4,1,4,1,4,1
7,85,134,7,140,7,145,7,138,7
7,86,136,4,142.5,4,139.5,4,134,4
7,91,51,4,55,3,58.5,3,59,3
7,92,49,5,55.5,5,56.5,5,51,5
7,117,41,4,47,4,42,4,38,5
7,121,102,5,101.5,5,103,5,96,5
8,6,7,1,5,1,5,1,5,1
8,7,1,1,1,1,1,1,1,1
8,11,4,1,4,1,1,1,1,1
8,12,4,1,4,1,5,1,5,1
8,26,8,2,8,2,8,2,12.5,2
8,27,4,1,4,1,4,1,4,1
8,31,4,1,,,,,,
8,36,9,2,9,2,9,2,9,2
8,37,109,5,99,5,101.5,5,90,5
8,38,14,4,14,4,22,5,21,5
8,39,14,2,12,2,11,2,9,2
8,41,1,1,1,1,3.5,1,3.5,1
8,42,9,2,10,2,8,2,9,2
8,47,4,1,2,1,,,,
8,48,43,4,48,4,37,4,33,3
8,49,15,1,14,1,13,1,14,1
8,57,7,2,7,2,7,2,7,2
8,58,8,4,8,4,8,3,7,2
8,66,,,,,,,3,1
8,67,47.5,4,65.5,4,68,5,51,5
8,74,,,1,1,1,1,1,1
8,75,,,,,2,1,2,1
8,86,26,3,26,3,25,3,26,3
8,93,1,1,1,1,,,,
8,106,4,1,4,1,5,2,6,2
8,116,4,2,4,2,4,2,4,2
8,117,6,2,7,2,6,1,6,1
8,119,8,1,8,1,7,1,7,1
8,120,45,5,50,5,48,5,47.5,5
8,124,,,,,,,3,1
8,125,10,1,10,1,7,1,9,1
8,126,19,2,18,2,16,2,16,2
8,127,53,3,53,3,56,3,50,3
9,0,6,1,5,1,2.5,1,4.5,1
9,40,1,1,3,1,3,1,2,1
9,41,138.5,5,112,4,123.5,5,128.5,5
9,42,99.5,5,95,4,94,4,84,4
9,47,138.5,2,137.5,2,136,2,134.5,2
9,48,264.5,3,249.5,3,239.5,3,230,3
9,49,171.5,5,166.5,6,162.5,4,152,6
9,57,,,1,1,,,,
9,60,3,2,3,2,3,1,3,1
9,62,,,,,2,1,2,1
9,63,147,5,137,6,118,6,115,6
9,64,59,3,59,3,59.5,3,59,3
9,69,4,1,5,1,5,1,7,1
9,75,3,1,3,1,,,,
9,82,3,1,1,1,1.5,1,1.5,1
9,84,,,,,,,1,1
9,86,17,2,27,2,27,2,28,2
9,93,11,3,16,3,18,4,17,3
9,94,21,3,22,3,18,3,15,3
9,95,62,4,57,4,67,4,76,4
9,106,54,6,50,6,41,7,50.5,7
9,114,,,,,,,2,1
9,115,9,1,9,1,9,1,10,1
9,119,64,5,63,5,55.5,5,60.5,5
9,126,18,4,15,3,10,3,12,5
9,127,74,8,68,8,76,9,69.5,9
10,33,3,1,2,1,2,1,5,1
10,42,,,,,,,1,1
10,45,1,1,1,1,1,1,1,1
10,46,7,1,1,1,4,1,5,1
10,47,121,6,125,5,119,5,123,5
10,48,16,1,37,1,42.5,0,35.5,0
10,49,44,2,49.5,2,47,1,37,2
10,61,1,1,1,1,1,1,1,1
10,62,72,7,76.5,7,79,7,79.5,7
10,63,7.5,1,8.5,1,7,1,7,1
10,64,71,3,69.5,3,74.5,3,69.5,3
10,65,33.5,4,32,4,30,4,27,4
10,66,61,6,52,5,51,6,50,6
10,68,6,2,4,1,5,2,5,2
10,77,1,1,1,1,4,2,1,1
10,82,1,1,1,1,1,1,1,1
10,94,40,4,42,4,52,5,47.5,5
10,95,95,7,96,7,94,7,97,7
10,100,2,1,1,1,1.5,1,2.5,1
10,101,3,1,3,1,6,1,3,2
10,104,2,1,1,1,1,1,1,1
10,106,4,1,4,1,4,1,4,1
10,115,70,6,74.5,6,73.5,5,70,5
10,119,53,5,59,5,48,5,44,5
10,126,5,1,5,1,5,1,5,1
10,127,15,3,14,3,14,3,13,3
11,7,9,2,8,2,7,2,8,2
11,47,14,2,14,2,14,2,14,2
11,64,200,6,195.5,5,187,5,194,5
11,65,4,1,3,1,4,2,3,1
11,70,1,1,,,,,,
11,82,4,2,4,2,3,2,3,2
11,84,1,1,1,1,,,,
11,86,7,1,6,1,7,1,5,1
11,91,4,1,4,1,3,1,3,1
11,94,7,2,7,2,7,2,7,2
11,100,4,1,4,1,1,1,1,1
11,101,62,8,66,8,64,8,75.5,8
11,104,70,8,88,8,89,8,81,7
11,105,41,4,41,4,42,5,42,5
11,114,29.5,3,32.5,3,30.5,4,23,4
11,115,27,2,22,2,22.5,2,20.5,2
11,118,2,1,2,1,2,1,2,1
11,119,2,1,2,1,2,1,2,1
12,1,12,2,12,3,11,2,7,2
12,2,1,1,1,1,1,1,1,1
12,5,3,2,2,1,3,2,3,2
12,6,13,3,14,3,18,3,17,3
12,7,3,1,2,1,2,1,2,1
12,9,56,2,66,2,56,2,62,2
12,10,15,1,10,1,9,1,7,1
12,28,1,1,1,1,,,,
12,32,7,1,7,1,7,1,6,1
12,48,,,,,2,1,,
12,57,5,1,5,1,5,1,5,1
12,64,6,1,8,1,3,1,3,1
12,65,,,,,4,1,2,1
12,66,2,1,6,2,4,2,6,2
12,67,2,1,4,1,,,2,1
12,77,9,3,9,3,9,3,10,3
12,87,,,4,1,3,1,2,1
12,88,8,2,5,2,5,2,5,2
12,101,52,5,54,5,56.5,5,53,4
12,104,14,1,14,1,18,1,17,1
12,114,2,1,2,1,2,1,2,1
12,117,20,1,22,1,22,1,21,1
12,118,19,1,19,1,18,1,14,1
13,4,,,2,1,2,1,2,1
13,5,49.5,2,44,2,35,3,33.5,3
13,6,12,2,12,2,15,2,15,2
13,8,26,6,20,6,21.5,5,23.5,5
13,9,136,5,133,5,126,5,135.5,5
13,10,33,2,26,2,32.5,2,25.5,2
13,11,2,1,1,1,1,1,1,1
13,16,7,2,5,2,5,2,2,1
13,17,,,,,3,1,3,1
13,19,4,1,4,1,4,1,2,1
13,35,2,1,2,1,2,1,2,1
13,40,2,1,4,1,3,1,2,1
13,46,,,,,2,1,,
13,48,1,1,1,1,5,1,1,1
13,49,4,1,,,,,4,1
13,57,67,6,67,6,72.5,5,63,5
13,58,33.5,5,30.5,5,29.5,5,33.5,5
13,60,4,1,4,1,1,1,1,1
13,63,39,6,39,6,36,5,38.5,6
13,64,5,1,5,1,5,1,2,1
13,66,14,2,9,2,11,2,16,2
13,77,4,1,4,1,7,1,6,1
13,78,77.5,5,76,5,81,5,79,5
13,79,31,4,38,4,37,4,35,4
13,88,8,1,7,1,6,1,5,1
13,113,21.5,3,16.5,2,20,3,16,3
13,114,9,1,7,1,15,1,6,1
13,117,110,4,120,3,113.5,4,110.5,3
13,118,117,3,112.5,3,126.5,3,115,3
14,5,18,1,18,1,15,1,15,1
14,12,,,3,1,1.5,1,1.5,1
14,14,6,3,11,3,7,2,6,2
14,17,43,3,43,4,40,4,38,4
14,18,119,5,128,6,120,6,113,6
14,19,182,5,187.5,4,189.5,5,168.5,5
14,25,4,1,4,1,5,1,4,1
14,39,40,4,35,3,36,3,26.5,3
14,40,28,3,33,3,31,3,34,3
14,46,4,1,2,1,2,1,1,1
14,53,37,4,36,4,34,3,31,4
14,55,25,4,26,4,21,4,25,4
14,59,2,1,2,1,2,1,2,1
14,63,2,1,2,1,2,1,1,1
14,67,89,5,90.5,4,77,5,71.5,5
14,68,14,2,15,2,19,2,19,2
14,78,101,6,100.5,6,103,6,105,5
14,79,65.5,3,60,3,71,3,75.5,3
14,80,20,2,18,2,13,2,12,2
14,81,3,1,4,1,4,1,4,1
14,88,5,1,5,1,4,1,3,1
14,112,,,2,1,4,1,4,1
14,113,87,5,86,6,85,5,87.5,6
14,117,42,4,37,4,48,4,47,4
14,118,12,2,11,1,12,2,11,2
15,11,4,1,4,1,3,1,3,1
15,17,,,,,3,1,,
15,18,141.5,4,143.5,3,141.5,3,129.5,3
15,19,329,3,341,3,329,2,305.5,2
15,20,140.5,4,143,3,133,4,125,4
15,21,22,2,26,2,26,2,27,2
15,22,186.5,5,160.5,6,168.5,6,149,6
15,26,31,3,28.5,3,35,3,23,3
15,27,90,3,97,3,90,3,102,3
15,35,4,1,5,1,5,1,5,1
15,37,6,2,6,2,6,2,4,1
15,40,,,,,,,2,1
15,45,68,5,71,5,63,5,62,5
15,46,11,2,11,2,10,2,8,2
15,53,27,3,27,3,25,3,28,3
15,54,9,1,10,1,7,1,7.5,1
15,55,74,8,78.5,8,84,8,78,8
15,66,3,1,3,1,3,1,3,1
15,67,146,3,133,3,180,3,194.5,3
15,68,74,4,75,4,42,4,43,4
15,77,8,2,7,2,10,2,11,2
15,78,2,1,2,1,1,1,1,1
15,79,13,1,9,1,15,1,11,1
15,80,9,2,10,2,10,2,16,2
15,81,,,2,1,2,1,2,1
15,87,33,1,34,1,33,1,27,1
15,88,392.5,3,396,4,377.5,3,366.5,3
15,89,187.5,2,164.5,2,166.5,2,164.5,2
15,102,1,1,1,1,1,1,1,1
15,111,2,1,,,,,,
15,112,111.5,9,116,8,109.5,9,114,9
15,113,46,2,46,2,40,2,39,2
15,116,,,2,1,,,,
15,117,12,3,7,2,8,3,9,3
16,19,18,2,20,2,20,2,18.5,2
16,20,13,2,13,2,9,2,5,2
16,21,5,1,5,1,5,1,5,1
16,22,14,2,6,2,6,2,4,2
16,26,31,3,31,3,25,3,21,3
16,33,8,1,10,1,8,1,7,1
16,34,48,3,62,3,62,3,50,3
16,35,3,1,3,1,2,1,2,1
16,42,6,1,5,1,5,1,4,1
16,44,14,3,13,3,16,3,16,3
16,45,157.5,5,163.5,5,135.5,5,143,5
16,46,3,1,2,1,3,1,3,1
16,59,56.5,2,51.5,2,46.5,2,40.5,2
16,60,36,2,40,3,40,3,39,3
16,61,4,1,3,1,2,1,2,1
16,68,95,1,97,2,92,2,86,2
16,70,4,1,4,1,2,1,3,1
16,77,2,1,2,1,,,,
16,83,3,1,3,1,1,1,1,1
16,87,29,3,25,3,24.5,2,25,2
16,88,365,3,369,3,339.5,3,340.5,3
16,89,113,2,109,2,110,2,109,2
16,92,61,4,65.5,4,54,4,51,4
16,111,10,3,14,4,18,4,15.5,4
16,112,21,3,24,2,22.5,2,21,2
16,116,16,4,15,4,14.5,4,14.5,4
17,0,,,,,,,7,2
17,31,49,2,48.5,2,44,2,37,3
17,32,53,4,57,4,57,3,58,3
17,33,16,2,14,2,14,2,11,2
17,34,176,8,172,7,164.5,7,171,7
17,40,136,0,113,0,72,0,80,0
17,41,144,2,145.5,3,135,3,134.5,2
17,42,244.5,3,229,3,219.5,3,201,3
17,43,297,4,260,5,271,4,254,4
17,44,144.5,1,133,1,124.5,2,128,2
17,45,1,1,1,1,1,1,1,1
17,46,5,1,5,1,3.5,1,3,1
17,59,37,3,38,3,38.5,2,36.5,2
17,60,65,5,66,5,61,4,67.5,4
17,88,82.5,1,72.5,1,65.5,1,67.5,1
17,89,36,2,38,2,38,2,39,2
17,92,17,3,20,3,23,3,26,3
17,95,4,1,4,1,3,1,3,1
17,109,47,2,35,2,33,3,27,3
17,111,4,2,5,2,5,2,5,2
17,114,31,4,28,4,26,4,21,4
17,115,2,1,1,1,1,1,1,1
18,0,5,3,2,1,,,2,1
18,32,80,4,71,4,62,4,65.5,4
18,33,7,2,8,2,8,2,6,1
18,34,15,5,19,5,18,5,17,4
18,35,,,,,,,1,1
18,36,2,1,2,1,2,1,2,1
18,38,6,2,5,2,2,2,2,2
18,40,87.5,3,84,3,81,3,50,3
18,41,247.5,3,223.5,3,223.5,2,210.5,2
18,42,341,5,320.5,5,330,5,290,4
18,43,386,3,367,3,340,4,355,3
18,44,7,4,6.5,4,5.5,3,5,4
18,51,65.5,6,74.5,6,68.5,5,75,6
18,60,4,2,3,2,6,2,7,2
18,65,,,1,1,,,1,1
18,66,4,1,4,1,4,1,,
18,88,14,2,19,2,17,2,17,2
18,91,6,2,6,2,4,1,4,1
18,94,,,,,,,3,1
18,95,93,5,97,5,89,5,86.5,5
18,103,7,2,7,2,5,2,5,2
18,104,23,4,18,4,21,4,21,4
18,107,4,1,4,1,4,1,4,1
18,108,75.5,7,78,7,72,5,71.5,5
18,109,49,6,43,6,44,5,47,6
18,114,5,3,5,3,5,2,7,2
18,119,3,1,3,1,1,1,2,1
19,17,,,1,1,1,1,1,1
19,26,1,1,1,1,,,,
19,30,21,2,26,3,25,3,24,3
19,31,82.5,3,92,3,90,3,89.5,4
19,34,5,1,7,1,7,1,8,1
19,35,55,8,55,8,51,8,62,7
19,36,4,1,4,1,4,1,4,1
19,37,6,1,6,1,5,1,5,1
19,38,193,6,187,5,197,6,187.5,6
19,39,48,2,51,2,51,2,42,2
19,40,7,1,6,1,4,1,3,1
19,41,18,4,14,4,18,4,25,5
19,42,177,5,175.5,5,171,5,158,5
19,43,436.5,0,430,0,401.5,0,400,0
19,44,12,2,11,2,9,1,8,1
19,51,11,2,15,2,20,2,17,2
19,56,2,1,2,1,2,1,2,1
19,57,89,5,85.5,5,78,6,81,5
19,58,37,6,43,6,48,6,41,6
19,68,1,1,1,1,,,2,1
19,81,11,2,10,2,6,2,7,3
19,83,1,1,1,1,1,1,1,1
19,87,1,1,1,1,,,,
19,88,39,4,40,4,34,4,34,4
19,90,32,5,38,5,32,5,33,5
19,94,8,2,11.5,2,11.5,2,11.5,2
19,95,56,4,59,4,52,4,53,4
19,103,24,2,24,2,21.5,2,22.5,2
19,104,26,4,31,4,28,3,36,3
19,105,10,2,11,2,8,2,9,2
19,112,14,2,10,2,10,2,10,2
19,118,25,5,25,5,28,5,30,5
19,119,3,1,2,1,3,1,4,1
20,27,5,1,4,1,,,4,1
20,28,27,2,25,2,22,2,24,2
20,29,5,2,13,2,10,2,2,2
20,30,1,1,1,1,1,1,1,1
20,31,5,1,5,1,4,1,2,1
20,34,158,3,157.5,3,145.5,3,141.5,3
20,35,217,5,215.5,5,190.5,5,189,4
20,38,61,3,61,3,56.5,3,59,3
20,39,7,1,7,1,7,1,7,1
20,42,5,1,2,1,2,1,2,1
20,48,4,1,4,1,3,1,3,1
20,57,65,2,70,2,68,2,61,2
20,58,36,6,38,6,35,6,35,6
20,63,7,1,7,1,7,1,7,1
20,64,15,2,11,2,9,2,8,2
20,65,70,4,71,3,67,3,63,3
20,96,62.5,7,59,7,58,6,63,7
20,103,163,7,163,7,139,7,145,7
20,104,60,1,48,1,52,1,39,1
20,112,3,1,3,1,3,1,2,1
20,113,9,2,10,2,10,2,13,2
20,118,1,1,1,1,5,1,2,1
20,119,46,6,44,6,33,5,38,6
21,27,56,2,56,3,45,2,53,2
21,28,292.5,3,263.5,3,256,3,253.5,3
21,29,44,2,41,2,38,2,37,2
21,34,28,4,27,4,29,4,24,4
21,35,86,5,91,4,95.5,4,92,4
21,41,1,1,1,1,1,1,1,1
21,53,8,1,6,1,1,1,3,1
21,54,18,3,16,3,17,3,15,3
21,58,1,1,1,1,1,1,1,1
21,63,1,1,1,1,1,1,1,1
21,64,34,5,38,5,38,5,32,5
21,65,221,4,231.5,5,222.5,6,221,6
21,66,36,3,39.5,3,37,3,34,3
21,67,1,1,1,1,1,1,1,1
21,84,1,1,1,1,,,,
21,90,2,1,2,1,2,1,2,1
21,91,2,1,2,1,2,1,2,1
21,95,23,1,24,1,21,1,20,1
21,96,32,3,33,3,30,3,31,3
21,97,2,1,6,1,5,1,2,1
21,102,11,2,12,2,11,2,10,2
21,103,23,3,22,3,17,3,15,3
21,108,63,6,55,6,57,6,65,6
21,109,15.5,2,14,2,13,2,14,2
21,113,2,1,2,1,2,1,1,1
21,114,30,3,26,3,25,3,18,3
21,123,15,2,13,2,11,2,12,2
22,25,1,1,1,1,,,1,1
22,26,21,3,21,3,22,3,21,3
22,27,,,,,,,2,1
22,28,3,2,2,1,2,1,2,1
22,34,1,1,1,1,1,1,1,1
22,35,2,1,1,1,1,1,5,1
22,37,3,1,3,1,3,1,2,1
22,43,1,1,1,1,1,1,1,1
22,53,2,1,2,1,7,2,4,1
22,54,1,1,,,4,1,4,1
22,64,27,3,27,3,22,3,22,3
22,65,27,1,26,1,29,2,28,2
22,85,4,2,2,1,4,2,4,2
22,90,26,4,25,4,28,4,30.5,4
22,91,60,6,50,6,47,5,43.5,6
22,92,15,2,15,2,13,2,15,2
22,101,12,2,13,2,16,2,17,2
22,104,14,2,17,2,16,1,18,1
22,105,2,1,1,1,1,1,1,1
22,108,19,2,21.5,2,18,2,19,2
22,114,5,1,5,1,5,1,5,1
22,121,3,1,3,1,2,1,2,1
22,122,41,5,46,5,43,4,39,4
22,123,75,8,72,7,81,7,72.5,7
22,124,16,1,16,1,17,1,17,1
23,25,183,2,175,2,162,0,168,2
23,26,223,6,219,6,206,5,223,6
23,27,28,2,32,2,32,2,26,2
23,34,1,1,1,1,1,1,,
23,38,5,1,5,1,2,1,2,1
23,47,10,3,10,3,10,3,9,3
23,51,47,2,44,2,34,2,35,2
23,64,11,2,9,2,10,2,9,2
23,85,13,1,11,1,10,1,12,1
23,86,6,2,3,2,3,2,7,2
23,87,32,3,31,3,34,3,32,3
23,88,12,2,12,2,9,2,9,2
23,91,2,1,2,1,1,1,1,1
23,101,98,8,94,8,79,8,85.5,8
23,104,56,5,56,5,54.5,5,50,5
23,113,38,3,39,3,35,3,31,3
23,122,29,2,30,2,25,2,27,2
23,123,92,9,92,9,85.5,9,81.5,9
23,124,56,4,52,4,46,4,46,4
24,25,15,1,13,1,12,1,11,1
24,26,1,1,1,1,3,1,3,1
24,38,2,1,1,1,1,1,1,1
24,47,2,1,2,1,2,1,2,1
24,51,15,1,12,1,18.5,2,19.5,2
24,52,43,4,36,4,35,4,32,4
24,59,2,1,2,1,2,1,2,1
24,63,1,1,1,1,1,1,1,1
24,64,10,3,8,3,8,3,7,3
24,65,9,2,7,2,5,2,5,2
24,70,4,2,4,1,5,1,3,1
24,71,33,4,32,4,42,3,39,3
24,84,2,1,2,1,2,1,2,1
24,85,42,5,44,5,36,4,43,4
24,86,155,5,153,5,186.5,4,142.5,4
24,87,245.5,4,248.5,6,226,4,258.5,5
24,88,16,1,15,1,17,1,19,1
24,104,13,2,13,2,11,2,11,2
24,113,100,6,95,6,91,6,82,6
24,114,4,2,3,2,4,1,9,2
24,125,5,1,6,1,7,1,7,1
25,0,3,1,2,1,,,2,1
25,2,2,1,2,1,2,1,2,1
25,23,21,2,21,2,23,2,22,2
25,24,93,5,86,5,75,5,71,6
25,39,4,1,5,1,6,1,3,1
25,40,35,1,38,1,35,2,30.5,1
25,41,5,1,5,1,4,1,4,1
25,52,45,4,40,4,43,4,39,4
25,53,3,1,3,1,3,1,2,1
25,65,2,1,2,1,2,1,2,1
25,71,44,3,44,3,44.5,3,51.5,3
25,72,6,2,6,2,5,2,5,2
25,86,13,1,15,1,9,1,13,1
25,87,134.5,2,139.5,2,123,2,129.5,3
25,99,4,2,4,2,2,1,4,2
25,113,32,3,26,3,24,3,25,3
25,114,6,2,6,2,4,2,2,2
26,39,8,2,8,2,8,2,8,3
26,40,121.5,6,122.5,6,123.5,7,119,5
26,41,2,2,1,1,2,1,2,1
26,53,7,1,4.5,1,5,2,2,1
26,55,2,1,2,1,2,1,1,1
26,56,29,1,31,1,33,1,31,1
26,57,17,2,14,2,15,2,15,2
26,93,12,2,14,2,12,2,5,2
26,94,20,3,22,3,27,3,20,3
26,95,27,3,24,3,28,3,27,3
26,96,11,1,11,1,10,1,9,2
26,99,87.5,6,77,7,79,6,89,7
26,100,12,2,12,2,5,2,9,2
26,107,14,3,14,3,14,4,11,4
26,108,55,5,57,5,53,5,50.5,6
27,1,4,1,4,1,2,1,1,1
27,22,3,1,3,1,3,1,3,1
27,31,,,5,1,,,5,1
27,39,5,1,8,1,6,1,7,1
27,40,27,4,32,4,29,4,33.5,4
27,41,3,1,3,1,1,1,1,1
27,42,5,1,5,1,2,1,1,1
27,43,10,1,14,2,13,1,13,1
27,55,2,1,2,1,2,1,2,1
27,56,76,5,69,5,75,5,85.5,4
27,57,27,3,28,3,25,3,25,3
27,65,1,1,1,1,1,1,1,1
27,83,3.5,1,3.5,1,,,,
27,86,,,,,2,1,,
27,94,53,3,51,3,52,3,51,3
27,95,19,2,21,2,14,2,13,2
27,99,124,3,129,3,114.5,4,123.5,3
27,100,72.5,4,69.5,4,73.5,4,61.5,4
27,102,3,1,3,1,3,1,,
27,103,8,1,8,1,2,1,5,1
27,107,20,3,24,4,20,4,18,4
27,108,43,5,38,5,36,5,33,5
27,127,48,7,42,7,41,7,37,7
28,0,2,1,2,1,2,1,2,1
28,3,11,2,11,2,5,2,4,2
28,18,130,3,127.5,3,138,3,125.5,3
28,19,7,1,10,1,11,1,11,1
28,33,25,2,21,2,16,1,18.5,1
28,34,2,1,4,1,1,1,,
28,43,113,4,105.5,3,94.5,2,90,3
28,64,1,1,1,1,,,,
28,83,,,,,,,5,1
28,86,5,2,3,2,3,2,3,2
28,99,,,,,,,6,1
28,100,7,1,5,1,5,1,1,1
28,102,23,1,21,2,10,3,23,2
28,103,67.5,2,64.5,2,102.5,0,75.5,2
28,114,3,1,,,,,,
28,127,9,1,8,1,8,1,14.5,2
29,10,75,3,71,3,68,3,63,3
29,11,2,1,2,1,3,2,2,1
29,15,7,1,3,1,3,1,3,1
29,18,9,2,10,2,9,2,8,2
29,19,113,5,108,5,96,5,97.5,6
29,32,3,1,2,1,2,1,,
29,33,298,2,283,2,296,2,279.5,2
29,34,48.5,3,44.5,3,43.5,3,38,3
29,53,19,2,19,2,16,2,19,2
29,54,11,1,14,1,16,1,16,1
29,55,1,1,1,1,1,1,1,1
29,59,3,1,2,1,2,1,2,1
29,61,5,1,5,1,5,1,5,1
29,62,32,2,36,2,35,2,42.5,2
29,63,210,2,209,2,225,2,236,2
29,64,29,2,28,2,22,3,22.5,3
29,65,1,1,1,1,1,1,1,1
29,87,6,1,1,1,2,1,2,1
29,95,14,1,10,1,5,1,11,1
29,96,64.5,6,54,6,40.5,5,44,6
29,97,1,1,1,1,1,1,1,1
29,102,14,2,12,2,2,1,14,2
29,103,16,2,20,3,10,3,19,3
29,120,,,,,,,5,1
30,2,2,1,2,1,2,1,2,1
30,4,2,1,2,1,2,1,1,1
30,5,3,1,3,1,3,1,3,1
30,12,70,4,69,3,72,3,57,3
30,13,38,0,29,1,32,0,31,0
30,14,5,1,5,1,5,1,4,1
30,15,202,5,198,5,202.5,5,193.5,5
30,16,190.5,2,186,2,182,2,178,2
30,17,8,3,10,2,6,3,5,2
30,19,2,1,2,1,2,1,2,1
30,33,61,7,57,7,55,7,49,7
30,53,22,2,26,2,28,2,27,2
30,54,138,5,130,5,126,5,115,5
30,62,3,1,3,1,3,1,3,1
30,63,266.5,6,276.5,5,267.5,5,258,4
30,64,271,5,280,5,254.5,5,254,4
30,67,1,1,,,3,2,4,2
30,95,3,1,2,1,7,1,2,1
30,96,8,2,9,3,16,3,10,3
30,97,39.5,5,33,5,31,4,38.5,5
30,103,5,1,1,1,,,,
30,114,14,1,13,1,12,1,7,1
30,115,30,3,33,3,31,3,30,3
30,120,5,1,5,1,3,1,,
30,126,5,1,4,1,5,1,4,1
30,127,65,7,56,7,63,7,57,7
31,12,8,1,8,1,9,1,10,1
31,13,18,3,19,3,16,3,15,3
31,15,292,4,286,5,263.5,5,246,5
31,16,199,5,183,4,178,3,182,4
31,17,9,1,8,1,8,1,7,1
31,42,,,,,,,4,1
31,43,2,1,2,1,2,1,2,1
31,57,1,1,,,,,,
31,59,3,1,,,3,1,4,1
31,62,2,1,,,5,1,4,1
31,63,86,3,86,3,86.5,2,84.5,2
31,64,496.5,3,509,3,478.5,3,467,4
31,65,11,1,12,1,10,1,11,1
31,85,21,2,19,2,17.5,2,20,2
31,92,72.5,4,66.5,4,68.5,5,63,5
31,93,11,1,11,1,11,1,11,1
31,97,131,6,139,6,122,4,130,4
31,100,5,1,5,1,,,,
31,114,1,1,2,1,2,1,2,1
31,115,35,4,29,5,31,5,32,5
31,126,14,2,19,2,19,2,17,2
31,127,11,2,11,2,7,1,10,1
32,2,5,2,5,2,7,2,7,2
32,5,20,3,21,3,21,3,23,3
32,9,120.5,4,135,4,126,3,110,3
32,15,13,4,15,4,16,4,13,3
32,16,5,2,5,2,11,2,13,3
32,29,,,,,1,1,,
32,31,40,4,39,4,35,4,28,4
32,32,28,3,30,3,23,3,28,3
32,33,1,1,4,1,3,1,3,1
32,37,57,4,55,4,63,4,61,4
32,38,33,2,40,2,33,1,32,1
32,42,16,3,15,3,11,3,12,2
32,43,119,6,116.5,6,110.5,6,99,6
32,44,11,2,12,2,13,2,12,2
32,63,205,2,195.5,2,182.5,3,179,3
32,64,607,2,508,2,504,2,495.5,2
32,65,14,1,16,1,12,1,9,1
32,84,1,1,1,1,1,1,3,1
32,85,50,5,50,5,56,5,52,5
32,91,23,3,22,3,19,3,18,3
32,92,21,4,19,4,22,3,25,4
32,93,53,3,53,3,41,4,47,3
32,97,4,1,5,1,9,1,4,1
32,98,12,2,10,2,10,2,11,2
32,99,2,1,2,1,2,1,2,1
32,100,,,,,5,1,3,1
32,101,3,2,3,2,3,2,3,2
32,102,14,3,12,3,13,3,17,3
32,103,19,2,19,2,19,2,17,2
32,109,3,2,2,2,3,2,10,2
32,110,6,2,12,2,13,2,7,2
33,0,15,1,14,1,15,1,14,1
33,4,14,2,13,2,13,2,12,2
33,5,146,3,135,3,135,3,133.5,3
33,9,20,3,21,3,18,3,15,2
33,31,229,4,185.5,4,200,4,206,3
33,32,50,2,49,2,50.5,2,48,2
33,37,18,2,16,2,21,2,16,1
33,38,8,1,8,1,6,1,8,1
33,42,3,1,3,1,6,1,,
33,43,17,2,17,2,18,2,18,2
33,64,2,1,3,1,3,1,4,1
33,87,25,3,21,3,15,4,18,4
33,88,56,5,47,5,47,5,50,5
33,92,7,1,11,1,11,1,9,1
33,93,51,3,55,4,59,4,54,5
33,102,,,,,3,1,,
33,110,17,3,15,3,15,3,12,3
33,114,1,1,1,1,1,1,1,1
33,115,27,4,31,4,32,4,33,4
33,116,6,2,5,2,4,2,4,2
34,0,54,2,46.5,2,48.5,2,46,2
34,6,3,1,,,1,1,,
34,31,7.5,2,9,2,9,2,9,2
34,58,4,2,4,2,4,2,4,2
34,59,102,6,99,7,89,7,98,6
34,65,1,1,1,1,1,1,1,1
34,66,2,1,1,1,1,1,1,1
34,67,2,1,1,1,1,1,,
34,68,,,,,1,1,2,1
34,87,2,1,2,1,1,1,,
34,88,48,6,50,6,53,7,52,6
34,89,10.5,2,16,2,15,2,12,2
34,90,3,1,3,1,3,1,3,1
34,98,2,1,3,2,2,1,2,1
34,101,26,3,27,3,25,4,22,2
34,108,5,1,4,1,4,1,,
34,109,25,5,38.5,4,27,4,39,6
34,115,18,4,16,4,13,3,11,3
34,122,6,2,5,2,5,2,4,1
35,0,2,1,2,1,2,1,2,1
35,2,100,3,99,3,94,3,92,3
35,6,18,2,19,2,20,2,19.5,2
35,30,7,1,8,1,6,1,3,1
35,37,6,1,6,1,6,1,6,1
35,43,30,5,28.5,5,28,5,25,5
35,58,12,1,10,1,10,1,7,1
35,59,3,1,2,1,2,1,2,1
35,72,8.5,2,9,2,8,2,8,3
35,73,11,3,9,3,11,3,12,3
35,85,27,3,27,3,24,3,21,3
35,86,9,1,9,1,13,1,10.5,1
35,98,1,1,2,1,2,1,3,1
35,99,,,,,,,4,1
35,109,22,1,16,1,13,1,18,1
35,110,24,3,25,3,23,3,22,3
35,116,1,1,,,,,,
36,0,3,1,3,1,3,1,2,1
36,1,2,1,2,1,3,1,2,1
36,2,19,2,18,2,16,2,15,2
36,3,1,1,1,1,2,1,2,1
36,6,64.5,3,63,3,67,3,65,3
36,7,8,3,8,3,8,3,9,3
36,20,1.5,1,1.5,1,2.5,1,2.5,1
36,28,1,1,1,1,1,1,2,1
36,29,11,1,12,1,5,1,5,1
36,30,239,5,227,4,228.5,4,216.5,5
36,31,1,1,1,1,1,1,3,2
36,40,2,1,2,1,6,1,2,1
36,41,28,2,29,2,25,2,33,1
36,43,24,4,24,4,26,4,27.5,4
36,54,1,1,1,1,1,1,1,1
36,73,13,2,13,2,17,2,17,2
36,85,113,2,107,2,100,2,90.5,2
36,86,47.5,6,44.5,6,45,5,43,5
36,98,3,1,3,1,3,1,,
36,101,41,4,29,4,33,4,34,4
36,102,2,2,2,2,1,1,2,2
36,103,1,1,1,1,1,1,3,1
36,108,3,1,2,1,4,1,4,1
36,109,,,4,1,1,1,1,1
36,117,8,1,7,1,7,1,7,2
37,0,35.5,4,34,4,42,4,34,4
37,1,123.5,3,123,3,120,3,130,3
37,4,9,1,8,1,12,1,9,1
37,5,63.5,1,66,2,62,1,51,1
37,29,34,4,34.5,4,33.5,4,19.5,4
37,30,306,1,309,1,272.5,2,276,1
37,31,39.5,3,44,4,49.5,4,51,4
37,41,16,3,17,3,20,3,17,3
37,44,7,1,6,1,6,2,6,2
37,45,11,2,8,2,13,3,9,3
37,54,79.5,7,65,7,67,6,65,7
37,55,5,1,4,1,4,1,5,1
37,60,64,8,66,7,64,8,64,8
37,63,6,2,7,2,7,2,7,2
37,70,1,1,1,1,1,1,,
37,73,53,4,50,4,46,4,44,4
37,74,106.5,6,105.5,5,94.5,5,94,5
37,85,2,1,2,1,2,1,2,1
37,86,153.5,7,146,7,128,7,141,7
37,89,,,,,,,4,1
37,93,7,1,7,1,5,1,4,1
37,94,245,3,244.5,3,223.5,3,230.5,4
37,95,2,1,2,1,2,1,6,1
37,101,10,1,10,1,11,1,11,1
37,102,3,2,3,2,4,2,4,2
37,103,5,1,4,1,4,2,4,2
37,104,18,3,16,3,15,3,12,3
37,105,18,1,14,1,14,1,12,1
37,108,45.5,6,44,6,37,6,43,6
37,109,14,3,14,3,10,3,9,3
37,117,5,2,6,2,4,2,4,2
37,118,36,5,32,5,37,5,32,5
38,4,3,2,5,2,5,2,5,2
38,5,6,1,6,1,7,1,8,1
38,29,2,1,2,1,2,1,1,1
38,30,39,5,35.5,5,44,6,36,6
38,31,,,7,1,5,1,7,1
38,35,9,4,8,3,8,3,8,2
38,44,4,1,4,1,4,1,3,1
38,45,96,4,94,4,96,5,90,5
38,60,28,3,24,3,20,4,17,4
38,64,6,1,7,1,7,1,7,1
38,68,55,6,45,6,54.5,6,52.5,6
38,69,78.5,5,84.5,5,86,5,88,5
38,74,49,2,50,1,55,1,51.5,1
38,75,27,3,27,3,20,3,17,3
38,86,18,2,16,2,14,2,9,2
38,91,,,,,,,1,1
38,94,55,5,50,5,60,5,55,5
38,95,74,7,74,7,73,7,74,6
38,104,42,5,45,6,50,5,39,2
38,105,106.5,6,107.5,6,87,6,81.5,6
38,113,39,3,34,3,23,3,20,3
38,114,22,3,18,3,17,3,22,3
38,118,10,2,7,2,4,2,5,2
39,3,51,3,52,3,48,3,44,3
39,22,2,1,2,1,2,1,2,1
39,30,8,1,8,1,8,2,8,2
39,35,1,1,1,1,1,1,1,1
39,37,6,1,6,1,6,1,7,1
39,63,6,2,5,2,6,2,6,2
39,64,168.5,6,180,6,169,7,151.5,7
39,69,21,3,16.5,3,16.5,3,17.5,3
39,83,7,1,7,1,,,,
39,84,,,,,8,1,7,1
39,88,1,1,1,1,1,1,1,1
39,89,8.5,1,9,1,6,1,7,2
39,90,28,2,26,2,28,2,50.5,0
39,91,144.5,1,137.5,1,134,1,144.5,1
39,92,45.5,4,45,3,48,3,50,2
39,93,271,4,275,4,270,4,248.5,3
39,97,2,1,2,1,2,1,1,1
39,98,5,1,5,1,5,1,5,1
39,103,3,1,2,1,2,1,2,1
39,104,,,,,1,1,1,1
39,114,4,1,2,1,2,1,1,1
39,120,4,2,5,2,5,2,3,1
39,121,52,4,57,4,55.5,4,47,5
39,122,1,1,1,1,1,1,,
39,126,18,2,17,2,16,2,17,2
39,127,33,3,32,3,31,3,26,3
40,5,88,5,86,5,80.5,5,81,5
40,26,37,1,32,1,35,1,30,2
40,27,17,2,17,2,15,2,12,2
40,38,2,1,2,1,2,1,2,1
40,45,4,2,3,2,3,2,3,2
40,46,17,1,17,1,18,1,10,1
40,57,4,1,4,1,4,1,3,1
40,58,5,1,6,1,4,1,5,1
40,63,2,1,2,1,2,1,2,1
40,64,81.5,4,74.5,4,70.5,4,73.5,4
40,67,,,3.5,1,3,1,3,1
40,82,4,1,5,2,3,1,8,2
40,83,140.5,5,138.5,5,134.5,4,113,5
40,84,294,5,277,6,247,5,273,5
40,85,38,3,40,3,46.5,3,46.5,3
40,88,103,3,126,3,117,3,108,3
40,89,197.5,4,202,4,190.5,4,179,5
40,90,321,3,310,3,280,4,270,3
40,91,731.5,1,666.5,1,611.5,2,587,2
40,92,635,1,582,1,620,0,529.5,1
40,93,259,2,256,2,242,1,255,3
40,97,2,1,2,1,2,1,,
40,107,3,1,,,,,,
40,115,1,1,2,2,2,2,6,2
40,120,2,1,2,1,2,1,2,1
40,121,17,2,17,2,12,2,11.5,2
40,122,5,3,6,3,6,2,6,3
40,123,2,1,2,1,2,1,2,1
41,26,30,3,37,3,32,2,37,2
41,27,16,2,17,2,21,3,21,3
41,37,11,2,11,2,8,2,9,2
41,38,40,4,35,4,37,3,35,4
41,46,104.5,4,92,5,95,5,93,6
41,57,41,2,41,2,40,2,42,2
41,58,10,1,10,1,10,1,6,1
41,79,20,2,16,2,23,2,22,1
41,80,44,4,42,4,43,3,39,3
41,82,,,,,2,1,,
41,83,163,4,155.5,4,128,3,130.5,3
41,84,206,5,214,5,249,5,201,4
41,85,15,3,19,3,19,3,25,3
41,89,1,1,3,1,2,1,,
41,91,78,3,68,3,67,4,74,3
41,92,80,4,79,4,73,4,53,3
41,93,88,6,74,6,61,6,45,4
41,94,3,1,3,1,2,1,16,1
41,95,2,1,2,1,,,3,1
41,102,5,2,5,2,5,2,5,2
41,104,,,,,1,1,,
41,105,2,1,2,1,2,1,2,1
41,115,3,1,3,1,4,2,4,1
41,121,2,1,2,1,2,1,2,1
41,122,59,3,65,2,53,3,61,3
42,1,25,3,24,3,29,3,29,3
42,2,48.5,2,34.5,2,33.5,2,31.5,2
42,20,91,4,96,4,100,4,98,4
42,21,7,1,7,1,7,1,5,1
42,37,26,3,20.5,3,28,3,28,3
42,38,24.5,2,25,2,27,2,27,2
42,45,31,4,32,4,37,4,37,4
42,46,80,7,77,7,82.5,7,75.5,7
42,47,9,1,7,1,7,1,6,1
42,75,6,1,2,1,2,1,3,1
42,76,,,2,1,,,,
42,79,39,5,33,5,34,5,36,5
42,80,10,2,10,2,6,2,6,2
42,83,55,3,49,3,63,2,41,2
42,84,,,,,7,1,2,1
42,93,2,1,2,1,3,1,3,1
42,94,14,2,14,2,8,2,8,2
42,98,11,3,11,3,11,3,11,3
42,99,85,4,84,4,71.5,5,67.5,5
42,104,11,2,9,2,8,2,10,2
42,105,21,2,21,2,22,2,21,2
42,107,4,1,4,1,4,1,4,1
42,114,2,1,2,1,2,1,,
42,120,3,1,3,1,3,1,3,1
42,121,5,2,8,2,8,2,6,2
42,122,80.5,6,87.5,6,77.5,5,84.5,5
42,123,10,1,10,1,12,1,10,2
43,1,17,3,14,3,15,3,14,3
43,2,59,1,59,1,57,1,54,1
43,20,94,1,87,1,88,1,93,1
43,21,7,1,7,1,5,1,5,1
43,58,2,1,2,1,2,1,2,1
43,63,,,,,2,1,4,1
43,64,32.5,5,33,5,29,4,31,4
43,77,14,2,13,2,13,2,13,2
43,78,26,2,20,2,21.5,2,24,2
43,80,1,1,1,1,1,1,1,1
43,82,13,1,13,1,10,1,7,1
43,83,68,5,68,5,71.5,4,72.5,5
43,84,2,1,2,1,2,1,2,1
43,94,8,3,7,3,6,2,6,2
43,105,40,5,40,5,31,5,27,5
43,106,12,4,12,4,9,3,8,3
43,107,11,2,15,2,9,3,11,3
43,114,24,4,22,4,17,4,20,4
43,122,1,1,1,1,1,1,1,1
43,123,1,1,1,1,1,1,1,1
43,124,3,1,3,1,3,1,4,1
43,127,14,2,15,2,17,3,17,3
44,67,12,2,16,2,15,2,9,2
44,73,1,1,1,1,1,1,1,1
44,74,40,3,41,2,38,4,40,3
44,75,7,1,6,1,6,1,4,1
44,83,47,2,40,2,43,2,44,2
44,102,2,1,2,1,2,1,1,1
44,105,1,1,1,1,1,1,1,1
44,106,,,,,1,1,1,1
44,108,2,1,2,1,2,1,2,1
44,113,6,1,8,1,6,2,6,1
44,118,4,1,,,,,,
44,124,6,1,6,1,6,1,9,1
45,33,22,5,22,5,22,5,21,5
45,34,6,1,11,2,11,2,11,2
45,37,,,,,1,1,,
45,42,3,1,2,1,,,,
45,67,2,1,2,1,2,1,2,1
45,69,4,2,4,2,2,1,2,1
45,72,,,,,1,1,1,1
45,73,111,4,111,5,103,4,99,5
45,74,93,5,106,4,106,4,99,4
45,76,9,2,9,2,7,2,9,2
45,89,5,1,5,1,5,1,5,1
45,95,4,1,4,1,,,,
45,96,,,,,3,1,,
45,97,1,1,1,1,1,1,1,1
45,102,6,1,8,1,7,1,7,1
45,108,6,1,9,1,9,1,7,1
45,109,9,3,12,3,12,3,13,3
46,3,42.5,4,41,4,32.5,4,44.5,4
46,17,7,1,7,1,8,1,12,1
46,18,82,3,93,3,96,1,93.5,2
46,33,54,3,56,4,58,4,48.5,4
46,34,116,7,110,8,95,8,86.5,8
46,36,,,,,3,1,,
46,37,41,4,41,4,35,2,36,4
46,42,3,1,2,1,,,4,1
46,52,1,1,2,1,2,1,2,1
46,71,10,3,6,2,7,2,7,2
46,72,1,1,1,1,,,,
46,73,4,1,4,1,4,1,3,1
46,74,63,5,60,4,58,4,53,4
46,75,174,7,170.5,7,156,8,147,8
46,84,6.5,2,6,2,5,2,5,2
46,108,16,1,18,1,18,1,11,1
46,109,86,6,87,6,82.5,6,83.5,6
46,118,4,1,4,1,4,1,4,1
46,119,1,1,1,1,,,,
47,3,33,1,23,1,26,1,25,1
47,14,1,1,1,1,1,1,2,1
47,15,4,1,4,1,4,1,4,1
47,18,34,2,34,3,36,2,38,2
47,37,18,3,20,3,17,3,18,3
47,40,5,1,3,1,4,1,3,1
47,51,1,1,1,1,,,,
47,65,,,,,2,1,1,1
47,70,1,1,2,1,2,1,2,1
47,71,10,1,10,1,9,1,8,1
47,72,30,3,22,2,23,2,27.5,2
47,74,3,1,3,1,3,1,3,1
47,75,2,1,2,1,2,1,2,1
47,83,46,5,43,6,38,6,36,6
47,95,1,1,1,1,,,,
47,99,1,1,2,1,2,1,1,1
47,101,20,3,22,3,21,3,20,2
47,102,20,2,20,2,22,1,31.5,1
47,109,4,2,7,2,5,2,4,2
47,112,20,1,16,1,13,1,16,1
47,113,199.5,4,204,3,183.5,3,170,3
47,114,81,4,82.5,4,76.5,2,66,4
47,115,25,1,34,1,19,1,30,1
47,116,4,1,4,1,4,1,2,1
47,117,32,4,30,4,31,4,32,4
48,16,,,,,2,1,1,1
48,47,2,1,2,1,2,1,1,1
48,50,88.5,7,84.5,7,80,7,68,7
48,51,24,2,22,2,17,2,21,2
48,65,46,4,57.5,4,48.5,4,55.5,4
48,66,44,3,39,4,41,2,39.5,3
48,70,43,2,47,2,47.5,2,45.5,2
48,71,121.5,6,117,6,113.5,6,113.5,7
48,72,,,5,1,5,1,6,1
48,82,13,2,13,2,11,2,11,2
48,83,21,3,20,3,20,3,20,3
48,84,1,1,10,2,9,1,8,1
48,85,73.5,5,73,7,75,5,76,5
48,86,2,1,1,1,1,1,1,1
48,92,21,3,22,3,32.5,3,24,3
48,93,27,2,27,2,20,1,22,1
48,95,61.5,4,67.5,4,54.5,4,52,3
48,96,53,5,58,5,53,5,51,4
48,99,61.5,3,53,4,58,5,46,4
48,100,86,4,85,4,81,4,74,4
48,101,63,6,59,6,55,6,59,6
48,102,29,4,27,4,30,5,29,5
48,103,29,2,30,2,31,3,28,3
48,104,3,1,4,1,3,1,2,1
48,107,21,3,23,3,24,2,21,2
48,112,72,5,61,5,57,5,53,5
48,113,75,6,70,6,80,7,75,5
48,114,2,1,2,1,2,1,4,1
48,115,38,0,33,0,35,0,28,0
48,117,5,1,5,1,8,1,3,1
48,119,5,1,5,1,,,5,1
48,121,4,2,5,2,5,2,3.5,2
49,2,7,2,4,2,5,2,5,2
49,7,8,1,8,1,7,1,5,1
49,8,19,3,20,3,18,3,17,3
49,9,4,1,6,1,6,1,6,1
49,11,3,1,3,1,3,1,2,1
49,14,4,1,3,1,5,1,3,1
49,15,1,1,1,1,1,1,1,1
49,16,3,1,3,1,4,1,4,1
49,50,3,1,4,1,4,1,4,1
49,51,41,3,45.5,3,41,3,36,2
49,55,10,2,10,2,9,2,14,2
49,56,106,4,112,4,100,4,97,4
49,57,2,1,3,2,3,2,3,2
49,60,15.5,2,17.5,2,18.5,2,17.5,2
49,61,82,4,76,4,71,4,72,4
49,62,4,1,4,1,4,1,3,1
49,67,29,3,29,3,28,3,26,3
49,68,49,3,52,3,55,3,54,3
49,82,65,3,60,5,64,3,61,3
49,83,18,2,21,3,20,2,20,2
49,84,1,1,1,1,1,1,3,1
49,85,2,1,,,3,1,4,1
49,91,2,1,2,1,2,1,2,1
49,92,58,3,44.5,3,40.5,3,44.5,3
49,93,27,2,23,2,20,3,23,3
49,95,4,1,4,1,3,1,4,1
49,96,,,,,1,1,,
49,99,28,5,26,5,30,5,29.5,4
49,101,53,4,45,4,49,4,47,3
49,102,14,3,6,3,4,3,4,3
49,103,125,4,132,4,109.5,4,117.5,4
49,104,22,3,28,3,28,3,29,3
49,107,39,5,39.5,5,39,6,40.5,6
49,113,33,3,33,3,34,3,35.5,3
49,117,2,1,2,1,2,1,2,1
50,2,62,3,59.5,3,55.5,3,54,3
50,3,53,2,54.5,2,50,2,49,2
50,7,6,1,6,1,8,1,8,2
50,8,208.5,2,185.5,3,178,3,196.5,2
50,9,23.5,4,20.5,4,17,4,22,4
50,13,1,1,,,,,,
50,45,1,1,1,1,,,4,1
50,52,5,1,5,1,5,1,3,1
50,55,7,1,7,1,8,1,3,1
50,56,50,4,37,4,31,4,32,4
50,60,33,5,32,5,33,4,31,4
50,61,34,2,33,1,30,1,25,1
50,67,5,1,7,2,4,1,4,1
50,68,48,2,49,3,47.5,2,39,3
50,69,6,2,6,2,7,2,5,2
50,81,25,2,29,3,28,3,28,3
50,82,32.5,4,27,3,26,3,28,3
50,96,,,1,1,,,,
50,101,4,2,7,2,4,2,6.5,2
50,103,13,2,14,2,14,2,15,3
50,104,3,1,2,1,1,1,2,1
50,118,,,,,5,1,,
50,119,12,3,12,3,12,4,11,4
51,2,86,4,94,4,81,4,81,4
51,3,36,1,34,1,30,2,27,1
51,4,,,,,1,1,,
51,34,3,1,,,,,,
51,62,6,2,6,2,6,2,5,2
51,81,,,1,1,1,1,1,1
51,85,6,2,9,1,7,1,6.5,1
51,87,19,2,16,2,15,2,16,2
51,88,59,3,66,2,56,3,59,2
51,89,86,2,72,3,71.5,2,64,2
51,90,23,2,19,2,19,2,20,2
51,103,2,1,2,1,2,1,2,1
51,107,5,1,3,1,2,1,2,1
51,108,33,3,32,3,31,3,36,3
51,115,7,3,7,3,5,2,5,2
51,119,33,4,35,4,31,4,29,4
51,127,,,5,1,5,1,5,1
52,4,2,1,,,,,,
52,5,18,3,15,3,16,2,16,2
52,6,38,4,46,4,37,4,37,4
52,7,4,2,4,2,4,2,4,2
52,14,9,2,9,2,8,2,7,2
52,25,17,2,18,2,16,2,19,2
52,26,23,3,18,3,13,3,18,4
52,34,12,2,12,2,10,2,9,2
52,49,10,3,12,3,9,3,9,2
52,50,47,4,46,4,36,4,40,5
52,56,,,,,,,4,1
52,57,8,1,8,1,8,1,8,1
52,62,39,3,35,3,29,3,29,3
52,64,3,1,3,1,3,1,3,1
52,68,15,1,15,1,15,1,15,1
52,74,4,1,4,1,4,1,4,1
52,75,56,6,47,5,56,5,59,5
52,76,26,3,25,2,18,2,22,2
52,88,23,3,21,3,18.5,3,17,3
52,89,70.5,2,67,3,62.5,3,67.5,3
52,104,3,1,2,1,2,1,1,1
52,107,15,2,17,2,15,2,20,2
52,108,57,6,56,6,54,6,60,6
52,109,,,,,,,2,1
52,114,3,1,2,1,2,1,2,1
52,115,60,7,72,7,74,7,73,7
52,116,7,1,6,1,3,1,3,1
52,119,8,1,8,1,8,1,7,1
52,122,2,1,2,1,2,1,2,1
52,125,11,2,12,2,9,1,7,1
53,6,5,1,5,1,5,1,5,1
53,13,53.5,3,60,4,63,4,56,4
53,14,13,3,10,3,9,3,7,2
53,24,,,1,1,1,1,1,1
53,25,40,2,40,2,40,2,42,2
53,26,98,3,88,3,80,3,81,3
53,34,2,1,2,1,2,1,2,1
53,49,24,4,25,4,21,4,20,5
53,50,47,2,43,2,34,3,20,2
53,56,68,2,78,1,58.5,3,50.5,2
53,57,61,3,60,4,68.5,4,66.5,2
53,66,157,6,155,5,141.5,6,126,6
53,67,13,2,14,2,10,2,11,2
53,68,157,4,132,4,134.5,4,140.5,4
53,75,11,2,11,2,14,2,8,2
53,76,5,2,4,2,4,2,3,2
53,88,9.5,2,11,2,8,2,9,2
53,89,17,3,17,3,20,3,20,3
53,99,7,1,7,1,6,1,6,1
53,102,3,2,3,2,3,2,3,2
53,106,2,1,2,1,2,1,,
53,107,14,3,12,3,9,3,10,3
53,111,4,1,4,1,,,3,1
53,112,,,,,4,1,,
53,115,7,5,8,5,10,5,10,5
53,116,3,1,3,1,1,1,1,1
53,125,96,6,101,6,90,6,86.5,6
53,126,4,1,4,1,4,1,4,1
54,12,2,1,2,1,1,1,1,1
54,13,3,1,3,1,2,1,2,1
54,26,7,1,8,1,7,1,6,1
54,35,1,1,1,1,1,1,1,1
54,36,4,1,4,1,4,1,4,1
54,52,47,4,56,4,51,4,46,4
54,53,3,1,,,,,,
54,66,5,1,4.5,1,4.5,1,5,1
54,67,60.5,5,58,4,57,4,52,4
54,68,90.5,2,93.5,2,92.5,2,87.5,2
54,88,1,1,1,1,1,1,3,2
54,89,1,1,1,1,1,1,1,1
54,124,2,1,2,1,2,1,2,1
54,125,36,3,24,3,23,3,23,3
54,126,18,3,19,3,20,3,22,3
55,43,107,3,103,3,95,3,101,3
55,44,157.5,6,150.5,7,158,7,142,7
55,52,59,2,72,1,61,2,61,2
55,53,13,2,18,2,17,1,17,1
55,56,25,2,26.5,2,22.5,1,24.5,2
55,57,4,2,4,1,8,2,11,2
55,65,2,1,2,1,2,1,2,1
55,66,188.5,5,193,5,184.5,6,172.5,6
55,67,11,2,10,2,9,2,10,2
55,86,13,3,6,3,15,2,13,2
55,102,4,1,4,1,1,1,1,1
55,103,16,3,14,3,11,3,12,3
55,126,43,5,44,5,38,5,40,5
55,127,5,2,5,2,5,2,5,2
56,1,24,3,28,3,30,3,30,3
56,2,37,1,38,1,37,1,37,1
56,22,2,1,2,1,1,1,,
56,44,28,3,28,2,31,2,31,2
56,56,29,2,23,2,30,2,23,2
56,57,12,1,12,1,9,1,10,1
56,66,27,3,39.5,3,35,3,32,3
56,67,1,1,1,1,1,1,1,1
56,76,2,1,2,1,2,1,2,1
56,85,17,4,19,4,16,3,18.5,4
56,86,6,2,6,2,3,1,2,1
56,94,5,1,3,1,1,1,1,1
56,95,19,2,18.5,2,15.5,2,15.5,2
56,96,20.5,2,23.5,2,14,2,15,2
56,97,25,3,31,4,27.5,4,27.5,4
56,102,2,1,2,1,2,1,2,1
56,103,1,1,,,,,,
56,104,2,1,2.5,1,2.5,1,2.5,1
56,118,,,,,4,1,4,1
57,1,15,3,13,3,16,3,16,3
57,2,17,1,11,1,18,1,19,1
57,22,,,,,,,1,1
57,62,4,1,5,1,5,1,5,1
57,64,18,3,20,3,24,3,20,3
57,65,192,2,169,2,167.5,2,158.5,1
57,76,3,1,3,1,1,1,2,1
57,94,2,1,2,1,4,1,4,1
57,95,40,3,42,3,35,3,40,3
57,96,30,3,29,3,35.5,3,31.5,3
57,97,35,4,38,4,36,4,31,4
57,98,1,1,2,1,2,1,,
57,114,8,2,8,2,6,2,7,2
57,115,10,2,10,2,10,2,13,2
57,120,11,3,11,3,10,2,9,1
57,121,26,2,28,2,22,2,21,2
58,5,1,1,2,1,2,1,,
58,48,2,1,2,1,2,1,2,1
58,60,31,2,31,2,27,2,31,2
58,61,101,4,107,4,103,4,101,4
58,62,3,1,3,1,2,1,2,1
58,64,1,1,1,1,4,1,1,1
58,65,46,3,37,2,38,2,38.5,2
58,76,56.5,7,54,6,51.5,6,51,6
58,77,6,1,6,1,6,1,8,1
58,101,9.5,1,8.5,1,10.5,1,11,1
58,115,18,4,15,3,17,4,13,3
58,116,2,1,2,1,2,1,2,1
58,119,2,1,1,1,1,1,1,1
58,120,13,3,11,3,10,3,5,2
58,121,67,7,54.5,7,56.5,7,62,7
59,1,5,1,5,1,4,1,2.5,1
59,2,46,3,42,3,41,3,40,3
59,58,3,1,3,1,,,4,1
59,59,5,2,4,2,5,2,6,2
59,60,518,1,474.5,1,447.5,0,453,1
59,61,207,1,214,2,221.5,2,197,2
59,62,594.5,2,652.5,1,650,2,673,2
59,63,4,1,4,1,4,1,5,1
59,65,,,,,,,1,1
59,80,1,1,1,1,1,1,1,1
59,101,1,1,1,1,1,1,,
59,102,59,5,57,5,52,4,41,5
59,104,7,2,7,2,7,2,7,2
59,121,10,2,10,2,14,2,9,2
59,122,4,1,5,1,6,1,10,2
60,1,3,1,2,1,2,1,2,1
60,2,110,2,94,2,88,2,82,2
60,3,8.5,1,6.5,1,6.5,1,7,1
60,57,63.5,5,75,5,59.5,5,62.5,5
60,58,1,1,1,1,1,1,2,1
60,59,243,4,201,4,203.5,3,205.5,4
60,60,403.5,2,389,2,391,2,383.5,2
60,61,1047.5,0,1029,0,979,0,956.5,0
60,62,88,1,93,1,76.5,2,73.5,2
60,64,3,1,3,1,3,1,2,1
60,79,10,3,8,3,10,3,10,3
60,80,5,2,5,2,5,1,5,1
60,92,2,1,3,1,3,1,3,1
60,93,13,3,11,3,13,3,11,3
60,101,2,1,3,2,2,1,2,1
60,102,116,5,121.5,5,124.5,5,121.5,5
60,103,1,1,1,1,2,1,4,1
60,121,10,2,15,2,11,2,11,2
60,126,2,1,2,1,,,,
61,45,3,1,3,1,3,1,3,1
61,47,31.5,1,31.5,1,32.5,1,28.5,2
61,48,56,3,58,3,47,4,54,3
61,52,1,1,1,1,,,2,1
61,53,122,4,119,4,102.5,4,99,4
61,54,,,,,3,1,3,1
61,56,6,1,6,2,9,2,4,2
61,57,184,4,188,6,191,6,179,6
61,58,6,1,10,1,15,1,15,1
61,59,143.5,3,125.5,4,127,5,135.5,5
61,60,547.5,3,494,3,461.5,3,417.5,3
61,61,464,2,452.5,2,415.5,2,395.5,2
61,62,163.5,4,144,4,153,5,166,4
61,63,49,3,53,4,47,4,50,4
61,73,53,4,43,4,42,3,45,4
61,74,48,1,48.5,1,38.5,1,35,2
61,78,6,2,5,2,4,2,4,2
61,79,15,3,13,3,14,3,10,2
61,86,2,1,2,1,2,1,4,2
61,87,2,1,2,1,,,,
61,92,11,2,11,2,11,2,11,2
61,93,4,1,4,1,4,1,4,1
61,101,3,1,,,3,1,2,1
61,102,121,7,120,7,116.5,7,121,7
61,103,7,3,7,3,6,3,5,3
61,116,1,1,,,1,1,1,1
61,124,,,,,1,1,1,1
61,126,,,,,2,1,2,1
62,30,21,4,20,4,17,3,14,3
62,47,15,1,10,1,11,1,12,1
62,48,3,1,3,1,7,1,,
62,53,164,4,151,5,140.5,5,140.5,5
62,54,29,5,26,5,21,5,20,5
62,57,5,1,5,1,5,1,5,1
62,60,127,1,124,1,116,1,114,1
62,61,12,3,12,3,12,3,13,3
62,62,17,2,11.5,1,16.5,1,10.5,1
62,73,12,2,12,2,15,2,13,2
62,79,4,3,3,3,3,2,2,1
62,80,6,1,6,1,6,1,6,1
62,97,,,,,2,1,4,1
62,101,,,3,1,,,,
62,102,69,5,68,6,73,4,76,4
62,104,3,1,3,1,2,1,2,1
62,108,47,2,48,2,47,2,45.5,2
62,109,34,3,30,3,27,3,24,3
62,112,25,3,29,3,23,3,27,3
62,113,22,2,20,2,26,3,28,3
62,118,4,2,3,2,4,2,4,2
63,29,5,1,5,1,5,1,5,1
63,30,42,7,38,7,37,7,39,7
63,49,,,1,1,3,1,2,1
63,55,6,1,5,1,6,1,4,1
63,58,3,1,,,3,1,5,1
63,68,3,1,,,2,1,2,1
63,69,4,2,4,2,4,2,4,2
63,98,7,2,13,3,6,2,6,2
63,99,11,1,9.5,1,11.5,1,11.5,1
63,102,2,1,2,1,2,1,2,1
63,104,2,1,2,1,2,1,2,1
63,108,33,1,37,1,29,1,27,1
63,109,40,5,37,5,38,5,39.5,5
63,110,4,1,3,1,3,1,4,1
63,112,130,5,121,5,105.5,5,106,5
63,113,107,6,106.5,7,92,7,91.5,6
63,114,35,4,35,5,36,4,40,4
63,115,,,2,1,,,,
63,118,1,1,2,1,2,1,,
63,119,12,2,8,2,6,2,9,2
63,122,,,1,1,1,1,1,1
64,3,2,1,2,1,2,1,2,1
64,9,3,1,5,2,6,2,7,2
64,22,3,1,3,1,,,1,1
64,57,5,1,5,1,5,1,4,1
64,65,21,2,22,2,21,2,23,2
64,66,1,1,1,1,1,1,1,1
64,97,43,5,53,5,65,4,64,4
64,98,130.5,5,122,4,124,6,129.5,5
64,99,2,1,5,1,3,1,3,1
64,104,4,2,4,2,4,2,4,2
64,107,13,2,11,2,11,2,11,2
64,109,4,1,4,1,5,1,5,1
64,112,1,1,1,1,1,1,1,1
64,113,2,1,3,1,7,1,7,1
64,114,1,1,1,1,2,1,1,1
64,115,8,2,10,2,10,2,11,2
64,116,2,1,2,1,2,1,2,1
64,118,8,1,6,1,6,1,5,1
64,119,17.5,4,29,5,30,5,31,5
64,120,19.5,2,17.5,2,20.5,2,20,2
64,121,2,1,,,1,1,3,1
65,8,108,4,101,5,112,5,113,5
65,9,68,4,78.5,4,73.5,4,71.5,4
65,15,45,4,37,4,35,3,34,2
65,21,32,0,29,0,28,0,29,0
65,22,57,4,62,4,39,2,59,3
65,23,,,,,6,1,,
65,24,3,1,4,1,,,4,1
65,58,7,1,6,1,8,3,8,3
65,62,1,1,1,1,1,1,1,1
65,65,8,3,7,3,5,3,6,3
65,66,156,5,159.5,4,149.5,5,152.5,4
65,67,2,1,2,1,2,1,,
65,86,83,7,86,8,96.5,7,93.5,6
65,87,200.5,4,207.5,4,214,3,199,3
65,94,5,1,7,1,5,1,3,1
65,95,4,1,4,1,3,1,3,1
65,97,28,4,29,3,32,4,32,4
65,98,83.5,8,77,8,65.5,8,68.5,8
65,109,11,1,11,1,11,1,11,1
65,111,12,1,12,1,13,1,13,1
65,115,25,3,26,3,25,3,25,3
65,118,4,1,3,1,,,,
65,119,6,1,5,1,5,2,7,2
66,8,48,2,43,2,47,2,41,2
66,9,6,2,7,2,7,2,4,2
66,12,7,1,8,1,8,1,8,1
66,14,31,2,31,1,28,2,25,2
66,15,98,5,91,6,94,6,97,5
66,19,2,1,2,1,2,1,1,1
66,21,12,1,12,1,19,1,13,1
66,22,12,1,7,1,10,1,8,1
66,23,,,,,18,1,,
66,57,3,1,3,1,3,1,7,1
66,58,2,1,2,1,2,1,2,1
66,64,2,1,2,1,,,1,1
66,66,6,1,8.5,1,7,1,8,1
66,67,6,1,6,1,6,1,8,2
66,75,8,2,9,2,14,2,13,2
66,78,10.5,2,11,2,8,2,15,2
66,79,60,4,67,3,61,3,58,2
66,86,4,1,4,1,4,1,4,1
66,87,41.5,3,43,3,48,3,54,3
66,90,2,1,2,1,2,1,1,1
66,91,39,4,32,4,30,4,36,4
66,93,2,1,1,1,,,6,1
66,94,35,3,33,3,27,3,28.5,3
66,100,2,1,2,1,2,1,2,1
66,109,12,2,12,2,10,3,15,3
66,110,15,1,10,1,11,1,10,1
66,111,28,4,30,4,27,4,24,5
66,115,17,5,17,5,11,5,14,5
67,7,8,1,8,1,6,1,7,1
67,15,3,1,3,1,4,1,4,1
67,21,5,2,6,2,5,2,5,2
67,24,2,1,2,1,2,1,,
67,28,10,2,9,2,5,2,6,2
67,34,6,2,6,2,5,2,5,2
67,35,65,2,66,2,65,2,68,2
67,36,2,1,2,1,2,1,2,1
67,53,7,1,8,1,8,1,6,1
67,54,14,1,16,1,12,1,4,1
67,61,20,2,21,2,18,2,16,2
67,62,4,1,6,1,6,1,5,1
67,67,25,3,28,3,24,2,21,2
67,70,2,1,2,1,2,1,2,1
67,75,30,3,26,3,24,3,24,3
67,76,14,2,13,2,13,2,12,2
67,79,40,4,38,4,35,4,36,4
67,91,20,3,21,3,21,3,22,3
67,92,3,1,3,1,3,1,3,1
67,93,2,1,2,1,2,1,2,1
67,94,11,2,14,3,15,3,17,3
67,110,6,2,7,2,9,2,7,2
67,115,4,2,4,2,5,2,5,2
67,120,7,3,8,3,8,3,12,3
68,5,5,2,5,2,8,2,9,2
68,6,109.5,3,116,3,110,3,112.5,3
68,7,78,4,81,4,68.5,4,77,4
68,23,21,1,29,2,19,2,18,2
68,24,,,,,,,3,1
68,28,34,4,25,4,26,4,28,4
68,34,22,5,16,5,14,5,13,5
68,35,226,1,217,1,210.5,1,199,1
68,36,13,2,14,2,18,2,18,2
68,39,22,3,20,4,20,4,22,4
68,44,57.5,1,33,1,36,1,2,1
68,53,240,4,229,4,215,3,214,2
68,54,293,4,282.5,4,278,4,293,4
68,58,5,1,5,1,5,1,5,1
68,61,61,3,63,3,60,2,65,2
68,62,59.5,2,54,2,59.5,2,60.5,2
68,103,9,3,14,3,15,4,13,4
68,106,5,2,3,1,6,1,2,1
68,107,,,1,1,1,1,,
68,114,1,1,,,,,,
68,119,3,1,3,1,2,1,6,1
68,120,9,2,13,2,4,1,6,2
69,6,17,4,16,4,14,3,8,3
69,7,10,1,10,1,12,1,11,1
69,12,,,2,1,,,,
69,23,25.5,3,24,3,34,3,36,3
69,39,246.5,1,221,1,222,1,230.5,1
69,40,213.5,2,199.5,2,202,2,178,2
69,42,,,,,,,2,1
69,43,51,2,51,2,54,2,30,3
69,44,53.5,3,50.5,3,42.5,3,59,3
69,46,2,1,2,1,,,2,1
69,47,110,2,107,2,112,2,100,2
69,48,3,1,3,1,,,6,2
69,50,6.5,1,6.5,1,,,,
69,51,,,,,4,1,,
69,52,9,1,10,1,12,2,10.5,2
69,53,49.5,1,57,1,54.5,1,52,1
69,54,97,4,92,4,84,4,82,3
69,56,6,1,4,1,2,1,,
69,103,5,2,6,2,11,2,11,2
69,104,17,2,13,2,12,2,12,2
69,105,,,,,2,1,2,1
69,106,69,7,64,7,63,7,71.5,7
69,108,8,1,8,1,8,1,7,1
69,115,12,3,7,3,12,3,13,3
69,118,2,1,2,1,2,1,2,1
69,119,52,3,51,3,40.5,4,66.5,2
69,120,24,6,22,7,31.5,7,35,6
70,10,2,1,2,1,2,1,2,1
70,17,19,2,18,2,19,2,23,2
70,23,,,,,1,1,1,1
70,38,115,6,105,7,92.5,7,86.5,6
70,39,10,2,11,2,10,2,8,2
70,43,19,1,18,1,18.5,1,17.5,1
70,44,35,4,38,4,33,4,22,4
70,45,10,1,10,1,10,1,28,0
70,46,98,3,100,3,92.5,3,85,5
70,47,1,1,1,1,,,1,1
70,51,,,,,,,2,1
70,52,1,1,1,1,1,1,1,1
70,64,4,1,6,1,8,1,9,1
70,65,28,3,22,3,22,3,19,3
70,66,76,3,75,3,66,3,57,3
70,70,6,2,4,2,1,1,1,1
70,71,3,1,2,1,2,1,2,1
70,101,8,2,17,2,16,2,13,2
70,102,4.5,2,4,2,5,2,5,2
70,103,79,6,78,6,77,6,72,6
70,104,183,3,174.5,3,162,3,161.5,3
70,105,114,5,110,5,110,5,92,4
70,106,25,2,23,2,23,2,23,2
70,107,101,5,93,5,92,5,87,5
70,108,4,1,13,1,13,1,13,1
70,118,21,1,20,1,18,1,18,1
70,119,29,7,31,7,33,6,23,6
70,120,84.5,7,89.5,7,81,8,95.5,7
71,4,14.5,2,14,2,13,2,9,2
71,5,26,1,28,1,30,1,31,1
71,17,24,3,25,3,24,3,22,3
71,43,9,2,10,2,7,2,7,2
71,46,4,2,4,2,6,2,6,2
71,64,64.5,3,63.5,4,72,4,80,4
71,65,5,2,5,2,4,2,4,2
71,66,81,2,77,2,86,3,82,3
71,70,40,2,45,2,40,3,36,3
71,71,19,2,18,2,21,2,21,2
71,81,86,5,77,4,72,5,77,4
71,82,35,3,28,3,31,3,23,3
71,84,17,1,15,1,12,1,12,1
71,85,53,6,68,6,62.5,6,65,6
71,100,14,2,12,2,14,2,15,2
71,101,22,3,30,3,36,3,35,3
71,102,17,3,18,3,18,3,20,3
71,105,290.5,3,263.5,3,226,2,211.5,2
71,106,604,0,580.5,1,517,2,531.5,2
71,107,114,3,128.5,3,131.5,2,118,2
71,111,5,1,5,1,4,1,4,1
72,4,4,1,4,1,5,1,4,1
72,5,6,1,6,2,6,2,7,2
72,34,2,1,2,1,2,1,,
72,58,77,3,64,3,62.5,3,66,3
72,59,7,3,3,2,2,2,2,2
72,64,82,3,79,4,86,5,70,5
72,76,6,1,6,1,6,1,6,1
72,81,1,1,1,1,,,,
72,82,5.5,2,5.5,2,5.5,2,4,2
72,85,3,1,3,1,4,1,7,2
72,95,2,1,1,1,1,1,1,1
72,103,6,2,3,1,12,2,11,2
72,104,43,5,41,5,36.5,4,46.5,4
72,105,366.5,2,360.5,2,366,2,356,2
72,106,176.5,1,162,1,153,1,136,1
72,107,36,0,30,0,35,0,20,0
72,108,4,3,5,3,4,2,4,2
72,111,2,1,2,1,2,1,2,1
72,119,14,3,11,3,12,3,18,5
72,120,,,,,6,1,,
73,2,4,1,4,1,4,1,4,1
73,30,3,1,3,1,3,1,3,1
73,44,2,1,2,1,2,1,2,1
73,57,,,,,2,1,2,1
73,58,103.5,3,97.5,3,95.5,3,95.5,3
73,84,3,1,3,1,2,1,2,1
73,85,14,1,13,1,15,1,14,1
73,95,2,1,2,1,2,1,2,1
73,96,7,1,5,1,5,1,5,1
73,104,24,3,38,3,42,3,36,2
73,105,49.5,2,55,2,58,2,56,2
73,110,12,1,12,1,6,1,9,2
73,111,91,4,91,4,89.5,4,87.5,4
73,112,43,5,39,4,41,5,38.5,5
73,113,9,1,9.5,1,5,1,6,1
73,119,27,5,26,4,24,5,18,4
74,44,155,2,169.5,2,156,2,145,2
74,45,15,3,14,3,10,2,8,3
74,61,54.5,3,53.5,3,54,3,49.5,4
74,62,2,1,2,1,,,,
74,72,1,1,1,1,1,1,1,1
74,73,57,7,53,7,55,7,53,6
74,83,6,1,,,,,,
74,84,101,5,92,4,93,4,92.5,4
74,85,31,4,28,4,30,4,30,3
74,97,2,1,2,1,3,1,2,1
74,98,16,3,15,3,10,3,13,3
74,110,32,3,29,3,32,3,43,3
74,111,107.5,5,105,5,111,5,116.5,5
74,112,4,1,5,1,5,1,5,1
75,13,98,2,91,2,97,3,100,2
75,14,4,2,5,2,6,2,4,2
75,16,,,1,1,,,2,1
75,44,146,4,137,4,127,4,120.5,4
75,45,44,2,44,2,36,3,38,2
75,61,43.5,5,52.5,5,56.5,5,63.5,5
75,77,2,1,2,1,2,1,2,1
75,78,1,1,1,1,1,1,,
75,79,2,1,2,1,2,1,2,1
75,84,7,2,12.5,2,12.5,2,14.5,2
75,98,42,2,40,2,27,2,26,2
75,99,6,1,8,1,14,2,14,2
75,102,2,1,2,1,2,1,1,1
75,111,6,2,8,2,7,2,6,2
75,120,,,,,,,2,1
76,2,16,3,14,3,11,3,13,3
76,3,28,2,27,2,26,2,29,2
76,12,2,1,2,1,2,1,2,1
76,13,120,4,102.5,4,108,4,94.5,4
76,14,25,3,22.5,3,19,2,19,2
76,16,2,1,,,,,,
76,67,2,1,2,1,,,,
76,68,57,3,55,3,51,3,57,3
76,76,1,1,3,1,4,1,5,1
76,94,107,6,99,6,96,6,99,6
76,95,15,2,13,2,13,2,14,2
76,100,1,1,,,1,1,3,1
76,101,20,3,26,3,19,3,20,3
76,104,4,1,4,1,4,1,4,1
76,105,1,1,,,,,,
76,113,5,1,5,1,5,1,5,1
76,127,,,,,,,3,1
77,2,7,2,4,2,8,2,6,2
77,3,79,6,73,6,71.5,6,67.5,6
77,44,58.5,1,58,2,56,2,55,2
77,57,25,3,22,3,17,3,19,3
77,58,1,1,1,1,1,1,1,1
77,65,2,1,2,1,3,1,3,1
77,68,10,2,7,2,6,2,9,2
77,75,51,3,52,3,56,3,46,3
77,76,27,3,25,2,28,4,27,3
77,94,17,2,16,2,11.5,2,11.5,2
77,95,2,1,2,1,2,1,2,1
77,99,6,1,10,2,9,2,11,2
77,101,7,1,3,1,6,1,6,1
77,105,,,1,1,,,,
77,112,6,3,6,3,5,3,5,3
77,113,53,4,58,3,59,3,61,3
77,115,36,1,36,1,40,1,33,1
77,116,63,6,59.5,6,59,6,63,6
77,124,2,1,2,1,2,1,2,1
78,2,,,,,4,1,4,1
78,3,74,3,70,3,73,4,71,2
78,12,2,1,2,1,3,1,,
78,13,2,1,2,1,2,1,,
78,41,110,2,104,4,95,3,106.5,3
78,42,152.5,5,147.5,5,149,4,165,6
78,43,28,4,30,4,29,4,23,3
78,44,49,1,38,1,49,1,38,1
78,45,,,,,,,3,1
78,73,6,1,2,1,,,,
78,92,5,1,4,1,4,1,3,1
78,93,16,1,16,1,16,1,17,1
78,94,9,3,3,1,4,2,3,2
78,112,45,3,44,3,37,3,37,3
78,113,51,3,51,3,44,3,47,3
78,115,38,5,40,5,43,6,42,6
78,116,32,4,31,4,31,4,29,4
78,125,3,1,2,1,2,1,2,1
79,3,,,,,1,1,,
79,11,3,1,2,1,2,1,2,1
79,12,3,1,2,1,2,1,8,1
79,18,108,3,105,2,104,2,101,3
79,19,,,2,1,2,1,2,1
79,28,1,1,1,1,1,1,1,1
79,29,,,,,2,1,2,1
79,36,75.5,3,67.5,3,63.5,3,62,2
79,37,95.5,3,93.5,3,83.5,3,100,3
79,40,3,1,1,1,1,1,2,1
79,41,111,3,103.5,2,98.5,3,97,3
79,42,22.5,5,20.5,4,23.5,3,22.5,5
79,45,3,1,3,1,3,1,,
79,53,,,,,,,2,1
79,77,8,1,8,1,7,1,6,1
79,89,8,2,7,2,5,2,6,2
79,92,144,1,134,1,133.5,1,135,1
79,93,203,4,204.5,4,214,4,225,4
79,94,65,2,45,2,38,2,36,2
79,102,22.5,1,22,1,22.5,1,21.5,1
79,112,4,1,4,1,5,1,4,1
79,113,3,2,3,2,3,2,2,1
79,127,6,2,5,1,5,1,6,2
80,16,5,1,5,1,5,1,5,1
80,17,3,1,5,1,6,1,6,1
80,18,73,4,78,3,68,4,78,3
80,19,2,1,2,1,5,1,5,1
80,28,11,1,11,1,11,1,11,1
80,29,80,5,83,5,73,5,71.5,5
80,36,23,1,22,1,24,1,23,1
80,37,3,1,3,1,3,1,3,1
80,42,1,1,,,,,,
80,67,4,1,4,1,4,1,4,1
80,68,71,6,68,6,58,5,60,6
80,76,1,1,3,1,3,1,3,1
80,84,53,3,56,3,51,3,45,3
80,92,50,2,50,2,50,2,46.5,2
80,93,2,1,2,1,2,1,2,1
80,96,2,1,2,1,,,,
80,97,,,,,2,1,2,1
80,101,49,3,46,3,44,3,40,3
80,102,116,5,127.5,6,123.5,7,117,6
80,127,3,1,6,2,4,2,4,2
81,7,4,1,4,1,,,4,1
81,8,,,,,4,1,,
81,14,5,1,3,1,2,1,2,1
81,31,71,3,70,3,71,3,74,2
81,32,50,3,46,4,51,4,48,4
81,37,1,1,2,1,,,,
81,43,1,1,,,,,,
81,47,2,1,2,1,2,1,2,1
81,58,2,1,1,1,,,,
81,66,4,1,4,1,4,1,3,1
81,67,13,1,13,1,14,1,14,1
81,68,11,1,15,1,15,1,13,1
81,83,10,1,8,1,6,1,6,1
81,84,39,5,36,5,38,5,35,4
81,101,18,2,18,2,18,2,18,2
81,102,40,2,36.5,4,41.5,3,40.5,3
81,109,4,1,7,1,10,1,10,1
81,110,2,1,1,1,1,1,2,1
81,111,9,1,9,1,8,1,11,1
81,112,3,1,3,1,1,1,1,1
81,120,4,1,4,1,4,1,3,1
82,1,,,1,1,1,1,1,1
82,27,4,2,2,1,3,2,4.5,2
82,28,2,1,1,1,1,1,,
82,36,30,5,37.5,5,39.5,4,32,4
82,57,132,3,124.5,3,130,3,127.5,3
82,58,96.5,3,94.5,2,92,3,89.5,4
82,62,42,4,41,4,40,4,35,5
82,63,1,1,1,1,1,1,1,1
82,65,20,3,21,4,20,4,22,4
82,73,4,2,5,2,,,5,2
82,74,2,1,2,1,2,1,2,1
82,81,7,2,6,2,9,4,7,2
82,82,11,3,12,3,7,1,12,2
82,107,5,3,5,3,3,2,3,2
82,108,3,1,3,1,5,2,5,2
82,109,20,2,17,2,20,2,19,2
82,110,55,3,60,2,55,3,52,4
82,126,4,1,5,1,5,1,6,1
83,17,1,1,,,,,,
83,21,155,3,148,4,139,4,140,4
83,22,147.5,4,147.5,3,153,3,129.5,3
83,23,64,2,56.5,2,53,2,53,2
83,24,26,3,25,4,24,4,23,4
83,25,36,4,33,4,31,4,33,4
83,26,19,5,23,5,20,5,18,4
83,27,2,1,2,1,2,1,2,1
83,39,2,1,3,1,1,1,3,1
83,40,67,3,67,3,58,4,62,4
83,57,64,4,62,4,50,4,50,4
83,58,62,3,62,3,75,2,77,2
83,59,,,1,1,,,,
83,65,1,1,,,,,,
83,107,2,1,2,1,2,1,3,2
83,108,3,2,3,2,3,2,3,2
83,109,69,4,63,4,55,4,49,6
83,110,238,3,253,3,240,3,238.5,3
83,123,2,1,1,1,1,1,1,1
83,125,2,1,3,2,5,2,5,2
84,0,67,3,69.5,4,70,3,87,3
84,1,25,3,23,3,17,3,16,3
84,15,13,3,15,3,14,3,14,3
84,17,1,1,1,1,,,,
84,22,390,2,353.5,1,340.5,1,316,1
84,23,312.5,4,304,4,316,4,287,4
84,24,,,,,3,1,4,1
84,25,6,2,5,2,5,2,5,2
84,39,16,2,15,2,14,2,12,2
84,40,14,2,10,2,11,2,11,2
84,47,56,2,53,2,48,2,58,2
84,61,13,3,13,3,10,3,10,3
84,62,2,1,2,1,2,1,2,1
84,93,,,,,,,3,1
84,94,4,1,4,1,4,1,,
84,103,8,1,8,1,8,1,8,1
84,107,,,1,1,,,5,1
84,109,61,4,63,4,51,4,61,3
84,110,59,4,68,4,57,4,54,3
84,123,4,2,4,2,3,1,5,2
84,125,298.5,5,306,6,285,4,286.5,5
84,126,629.5,1,645.5,1,608,1,598.5,1
84,127,57,1,62,2,60,2,60,2
85,0,49,2,51,2,55,3,46,2
85,4,5,1,5,1,5,1,5,1
85,15,7,2,9,2,9,2,9,2
85,20,4,1,,,,,,
85,23,34,3,38,3,43,3,39,3
85,30,14,1,14,1,9,1,15,1
85,31,161,5,152,5,149,4,180,5
85,47,11.5,1,11.5,1,13,1,11,1
85,84,1,1,2,1,4,1,4,1
85,85,59,5,57,5,40.5,4,53.5,5
85,93,30,0,31,0,30,0,28,1
85,94,145,7,141,7,127,7,125.5,7
85,95,14,2,13,2,14,2,13,1
85,103,14,2,16,2,15,2,15,2
85,104,40,5,44,5,39,4,39,4
85,110,8,1,6,1,5,1,5,1
85,123,8,2,6,1,7,1,7,1
85,124,,,3,1,3,1,3,1
85,125,155.5,6,131,6,140,6,138,6
85,126,305,1,321.5,1,325,1,312,1
85,127,67,1,60,1,57,1,59,1
86,10,,,4,1,4,1,5,1
86,11,148,2,161,2,149,3,133,4
86,12,6,2,6,2,6,2,8,2
86,23,4,1,5,1,7,1,6.5,1
86,25,3,1,2,1,2,1,2,1
86,30,52,3,49,3,46,3,39,3
86,31,142.5,3,138,3,157.5,2,141.5,3
86,45,34,2,36,2,26,3,33,2
86,46,35,2,22,2,25,2,25,2
86,64,33,3,34,3,30,3,31,3
86,65,4,1,3,1,2,1,2,1
86,66,,,,,1,1,1,1
86,85,7,1,9,1,17,2,9,1
86,94,2,1,1,1,1,1,1,1
86,120,22,2,15,2,16,2,17,2
86,124,67,4,63,5,59,4,65,4
86,125,58,2,56,2,52,2,54,2
87,11,1,1,1,1,,,,
87,23,6,1,4,1,3,1,2,1
87,26,6,1,5,1,4,1,1,1
87,33,2,1,2,1,2,1,2,1
87,34,11,2,10,2,,,13,2
87,35,4,1,8,1,9,1,4,1
87,45,17,1,19,1,25,0,16,1
87,64,7,1,7,1,8,1,6,1
87,66,49,5,48,5,44,5,42,5
87,81,13,1,14,1,14,1,15,1
87,82,,,,,2,1,2,1
87,102,3,1,3,1,3,1,2,1
87,119,10,2,12,2,11,2,8,2
87,120,184.5,2,172.5,2,168.5,3,162.5,3
87,121,6,2,6,2,3,2,2,1
87,123,3,1,3,1,3,1,2,1
88,10,3,1,3,1,2,1,1,1
88,22,2,1,2,1,2,1,2,1
88,34,130,3,138.5,3,137.5,6,115,3
88,81,75,6,71,6,75,6,67,5
88,82,4,1,3,1,3,1,3,1
88,85,68,3,69,3,42,3,70,3
88,86,78,4,70,4,51,3,81,4
88,88,38,5,34.5,4,30.5,4,31.5,4
88,89,30,1,29,1,29,1,32,1
88,101,4,1,4,1,4,1,4,1
88,102,31,3,32,3,31,3,32,3
88,118,183,1,175.5,2,172.5,1,161,2
88,120,157,4,154,4,156,4,155,4
88,123,77.5,3,72,3,83,3,80,3
88,124,217.5,3,204,3,196,3,187,3
89,10,3,1,2,1,4,1,4,1
89,11,2,1,2,1,,,,
89,42,3,1,3,1,3,1,3,1
89,43,26,3,27.5,3,26,3,26.5,3
89,60,13,3,13,3,11,2,7,2
89,79,1,1,,,,,,
89,85,42,3,36,4,63.5,5,29,4
89,86,134,2,129.5,1,145,2,113.5,2
89,87,2,1,2,1,4,1,3,1
89,88,48,4,42,4,36,4,38,4
89,89,164,6,173,5,149.5,6,156.5,6
89,92,1,1,1,1,2,1,2,1
89,101,105,4,106,4,91,6,92,5
89,102,3,1,3,1,4,1,4,1
89,111,60,3,57,3,57.5,3,56,3
89,112,2,1,2,1,2,1,2,1
89,114,,,,,6,1,12,1
89,115,12,2,12,2,3,1,2,1
89,116,20,2,14,2,12,2,15,2
89,117,12,3,12,3,11,3,9,3
89,118,274,2,273,2,263,2,249,2
89,119,2,2,2,2,8,2,8,2
89,120,,,,,,,2,1
89,123,293,3,290,3,293,3,287,3
89,124,192,4,177,4,182,4,183,4
89,125,16,2,18,3,15,3,19,3
90,8,,,,,4,1,4,1
90,9,96,5,90,6,87,6,89,6
90,10,43,4,45,4,46,4,39,4
90,29,2,1,,,,,1,1
90,34,4,1,3,1,3,1,2,1
90,42,53,5,48,5,46,5,46,5
90,43,4,1,5,1,4,1,7,1
90,59,2,1,6,1,6,1,5,1
90,60,52,4,47,4,52.5,3,56,5
90,61,1,1,1,1,1,1,,
90,66,1,1,1,1,1,1,1,1
90,67,12,1,11,1,10,1,10,1
90,76,2,1,2,1,2,1,2,1
90,77,101,6,92,6,98,5,79,6
90,110,71,7,78,7,82,6,84,6
90,111,150.5,1,138,2,131,2,134.5,2
90,113,2,1,2,1,2,1,1,1
90,115,16,2,18,2,18,4,13,4
90,116,6,2,6,2,1,1,1,1
90,117,11,1,11,1,10,1,10,1
90,118,29,3,43,3,36,3,50,3
90,123,4,1,4,1,4,1,4,1
91,3,6,1,5,1,5,1,5,1
91,9,12,2,12,2,13,2,10,2
91,10,1,1,1,1,1,1,1,1
91,14,1,1,1,1,1,1,1,1
91,23,3,2,3,2,3,2,3,1
91,30,27,2,27,2,25,1,35.5,2
91,31,74,3,76,3,56.5,3,62.5,3
91,52,2,1,2,1,2,1,2,1
91,54,2,1,,,,,,
91,63,15,2,13,2,14,2,12,2
91,66,15,2,15,2,8,2,10,2
91,67,25,3,16,3,17,3,15,3
91,71,28,2,28,2,25,2,26,2
91,72,15,1,14,1,15,1,11,1
91,73,10,3,10,3,10,3,10,3
91,74,42,4,39,4,43.5,4,38,4
91,76,,,,,1,1,1,1
91,77,8,3,11,3,11,3,10,3
91,92,67,4,64,4,71,4,74,3
91,93,5,3,9,3,9.5,2,13,3
91,107,2,1,2,1,2,1,2,1
91,108,6,2,4,1,4,1,5,1
91,112,6,1,6,1,6,1,7,1
91,113,145.5,2,147.5,2,136.5,2,135.5,2
91,114,59,2,60,2,60,2,65,2
91,116,15,1,16,1,13,1,11,1
91,117,105,6,113,6,110,6,103,7
91,118,6,1,7,1,7,1,6,1
91,121,2,1,2,1,2,1,1,1
91,122,7,2,7,2,6,2,8,2
92,30,259.5,4,249,4,229,4,219.5,4
92,31,76,4,77,4,81,4,68,4
92,36,1,1,1,1,1,1,1,1
92,37,137,5,129,5,140.5,5,140,5
92,38,4,1,4,1,4,1,3,1
92,52,27,2,26,2,24,2,21,2
92,53,47,5,51,5,42,5,39,5
92,54,,,2,1,3,2,3,2
92,66,3,1,5,1,6,1,6,1
92,69,,,4,1,,,4,1
92,71,11,1,10,1,10,1,10,1
92,72,12,2,14,2,14,2,20,2
92,73,,,,,5,1,,
92,74,13,2,13,2,11,2,16,2
92,92,7,2,7,2,5,2,2,1
92,93,16,3,10,2,7,2,7,2
92,107,39,5,40,5,41,5,40,5
92,108,243,5,228,6,211.5,6,204.5,5
92,109,1,1,2,1,7,1,2,1
92,110,2,1,2,1,1,1,2,1
92,111,5,1,5,1,5,1,4,1
92,113,55,4,52,3,57,3,60,3
93,5,115,4,114,4,107,4,117.5,5
93,6,93,2,85,2,76,2,70,3
93,30,30,5,29,5,28,5,22,5
93,37,53,5,60,3,64,3,63,4
93,49,178.5,1,188.5,3,182,3,176.5,3
93,50,23,3,27,3,23,3,23,3
93,67,43,3,44,3,38,3,34,3
93,68,36,4,30,4,32,3,34,3
93,84,2,1,2,1,2,1,2,1
93,88,16,2,12,2,12,2,16,2
93,89,36,3,34,3,36,3,37,3
93,94,3,1,4,1,4,1,4,1
93,95,61,1,59,1,59,1,53,1
93,97,3,3,4,3,4,3,3,2
93,106,7,2,7,2,8,3,9,3
93,107,443.5,3,400,3,365.5,3,374.5,3
93,108,763,0,740.5,1,732,0,704.5,1
93,109,63,6,42,6,44,6,44,6
94,4,17,3,20,4,21,3,24,4
94,5,168,3,148.5,3,139.5,3,148.5,3
94,6,112,3,91,3,93,3,69,4
94,44,3,1,4,1,,,2,1
94,45,47,4,46,4,42,4,53,4
94,50,2,1,2,1,2,1,2,1
94,68,5,1,6,1,6,1,6,1
94,70,59,5,54,6,54.5,7,50,7
94,88,15,2,16,2,16,2,16,2
94,89,25,3,21,3,18,3,17,3
94,94,103.5,4,108.5,4,95.5,4,94,4
94,95,69,6,77,6,73,6,80,6
94,96,34,3,25,3,23,3,21,3
94,97,120,2,119,2,119,2,120,2
94,98,29,4,27,4,22,4,27,4
94,99,21,1,20,1,18,1,17,1
94,100,6,1,6,1,4,1,5,1
94,104,,,,,5,1,5,1
94,105,35,3,34,3,34,2,36,3
94,106,33,1,30,1,33,1,32,0
94,107,247,3,242,3,234.5,3,222,2
94,108,526,2,507.5,2,470.5,2,463.5,2
94,109,48,2,52.5,2,64,2,68.5,2
94,115,3,1,3,1,4,1,3,1
95,2,38,3,34,3,23,3,22,2
95,3,2,1,2,1,2,1,2,1
95,5,12,1,12,1,10,1,6,1
95,6,105,2,103,2,109,2,107,3
95,23,4,1,4,1,,,4,1
95,26,162,5,154,5,144.5,5,126.5,5
95,27,27.5,0,27.5,0,31,0,29,0
95,34,45,3,42,3,43,3,41,3
95,35,51.5,3,46.5,3,47.5,3,50,3
95,44,9,2,6,2,5,2,5,1
95,45,67,3,68,2,73.5,4,70.5,2
95,47,66,4,57,4,63,4,62,4
95,94,4,1,2,1,1.5,1,,
95,100,71.5,4,80.5,4,79.5,4,77.5,4
95,102,4,2,4,2,2,2,2,2
95,103,103.5,5,104,5,95.5,4,92,5
95,104,106,2,101,2,101,2,93,2
95,105,5,1,5,1,5,1,5,1
95,106,191,4,183.5,4,186,4,173,5
95,107,116,0,111,1,107.5,1,100.5,0
95,108,27,2,27,2,23,2,23,2
96,2,7,2,6,2,6,2,6,1
96,26,23,2,21,2,24,2,21,2
96,34,6,1,6,1,6,1,5,1
96,47,7,2,8,2,7.5,2,7,2
96,87,4,2,4,2,1,1,1,1
96,102,115,2,106,2,110,2,104,2
96,103,200.5,5,184.5,4,187.5,5,174,5
96,104,8,2,7,2,7,2,6,2
96,105,39,3,34,3,35,3,39.5,3
96,106,205,5,192,6,180,6,170,7
96,107,43.5,2,42.5,2,34.5,2,39,2
97,9,13,2,11,2,12,2,10,1
97,67,3,1,3,1,,,,
97,86,80.5,1,77.5,1,56.5,1,76,1
97,87,7,1,8,1,10,3,13,3
97,106,23,2,24,2,20.5,2,22.5,2
97,116,18,3,18,3,12,3,16,3
98,1,4,1,2,1,7,1,8,1
98,2,5,1,5,1,5,1,5,1
98,30,37,3,37,3,38,3,34,3
98,32,3,1,3,1,3,1,3,1
98,84,5,1,4,1,4,1,3,1
98,86,55,4,51,4,77,4,53,3
98,102,57,2,64,2,55.5,3,49.5,2
98,103,15,1,14,1,12,1,12,1
98,115,9,1,14,1,15,1,16,1
98,116,80.5,6,89,6,100,5,89.5,5
99,0,4,1,1,1,1,1,1,1
99,30,86,4,80,3,78,3,76,4
99,31,8,2,8,2,7,2,10,2
99,34,88,3,81,3,70,4,86.5,3
99,35,46,3,43,3,37,1,50,3
99,66,9,1,7,1,11,1,5,1
99,72,8,2,6,2,6,1,7,1
99,73,55,4,59,4,39,4,50,5
99,84,6,2,5,2,2,2,2,2
99,85,17.5,2,14.5,2,9.5,2,10,1
99,86,,,,,3,1,2,1
99,95,126,7,130,7,105,7,99,7
99,96,7,2,5,2,9,1,8,1
99,102,12,3,14,3,10,3,10,3
99,103,3,1,3,1,3,1,3,1
99,105,14,3,16,3,12,2,11,3
99,112,81.5,5,80.5,5,70.5,5,69,5
99,113,2,2,6,1,3.5,1,4,1
100,20,7,3,7,3,8,3,8,3
100,26,9,1,9,1,10,1,10,1
100,34,36.5,1,38.5,1,48.5,1,35,1
100,35,28,4,25,4,38,4,40,4
100,38,1,1,1,1,,,1,1
100,39,22,2,25,2,26,2,28,2
100,52,54,4,55,4,48,3,48,4
100,66,93.5,5,89,5,83,5,86,5
100,73,20,1,21,1,23,1,14,1
100,85,2,1,2,1,,,2,1
100,95,10,1,9,1,4,1,5,1
100,105,50.5,2,53,2,40,3,48,2
100,110,101.5,6,98.5,6,89.5,6,89.5,6
100,111,30,0,30,0,30,0,30,0
101,18,94,3,85,3,78,3,73.5,3
101,19,175.5,4,168,4,168,5,164.5,6
101,21,2,1,2,1,2,1,2,1
101,25,72,2,62,2,58,2,62,2
101,26,187,3,197,3,185.5,3,188.5,3
101,38,9,1,10,1,12,1,10,1
101,39,146,4,133,4,138.5,5,134,4
101,40,98,1,98,1,92,1,89,1
101,52,79,8,88,8,91,7,81.5,7
101,84,7,1,9,1,8,1,5.5,1
101,85,4,1,4,1,3,1,3,1
101,110,52,4,47,4,45.5,4,43,4
102,4,5,1,5,1,5,1,5,1
102,18,12,1,11,1,11,1,11,1
102,19,5.5,1,5.5,1,10,1,6,1
102,26,106.5,7,95.5,7,89.5,6,80.5,6
102,33,43,1,42,1,47.5,2,49.5,2
102,34,60,2,58,2,55,2,53,2
102,40,51,4,52,4,46.5,4,39.5,2
102,67,1,1,1,1,,,,
102,68,23,2,19,2,3,2,23,2
102,69,8,1,9,1,4,1,8,1
102,77,74,4,65,4,65,4,56,4
102,84,25,5,28,5,33,5,33,5
102,85,15,2,15,2,14,2,13,2
102,115,17,2,15,2,20,2,20,2
103,25,4,1,3,1,3,1,3,1
103,34,335,3,310.5,3,312,3,314,3
103,35,269,3,266,3,258,3,268.5,3
103,40,,,3,1,2,1,2,1
103,41,3,1,7,2,7,2,4,2
103,43,33.5,1,39,1,37,2,39,1
103,44,121,5,120.5,5,120,5,125,6
103,45,2,1,2,1,2,1,2,1
103,50,3,1,3,1,3,1,2,1
103,66,24.5,2,22,2,23,2,21,2
103,67,,,4,1,,,,
103,68,4,1,4,1,4,1,3,2
103,77,21,2,22,2,26,2,21,2
103,78,2,1,2,1,2,1,2,1
103,82,66,6,62,6,59,6,50,5
103,84,4,1,4,1,3,1,4,1
103,100,65,6,72,6,54,6,59,6
103,102,2,1,2,1,1,1,1,1
103,103,6,2,6,2,6,2,6,2
103,108,,,,,,,1,1
103,115,81,5,85,5,90,6,84,6
104,27,2,1,2,1,2,1,3,1
104,34,4,1,4,1,4,1,4,1
104,35,8,2,9,2,9,2,9,2
104,44,5,1,5,1,5,1,5,1
104,50,95.5,7,99,6,102,6,97,7
104,51,28,2,25,2,24,2,27,2
104,55,24,3,22,3,15,2,16.5,2
104,65,,,,,,,3,1
104,66,9,3,8,3,9,3,8,2
104,68,4,1,,,,,,
104,82,3,1,4,1,5,1,5,1
104,92,60,4,56,4,55,4,56.5,4
104,93,3,1,,,5,1,,
104,99,5,1,6,1,9,1,13,2
104,100,23,1,23,1,28,3,27,2
104,101,6,1,6,1,6,1,6,1
104,102,44,2,34,2,33,2,32,2
104,103,21,1,23,1,23,1,23,1
104,108,67.5,4,66,4,64,5,62,5
104,114,4,1,4,1,,,4,1
104,126,15,2,16,2,18,1,18,2
104,127,23,2,26.5,2,15.5,2,20.5,2
105,2,3,1,3,1,2,1,2,1
105,4,88,6,81.5,5,87,5,88.5,5
105,5,2,1,2,1,2,1,2,1
105,15,2,1,2,1,2,1,2,1
105,39,16,3,21,3,18,3,15,3
105,40,228,3,232.5,3,225,2,211,2
105,50,9,2,9,2,7,2,7,2
105,55,12,2,10,2,17,2,16,2
105,56,10.5,1,10.5,1,7.5,1,7.5,1
105,69,,,,,5,2,,
105,70,2,1,2,1,,,2,1
105,92,5,1,5,1,5,1,5,1
105,99,1,1,,,,,,
105,113,12,1,12,1,13,1,13,1
105,122,181,2,161.5,2,156,2,145,2
105,123,722,1,678.5,2,680.5,2,659.5,2
105,124,221,1,208.5,1,207.5,1,202,1
105,126,64,3,64,3,72,3,68,3
105,127,274,5,265,5,263,5,269.5,5
106,4,68.5,4,65,5,60,5,66,5
106,35,4,2,4,2,1,1,1,1
106,39,102,2,99,2,101,2,97,2
106,40,373,3,373,3,352,3,354,3
106,41,3,1,2,1,2,1,2,1
106,42,6,2,4,2,2,1,4,2
106,51,76,5,68,5,67,6,72,6
106,60,3,1,3,1,3,1,3,1
106,74,3,1,3,1,4,1,4,1
106,75,50,2,49,2,50,2,48,2
106,86,4,1,4,1,4,1,4,1
106,95,13,3,11,3,10,3,10,1
106,107,12,2,12,2,11,2,10,2
106,113,117,8,116,8,116,8,112,8
106,114,5,1,5,1,5,1,5,1
106,118,11,1,11,1,14,2,14,1
106,119,100,2,99.5,2,97.5,2,91.5,2
106,120,179,1,168,1,169.5,1,168.5,1
106,121,297,0,304.5,0,306.5,0,289.5,1
106,122,175,3,186,3,162,3,158,3
106,123,116.5,4,123.5,3,107.5,4,107.5,3
106,124,38,1,34,1,32,1,32,1
106,126,143.5,2,146.5,2,132,2,137,2
106,127,444,3,449.5,3,458.5,3,423.5,2
107,27,5,1,5,1,5,1,2,1
107,35,2,1,2,1,2,1,2,1
107,36,4,2,4,2,3,2,3,2
107,43,41,2,33,2,35.5,2,30,2
107,44,91.5,6,92.5,6,92.5,6,96.5,5
107,45,3,1,3,1,2,1,2,1
107,50,4,1,4,1,3,1,4,1
107,51,12,2,12,2,16,2,13,2
107,56,21,2,22,0,22,0,18,1
107,71,65,3,65,3,63.5,3,68.5,3
107,72,11,1,15,1,16,1,11,1
107,90,5,2,5,2,5,2,5,2
107,91,5,2,7,2,2,2,6,2
107,95,3,1,6,2,6,2,6,2
107,106,5,2,5,2,2,1,2,1
107,112,2,1,2,1,,,,
107,118,66,3,65,2,67,3,67,3
107,119,51,2,58,2,55.5,2,57.5,2
107,120,102.5,3,97.5,3,89.5,3,81.5,2
107,121,28,2,29,2,31,2,47,1
107,122,11,3,13,3,11,3,11,3
107,126,58.5,3,44.5,3,48.5,3,44.5,3
107,127,260,2,239.5,3,232.5,3,225.5,3
108,10,19,1,16,1,15,1,12.5,1
108,27,5,1,6,1,3,1,4,1
108,35,4,1,4,2,2,1,4,2
108,50,,,1,1,1,1,1,1
108,56,120,5,115,5,115,5,115.5,5
108,58,3,1,3,1,3,1,3,1
108,72,13,3,18,3,21,3,24,3
108,85,71,2,73.5,2,54,2,53,2
108,95,75,4,73,5,74,4,63.5,5
108,96,18,3,19,3,21,3,23,3
108,105,72,4,50,5,66.5,5,55,5
108,106,114.5,5,105,5,101,5,100.5,4
108,127,11,1,13,2,14,1,17,1
109,10,6,2,6,2,5,2,8,2
109,33,,,,,2,1,,
109,35,10,1,10,1,9,1,7,1
109,36,2,1,2,1,1,1,,
109,48,4,1,4,1,4,1,3,1
109,49,156,4,159.5,4,149,4,149,4
109,56,11,2,10,2,4,2,5,2
109,66,52,4,57,4,57,4,47,4
109,76,2,1,2,1,2,1,2,1
109,85,40,3,41,3,36,3,42,3
109,87,26,4,25,4,30,4,28,4
109,90,22,4,20,4,17,4,17,4
109,96,2,1,1,1,1,1,1,1
109,100,5,1,5,1,5,1,5,1
109,106,4,1,4,1,4,1,4,1
109,116,64,5,66,5,69,5,63,5
109,117,136,2,130,2,127.5,2,124,2
109,118,212,1,205,1,194,1,189,1
109,127,4,2,4,2,4,2,4,2
110,24,3,1,2,1,2,1,2,1
110,29,211,4,216.5,3,206,3,194.5,3
110,30,6,2,6,2,6,2,6.5,2
110,32,6,2,6,2,4,1,6,2
110,33,834,2,807.5,2,842.5,3,845,3
110,34,131.5,2,136.5,2,129,1,135,1
110,35,366.5,3,366,3,354,2,339.5,2
110,36,,,,,,,4,1
110,48,2,1,2,1,2,1,2,1
110,49,92,5,101,4,93,5,97.5,5
110,52,3,1,3,1,3,1,3,1
110,53,87.5,2,85.5,2,86,2,80,2
110,61,126,6,117.5,6,108,7,109.5,7
110,65,34,2,34,2,35,2,41,2
110,66,138.5,3,126,3,110.5,3,105.5,3
110,103,3,1,3,1,3,1,3,1
110,115,170.5,1,168.5,1,164,1,154,0
110,116,23,2,26,2,25,2,22,2
110,117,177,2,174.5,2,160,2,144.5,2
110,127,117,7,117.5,7,106.5,6,124,6
111,28,2,1,2,1,,,,
111,29,279,1,297.5,0,283.5,1,280,1
111,30,234,3,232,3,217,3,231,3
111,31,957.5,2,969,2,1278.5,2,1205.5,2
111,32,702.5,1,666,1,551,2,518,2
111,33,1115.5,1,1053,1,985,1,970,1
111,34,720.5,2,646.5,2,655.5,2,635,2
111,35,920.5,2,860,2,840,2,861,2
111,36,8,3,9,3,11,3,10,3
111,37,36,3,37.5,3,31,3,33.5,3
111,38,4,1,7,1,7,1,6,1
111,41,5,1,5,1,5,1,5,1
111,42,25,2,25.5,2,25,2,25,2
111,53,43,3,42,3,41,3,41,3
111,60,2,1,2,1,4,1,3,1
111,61,251.5,4,229.5,4,213,4,220,4
111,65,6,1,5,1,5,1,4,1
111,66,7,1,10,1,10,1,12,1
111,111,27,2,24,2,17,2,18,2
111,112,37.5,2,37,2,32,2,37,2
111,115,322,4,320,4,308,4,330,4
111,117,2,1,,,,,,
111,119,4,2,3,2,3,2,2,1
111,122,111,0,107,0,87.5,1,83.5,1
111,123,32,3,35,4,31,4,34,3
111,125,3,1,4,1,4,1,4,1
111,126,2,1,2,1,2,1,2,1
111,127,510.5,1,486,1,432.5,1,468.5,1
112,8,6,1,6,1,6,1,6,1
112,23,41,3,43,3,34,3,40.5,3
112,24,65,2,60.5,2,55.5,2,51.5,2
112,29,11,2,11,2,9,2,9,2
112,30,909,1,891,1,880,1,841,1
112,31,826.5,1,820.5,1,532,1,477.5,1
112,32,917,0,891.5,0,1021.5,1,950.5,1
112,33,1443.5,1,1438,1,1231,1,1197.5,1
112,34,1268.5,0,1213,0,1118.5,0,1146.5,0
112,35,1183.5,1,1160.5,1,1211,1,1190,1
112,36,615.5,6,603.5,6,610,6,571,6
112,37,567,0,542.5,0,508,0,532,0
112,38,12,1,14,1,14,1,16,1
112,40,6,1,4,1,7,1,9,2
112,41,9.5,2,8,2,9,2,9,2
112,42,201.5,4,214,4,220.5,4,232,5
112,43,140.5,5,135,5,143,5,143,5
112,44,16,2,13,2,11,2,15,2
112,50,46,3,48.5,3,40.5,3,36,4
112,52,5,1,5,1,3,1,2.5,1
112,58,18,3,16,3,17,2,17.5,3
112,59,74,3,76,3,69,2,67,2
112,64,12,2,12,2,11,2,7,2
112,71,52,1,49,2,46,2,47,2
112,72,16,2,13,2,14,2,13,2
112,99,2,1,2,1,,,2,1
112,100,37,5,43,4,37,5,42,5
112,110,4,1,4,1,3,1,3,1
112,111,113.5,3,118.5,4,121,4,119,4
112,112,495,1,482.5,2,473,2,485.5,2
112,113,9,2,12,2,12,2,9,1
112,114,1,1,1,1,1,1,3,1
112,115,6,1,6,1,6,1,5,1
112,122,96,3,91,3,91,3,77,3
112,126,2,1,2,1,2,1,2,1
112,127,307.5,5,299,5,290.5,5,303.5,5
113,8,34,3,38,3,39,3,40,3
113,9,116,7,119,7,123,8,114.5,8
113,18,56,2,58,2,50,2,45,3
113,19,2,1,3,1,2,1,2,1
113,23,183,3,173,3,158,3,156,3
113,24,49,1,53,1,56,1,52,1
113,27,9,1,7,1,3,1,2,1
113,29,17,3,17,3,18,3,17,3
113,30,11,1,12,1,11,1,9,1
113,31,393,4,371,6,359,3,360.5,4
113,32,1287,0,1275.5,0,1209,0,1150,0
113,33,741.5,2,726,2,702.5,2,708,2
113,34,795,1,730.5,1,807.5,1,777.5,1
113,35,910.5,0,868,0,878,0,827,0
113,36,753,0,738.5,0,706.5,0,695,0
113,37,586,3,560,3,555,3,556,2
113,38,143,3,138,3,132,3,137,4
113,40,80.5,1,76.5,1,77.5,1,71,1
113,41,150,3,149,3,148.5,3,150.5,3
113,43,,,,,,,6.5,1
113,44,3,1,3,1,3,1,3,1
113,50,189.5,3,190.5,3,191.5,3,211.5,3
113,51,368,1,372.5,1,351.5,1,357,1
113,52,35,4,37,4,32,4,35,5
113,56,4,1,4,1,4,1,4,1
113,57,4,1,4,1,4,1,4,1
113,58,209.5,3,211.5,3,186.5,5,193,4
113,59,82.5,2,75.5,2,83,2,77,2
113,61,2,1,,,,,,
113,63,41,1,36,1,46,1,51,1
113,64,18,2,16,2,19,2,17,2
113,65,1,1,1,1,1,1,1,1
113,90,7,1,6,1,6,1,6,1
113,99,,,,,2,1,,
113,100,2,1,2,1,6,1,1,1
113,101,4,1,4,1,4,1,4,1
113,108,26,3,23,3,24,3,24,3
113,111,103,2,98,3,91,3,94,2
113,113,7,2,7,2,6,2,7,2
113,114,277,4,261.5,4,269.5,4,252.5,3
113,115,136.5,2,139,2,123.5,2,128.5,2
113,127,8,2,10,2,14,2,11,2
114,8,141,5,130,5,118,3,127,3
114,9,19.5,2,16,2,15,2,16,2
114,17,2,1,2,1,,,3,1
114,18,133,6,131,6,137,7,149,7
114,19,29,2,30,2,30,2,32,2
114,23,3,1,3,1,3,1,3,1
114,27,,,,,3,1,3,1
114,30,2,1,3,1,2,1,2,1
114,31,222.5,3,217.5,3,214.5,3,205.5,3
114,32,537.5,1,509.5,1,334.5,1,320.5,1
114,33,102,6,92,6,247,6,222,7
114,34,270.5,3,260.5,2,244,2,253.5,2
114,35,86,6,83,6,76,6,80,6
114,36,81,6,84,6,85.5,5,71,5
114,37,92.5,6,93,4,82.5,4,104,4
114,38,2,1,5,1,4,1,3,1
114,40,57,3,54,3,54,2,57,3
114,41,3,1,4,1,4,1,4,1
114,46,89.5,2,83.5,2,80.5,2,82.5,2
114,47,131,2,132.5,2,114,2,110.5,3
114,50,66,2,70,2,67.5,2,64.5,2
114,51,543.5,3,540.5,3,524.5,2,542.5,2
114,52,96,2,92.5,2,80.5,2,88.5,2
114,53,106.5,0,102.5,0,105,0,96,0
114,54,107,3,109,3,102.5,3,99,3
114,58,24,1,22,1,27,2,26,2
114,59,11,1,9,1,9,1,9,1
114,63,72.5,2,75.5,2,71.5,2,84.5,1
114,64,70,5,73,5,67,5,62,5
114,71,7,1,5,1,8,2,6,2
114,75,7,1,9,1,8,1,8,1
114,77,54,2,52,2,56,2,57.5,2
114,78,41.5,2,37.5,2,32,2,36,2
114,94,5,2,5,2,6,3,4,3
114,95,4,1,4,1,4,1,4,1
114,98,11,1,11,1,9,1,9,1
114,103,17,2,18,2,18,2,16,2
114,104,27.5,2,26,2,28,3,29,2
114,107,20,2,19,2,15,1,16,1
114,108,56,3,66,3,64,3,67,3
114,110,48,3,52,3,46,3,46,2
114,111,306.5,3,298,3,284,3,272,1
114,112,33,3,35,3,31,3,44,3
114,116,8,1,7,1,6,1,6,1
115,15,,,,,5,1,5,1
115,16,8,3,10,3,3.5,2,2,1
115,28,3,1,3,1,,,,
115,31,79,1,70,1,67,1,66,1
115,32,175,4,190.5,5,236.5,5,249,5
115,33,220.5,3,175,3,182,2,176.5,2
115,34,27,3,41.5,3,41,3,42,3
115,35,4,1,3,1,3,1,3,1
115,36,9,2,8,2,8,2,7,2
115,37,5,1,4,1,4,1,4,1
115,43,6,1,6,1,6,1,6,1
115,46,35,1,36,1,35,1,32,1
115,47,93.5,2,98,2,83,2,82.5,2
115,50,28,3,28.5,3,28,3,26,3
115,51,10,2,10,2,8,2,8,2
115,53,1,1,1,1,1,1,1,1
115,64,4,1,4,1,4,1,4,1
115,66,3,2,2,1,1,1,3,2
115,67,2,1,2,1,2,1,1,1
115,68,347,2,349,2,339.5,2,327.5,2
115,69,641.5,0,612,0,574,0,583.5,0
115,70,50,4,45,4,40,4,32,4
115,74,77,3,75,3,79,3,74,3
115,75,14,2,15,2,14,2,12,2
115,76,3,1,3,1,4,1,4,1
115,77,38,3,33,2,30,3,35,2
115,78,61.5,1,59.5,1,69.5,1,50.5,1
115,80,4,1,4,1,3,1,3,1
115,81,12.5,2,13,2,13,2,8,2
115,84,3,2,3,2,6,3,6,3
115,92,8,1,9,1,7,1,7,1
115,93,4,1,2,1,2,1,3,1
115,94,3,1,6,1,6,1,3,1
115,95,116,6,107,6,116,5,102.5,5
115,96,34,4,32,4,26,4,23,4
115,102,7,2,8,2,5,1,7,1
115,103,11,3,12,3,12,3,12,3
115,104,178.5,3,176.5,4,143.5,5,150,4
115,105,12,2,12,2,12,2,15,2
115,110,4,2,3,2,3,2,3,2
115,111,33,1,41,1,40,1,32,1
115,112,19.5,3,17,2,13.5,2,16,2
115,116,5,1,4,1,4,1,3,1
116,0,1,1,1,1,1,1,1,1
116,12,5,1,5,1,5,1,5,1
116,25,6,2,6,2,6,2,6,2
116,28,2,1,2,1,2,1,,
116,32,2,1,2,1,2,1,,
116,33,72,1,74,0,70,0,69,0
116,34,116.5,1,121,1,122.5,1,126.5,1
116,49,5,1,4,1,4,1,,
116,50,28,3,24,3,27,3,25,3
116,67,3,1,3,1,4,1,4,1
116,68,314.5,3,304.5,3,285.5,3,273,3
116,69,84,1,80,1,61.5,1,58.5,1
116,70,9,1,10,1,7,1,5,1
116,73,5,2,5,2,5,2,5,2
116,80,223,5,224,5,219.5,4,195,4
116,81,163,5,149,5,142,5,133,5
116,82,16,1,8,1,7,1,5,1
116,84,215,4,212.5,4,203.5,3,224,3
116,88,,,,,4,1,4,1
116,89,7,1,7,1,3,1,3,1
116,92,201,3,184,3,201.5,4,207.5,3
116,93,114,4,113,3,129,3,129.5,2
116,94,64,3,64,3,63,4,62,3
116,95,281,3,304,3,281.5,2,240.5,1
116,96,747,1,661.5,1,681.5,1,626,1
116,97,109,4,102,4,102.5,4,98,4
116,98,6,1,7,1,7,1,7,1
116,99,86,2,84,1,82,2,75,2
116,101,72,4,75,4,63,4,64,4
116,102,84,3,71,3,74,3,74,3
116,103,63,3,57.5,3,55.5,4,50,4
116,104,13,2,13,2,12,2,12,2
116,105,312.5,1,317,1,299,1,302,1
116,106,15,1,17,1,16,1,17,1
116,111,3,1,1,1,,,,
116,112,254.5,1,239,1,252,1,237,1
116,123,7,1,7,1,6,1,6,1
116,124,4,1,4,1,,,,
116,125,4,1,4,1,3,1,3,1
117,0,168,3,180,4,168.5,3,177.5,3
117,1,13,3,14,3,14,3,17,3
117,9,9,1,13,1,7,1,8,1
117,10,105,2,116.5,2,105,2,105,2
117,23,6,1,3,1,5,1,7,1
117,24,240.5,3,237,3,252,3,254.5,2
117,25,12,3,12,3,18,3,18,3
117,26,102,2,97,2,118.5,2,119,2
117,27,142,2,140.5,2,120.5,2,112.5,2
117,39,2,1,2,1,2,1,2,1
117,49,,,5,1,4,1,5,2
117,80,1,1,1,1,1,1,1,1
117,81,255.5,3,261,3,258,3,256.5,3
117,82,36,2,38,2,33,3,32,3
117,83,24,1,17,1,19,1,11,1
117,84,127,2,122.5,2,123,2,124,3
117,88,57,3,52.5,3,46.5,4,45,3
117,89,169,2,167,2,151,3,149.5,3
117,90,22,2,18,2,26.5,2,18.5,2
117,95,214.5,4,207,4,199,4,196.5,4
117,96,271,3,265,3,262,3,220.5,3
117,97,123,5,160,5,164.5,5,164,5
117,98,77,3,72,3,76,3,70,3
117,99,98,2,93,2,87,2,94,2
117,104,22,2,22,2,23,2,17,2
117,105,66.5,3,60,3,55,4,51.5,3
117,111,4,1,4,1,3,1,3,1
117,112,132,4,143,4,139,4,148.5,4
117,125,18,2,15,2,16,2,18,3
117,126,329,3,338,3,335,3,317.5,3
117,127,42,0,38.5,0,35,0,30,0
118,0,31,3,28,3,29,3,27,3
118,9,15,1,21,1,16.5,2,21.5,2
118,10,150,5,140.5,6,138,6,131,5
118,24,6,2,11,2,11,2,11,2
118,25,2,1,4.5,1,2,1,2,1
118,26,14,2,14,2,12,2,14,2
118,27,76,3,72,2,67,3,73,3
118,40,6,2,5,3,5,3,2,1
118,41,129,3,124.5,3,111.5,3,115,3
118,81,9,2,12.5,2,27.5,2,30.5,2
118,82,32.5,1,37.5,0,17.5,1,13.5,1
118,87,2,2,,,,,,
118,88,15,2,13,2,17,2,16,2
118,89,51.5,0,48,0,42,0,36,0
118,90,2,1,2,1,2,1,,
118,92,5,1,4,1,3,1,3,1
118,94,9,2,9,2,9,2,7,2
118,95,140,1,135,1,138,2,121,2
118,96,887.5,2,806.5,1,792.5,1,798.5,1
118,97,11,2,7,2,8,2,6,2
118,98,193.5,4,186,4,175,4,170,4
118,99,31,0,29,0,30,0,31,0
118,111,30,3,30,3,28,3,34,3
118,112,24,3,26,2,24,2,24,3
118,118,4,2,4,2,4,2,4,2
118,125,10,3,10,3,9,4,8,4
118,126,11,3,12,3,11,2,13,2
118,127,4,1,1,1,3,1,3,1
119,3,19,4,18,4,21,4,30,4
119,4,85,3,80,3,79,3,78.5,3
119,21,3,1,,,2,1,2,1
119,34,3,1,2,1,2,1,2,1
119,35,1,1,1,1,2,1,2,1
119,36,2,2,2,2,2,2,2,2
119,40,2,1,2,1,2,1,2,1
119,41,102,6,98,6,97,6,91,6
119,52,153,3,143,3,148,3,146,3
119,53,13,3,12,3,11,2,13,2
119,80,2,1,2,1,2,1,2,1
119,88,76,3,80,3,77,3,75,3
119,96,20,2,18,2,18,2,17,2
119,97,8,2,7,2,7,2,7,2
119,99,71,2,61,3,67,3,54,3
119,100,4,2,3,1,5,2,7,2
119,102,,,,,,,1,1
119,109,5,1,5,1,5,1,4,1
119,121,160,5,152,5,151.5,5,143,5
119,122,9,2,8.5,2,11.5,3,7,3
119,124,8,1,7,1,9,1,9,1
119,125,14,4,15,4,14,4,15,4
120,2,4,1,4,1,4,1,4,1
120,20,33,2,31,2,34,2,33,3
120,21,226,5,228.5,5,212.5,5,212,5
120,22,2,1,2,1,2,1,2,1
120,41,8,2,8,2,7,2,7,2
120,52,15,1,18,1,17,1,14,1
120,53,10,2,8,1,12,2,11,2
120,77,17,2,16,2,13,1,12,1
120,78,16,3,16,4,15,4,20,4
120,87,16,2,16,2,15,2,14,2
120,88,183,2,188,1,177.5,2,174,1
120,95,50,3,47,3,48,2,45.5,2
120,96,291.5,2,295,2,290,2,280.5,2
120,97,50,5,55.5,5,60,5,53,5
120,98,428,4,415,4,415,4,411,4
120,124,101,3,94,3,89,3,98.5,3
120,125,21,2,20,2,22,2,23,2
121,19,15,2,13,2,14,2,12,2
121,20,150,4,147.5,4,145.5,4,127.5,5
121,21,39,1,45.5,0,36,0,31.5,0
121,22,1,1,1,1,1,1,1,1
121,54,33,4,36,3,32,3,35,3
121,77,94.5,4,82.5,4,73.5,4,73.5,3
121,78,30,1,31,1,31,0,30,0
121,79,,,,,,,2,1
121,87,53,3,46,3,49.5,3,49.5,3
121,88,273,2,273.5,2,280,1,261.5,1
121,89,10,1,12,1,12,1,8,1
121,95,,,,,2,1,2,1
121,96,2,1,1,1,,,,
121,98,225,4,219.5,4,231,4,217.5,4
121,99,,,,,,,1,1
121,107,18,4,14,4,17,4,20,4
121,113,13,2,14,2,14,2,14,2
121,114,26,3,27,3,23,3,21,3
122,10,4,1,4,1,3,1,2,1
122,20,4,1,2,1,,,,
122,40,4,2,3,2,5,2,3,2
122,44,63,3,61,3,64,3,67,3
122,45,55,2,55,2,50,2,51,2
122,47,6,2,6,2,6,2,6,2
122,53,2,1,2,1,1,1,1,1
122,54,27,3,34.5,3,31,3,26,3
122,55,4,1,4,1,4,1,4,1
122,72,15,3,13,3,18,3,12,3
122,73,26,3,24,3,15,3,14.5,3
122,74,33,3,38,2,34,3,40,2
122,79,2,1,3,1,4,1,4,1
122,88,5,1,6,1,3,1,3,1
122,98,65.5,2,52,2,53,2,52,2
123,15,169.5,6,162,5,159,4,155.5,4
123,16,37,3,33.5,3,32.5,3,32.5,3
123,20,5,1,6,2,3,2,3,2
123,21,16,1,13,1,14,1,11,1
123,30,4,1,4,1,3,1,3,1
123,31,146.5,2,143,2,153,2,148,2
123,44,123,4,130,5,128,5,113.5,4
123,45,15,3,16,3,10,2,10,2
123,72,67.5,3,61,3,48,2,46,2
123,73,323,4,333,4,325.5,4,316.5,4
123,74,4,2,9,2,14,2,15,2
123,83,1,1,1,1,1,1,,
123,94,6,1,4,1,5,1,3,1
123,98,3,1,3,1,3,1,3,1
123,99,,,,,1,1,1,1
123,104,14,2,14,2,21,2,18,2
123,105,143,6,152,5,149,5,150,5
123,106,67,4,58,4,59,4,52,4
124,12,2,1,2,1,2,1,2,1
124,15,102,5,110,4,101,5,107,5
124,16,17,3,17,3,22,4,18,4
124,17,1,1,1,1,1,1,,
124,31,74,4,76.5,4,81,4,76,4
124,72,89,1,88,1,82,1,85,1
124,73,51,2,45.5,2,37,3,37,3
124,83,60,4,61,5,58,4,61,4
124,93,,,,,,,4,1
124,104,8,1,8,1,3,1,4,1
124,105,2,1,3,1,3,1,2,1
125,14,,,,,,,5,1
125,15,8,2,7,2,9,2,12,3
125,20,54,2,43,2,44.5,2,40.5,2
125,21,128,3,128,3,116,4,119.5,4
125,91,29,2,27,2,23.5,2,25,2
125,92,47.5,3,50.5,3,51.5,3,47,3
126,5,6,1,7,1,7,1,4,1
126,12,5,1,3,1,1,1,1,1
126,13,96.5,4,98,4,102,5,97,5
126,14,2,1,3,1,4,1,5,1
126,20,2,1,6,2,6,2,6,2
126,21,195,3,195,3,172.5,3,171.5,3
126,53,1,1,1,1,,,,
126,54,26,2,29,2,28,2,25,2
126,91,91,4,94,4,91,3,92,4
126,92,392,1,358,1,348.5,1,338.5,1
127,5,8,1,8,1,11,1,11,1
127,13,6,2,6,2,5,2,5,2
127,53,81.5,3,80.5,3,74.5,4,71,4
127,54,110,2,108,2,107.5,2,99,2
127,70,2,1,2,1,2,1,2,1
127,92,63,3,61.5,3,62,3,61,3
127,93,1,1,1,1,1,1,1,1
127,99,5,2,6,2,,,6,2
127,100,1,1,1,1,,,,
