x,y,imputed,ind,ind_0_3,ind_11_17,ind_18_24,ind_25_39,ind_40_54,ind_4_5,ind_55_64,ind_65_79,ind_6_10,ind_80p,ind_inc
0,57,1,1,0,0,0,0.1,0.2,0,0.3,0.2,0.1,0.1,0
0,59,1,6,0.1,0.2,0.2,0.7,1.3,0,1.6,0.9,0.3,0.7,0
0,72,1,2,0,0.1,0.2,0.2,0.3,0,0.5,0.5,0,0.2,0
0,73,1,4,0,0.2,0.4,0.3,0.5,0,1.1,1,0.1,0.4,0
0,74,1,12,0,0.5,1.3,1,1.6,0.1,3.2,2.9,0.3,1.1,0
0,75,1,11,0,1.4,1.1,0.2,3.1,0.2,1.1,2.8,0.5,0.6,0
0,77,1,2,0,0.3,0.2,0,0.6,0,0.2,0.5,0.1,0.1,0
1,45,1,4,0.1,0.2,0.1,0.4,0.9,0,1,0.6,0.2,0.5,0
1,60,1,1,0,0.1,0,0.1,0.2,0.1,0.1,0.2,0.1,0.1,0
1,61,1,1,0,0.1,0,0.1,0.2,0.1,0.1,0.2,0.1,0.1,0
1,63,1,8,0.2,1,0.2,1,1.6,0.3,0.8,1.6,1,0.3,0
1,74,1,15,0,0.7,1.6,1.3,2,0.2,4,3.6,0.3,1.3,0
1,75,1,10,0,1.3,1,0.1,2.9,0.1,1,2.6,0.4,0.6,0
2,61,1,5,0.2,0.6,0.1,0.6,1,0.2,0.5,1,0.6,0.2,0
2,63,1,11,0.4,1.3,0.2,1.3,2.2,0.5,1.1,2.2,1.3,0.5,0
2,64,1,6,0.2,0.7,0.1,0.7,1.2,0.3,0.6,1.2,0.7,0.3,0
2,65,1,2,0.1,0.2,0.1,0.1,0.5,0,0.1,0.6,0.1,0.2,0
2,68,1,5,0.2,0.4,0.2,0.4,1.1,0.1,0.4,1.5,0.3,0.4,0
2,69,1,2,0.1,0.2,0.1,0.1,0.5,0,0.1,0.6,0.1,0.2,0
2,75,1,20,0,2.6,2,0.3,5.7,0.3,2,5.1,0.9,1.1,0
2,76,1,2,0,0.3,0.2,0,0.6,0,0.2,0.5,0.1,0.1,0
3,61,1,1.5,0,0.2,0,0.2,0.3,0.1,0.1,0.3,0.2,0.1,0
3,62,1,9,0.3,1.1,0.2,1.1,1.8,0.3,0.9,1.8,1.1,0.4,0
3,63,1,3,0.1,0.4,0,0.4,0.6,0.1,0.3,0.6,0.4,0.1,0
3,64,1,4,0.1,0.5,0.1,0.5,0.8,0.1,0.4,0.8,0.5,0.2,0
3,65,1,1,0,0.1,0,0.1,0.2,0,0.1,0.3,0.1,0.1,0
3,66,1,6,0.2,0.6,0.2,0.4,1.4,0.1,0.5,1.8,0.3,0.5,0
3,67,1,7,0.3,0.7,0.3,0.5,1.6,0.1,0.5,2.1,0.4,0.5,0
3,68,1,9,0.3,0.9,0.3,0.7,2,0.2,0.7,2.7,0.5,0.7,0
3,69,1,3,0.1,0.3,0.1,0.2,0.7,0.1,0.2,0.9,0.2,0.2,0
3,71,1,2,0,0.1,0.2,0.2,0.3,0,0.5,0.5,0,0.2,0
3,75,1,4,0,0.5,0.4,0.1,1.1,0.1,0.4,1,0.2,0.2,0
3,76,1,7,0,0.9,0.7,0.1,2,0.1,0.7,1.8,0.3,0.4,0
3,77,1,14,0,1.8,1.4,0.2,4,0.2,1.4,3.6,0.6,0.8,0
3,80,1,1,0,0.1,0,0.1,0.4,0,0.2,0.1,0,0.1,0
3,82,1,2,0,0.3,0,0.1,0.8,0.1,0.4,0.2,0,0.1,0
3,103,1,2,0,0,0,0.2,0.4,0,0.5,0.7,0,0.2,0
3,109,1,1,0,0,0,0.1,0.2,0,0.3,0.3,0,0.1,0
4,62,0,63,1,6,7,12,9,1,8,11,2,6,0
4,63,0,17,1,0,1,4,2,0,4,4,0,1,0
4,68,1,3,0.1,0.3,0.1,0.2,0.7,0.1,0.2,0.9,0.2,0.2,0
4,69,1,4,0.1,0.4,0.2,0.3,0.9,0.1,0.3,1.2,0.2,0.3,0
4,70,1,3,0,0.1,0.3,0.3,0.4,0,0.8,0.7,0.1,0.3,0
4,71,1,1,0,0.1,0.1,0.1,0.1,0,0.3,0.2,0,0.1,0
4,72,1,6.5,0,0.3,0.7,0.6,0.8,0.1,1.7,1.6,0.1,0.6,0
4,98,1,3,0,0.4,0.1,0.1,1.2,0.1,0.5,0.3,0.1,0.2,0
4,99,1,4,0.1,0.5,0.1,0.2,1.5,0.2,0.7,0.4,0.1,0.2,0
4,100,1,1,0,0,0,0.1,0.2,0,0.3,0.3,0,0.1,0
4,122,1,3,0.1,0.3,0.1,0.4,0.5,0,0.5,0.4,0.1,0.6,0
5,41,1,2,0,0.1,0.1,0.2,0.5,0,0.5,0.3,0.1,0.2,0
5,42,1,4,0.1,0.2,0.1,0.4,0.9,0,1,0.6,0.2,0.5,0
5,61,1,9,0.4,0.4,0.6,1.5,1.8,0.3,1.7,1.1,0.6,0.6,0
5,62,0,53,0,6,0,6,9,1,11,13,2,5,0
5,63,1,25,1.2,1.2,1.7,4.2,5,0.8,4.6,2.9,1.7,1.7,0
5,64,1,4,0.2,0.2,0.3,0.6,0.8,0.1,0.7,0.5,0.3,0.3,0
5,65,1,17,0.4,0.4,1.6,0.4,2.8,0,4.3,3.9,0.8,2.4,0
5,66,1,2,0,0,0.2,0.1,0.3,0,0.5,0.5,0.1,0.3,0
5,71,1,3,0,0.2,0.1,0.3,0.7,0.1,0.4,0.7,0.1,0.4,0
5,72,1,23,0.3,1.6,0.8,2.3,5.2,1,2.9,5.4,0.6,2.9,0
5,73,1,10.5,0.1,0.7,0.3,1.1,2.4,0.5,1.3,2.5,0.3,1.3,0
5,74,0,36,3,3,5,3,10,0,3,8,0,1,0
5,75,1,11,0.3,1.3,0.7,1,3.3,0,1.1,1.8,0.6,0.9,0
5,76,1,10,0.2,1.2,0.7,0.9,3,0,1,1.7,0.5,0.8,0
5,77,1,7,0.2,0.8,0.5,0.6,2.1,0,0.7,1.2,0.3,0.6,0
5,83,1,1,0,0.1,0,0.1,0.4,0,0.2,0.1,0,0.1,0
5,100,1,2,0,0,0,0.2,0.4,0,0.5,0.7,0,0.2,0
5,104,1,1,0,0,0,0.1,0.2,0,0.3,0.3,0,0.1,0
6,40,1,9,0.2,0.3,0.2,1,2,0,2.4,1.4,0.5,1,0
6,41,1,5,0.1,0.2,0.1,0.6,1.1,0,1.3,0.8,0.2,0.6,0
6,42,1,1,0,0,0,0.1,0.2,0,0.3,0.2,0.1,0.1,0
6,61,1,7,0.3,0.3,0.5,1.2,1.4,0.2,1.3,0.8,0.5,0.5,0
6,62,1,15,0.7,0.7,1,2.5,3,0.5,2.8,1.8,1,1,0
6,68,1,15,0.3,0.4,1.4,0.4,2.4,0,3.8,3.5,0.7,2.1,0
6,69,1,4,0.1,0.1,0.4,0.1,0.6,0,1,0.9,0.2,0.6,0
6,72,1,8,0.1,0.5,0.3,0.8,1.8,0.4,1,1.9,0.2,1,0
6,73,1,5,0.1,0.3,0.2,0.5,1.1,0.2,0.6,1.2,0.2,0.6,0
6,74,1,2,0,0.1,0.1,0.2,0.5,0.1,0.2,0.5,0.1,0.2,0
6,75,0,47,2,2,0,6,8,0,6,16,1,6,0
6,76,0,103,3.5,8,5,19,28,0,12,14,5.5,6,2
6,77,0,47,1,6,3,3,17,0,3,8,1,5,0
6,78,1,25.5,0.6,3,1.7,2.3,7.6,0,2.6,4.3,1.3,2.1,0
6,79,1,5,0.1,0.6,0.3,0.5,1.5,0,0.5,0.8,0.3,0.4,0
6,83,1,2,0,0.3,0,0.1,0.8,0.1,0.4,0.2,0,0.1,0
6,85,1,4,0.1,0.5,0.1,0.2,1.5,0.2,0.7,0.4,0.1,0.2,0
6,87,1,1,0,0.1,0,0.1,0.4,0,0.2,0.1,0,0.1,0
6,95,1,2,0,0.3,0,0.1,0.8,0.1,0.4,0.2,0,0.1,0
6,96,1,4,0.1,0.5,0.1,0.2,1.5,0.2,0.7,0.4,0.1,0.2,0
6,100,1,2,0,0,0,0.2,0.4,0,0.5,0.7,0,0.2,0
6,102,1,1,0,0,0,0.1,0.2,0,0.3,0.3,0,0.1,0
7,39,1,1,0.1,0.1,0.1,0.1,0.2,0,0.1,0.2,0,0.1,0
7,40,1,3,0.1,0.1,0.1,0.3,0.7,0,0.8,0.5,0.1,0.3,0
7,42,1,2,0,0.1,0.1,0.2,0.5,0,0.5,0.3,0.1,0.2,0
7,68,0,31.5,0,3.5,2,1,7,1,8,3,2,4,0
7,73,1,2,0,0.1,0.1,0.2,0.5,0.1,0.2,0.5,0.1,0.2,0
7,75,0,27,0,4,3,1,8,0,3,5,1,2,0
7,76,0,47,1,3,3,5,11,0,7,12,4,1,0
7,77,1,13,0.3,1.5,0.9,1.2,3.9,0,1.3,2.2,0.6,1.1,0
7,78,1,17,0.4,2,1.1,1.6,5.1,0,1.7,2.8,0.9,1.4,0
7,79,1,10,0.2,1.2,0.7,0.9,3,0,1,1.7,0.5,0.8,0
7,80,1,4,0.1,0.5,0.1,0.2,1.5,0.2,0.7,0.4,0.1,0.2,0
7,94,1,4,0.1,0.5,0.1,0.2,1.5,0.2,0.7,0.4,0.1,0.2,0
7,95,1,4,0.1,0.5,0.1,0.2,1.5,0.2,0.7,0.4,0.1,0.2,0
7,96,1,2,0,0.3,0,0.1,0.8,0.1,0.4,0.2,0,0.1,0
7,101,1,1,0,0,0,0.1,0.2,0,0.3,0.3,0,0.1,0
7,124,1,2,0.1,0.2,0.1,0.2,0.3,0,0.3,0.3,0.1,0.4,0
7,127,1,1,0,0.1,0,0.1,0.2,0,0.2,0.1,0.1,0.2,0
8,25,1,6,0.6,0.4,0.4,0.9,1.3,0.1,0.4,1.3,0.3,0.3,0
8,26,1,1,0.1,0.1,0.1,0.1,0.2,0,0.1,0.2,0,0.1,0
8,30,1,2,0.2,0.1,0.2,0.3,0.4,0,0.2,0.4,0.1,0.1,0
8,41,1,13.5,0.3,0.5,0.3,1.5,3.1,0,3.6,2,0.7,1.5,0
8,42,1,7,0.2,0.3,0.2,0.8,1.6,0,1.8,1,0.3,0.8,0
8,68,1,5,0.1,0.1,0.5,0.1,0.8,0,1.3,1.2,0.2,0.7,0
8,73,1,13,0.2,0.9,0.4,1.3,2.9,0.6,1.6,3.1,0.4,1.6,0
8,74,1,7,0.1,0.5,0.2,0.7,1.6,0.3,0.9,1.6,0.2,0.9,0
8,75,1,11,0.3,1.3,0.7,1,3.3,0,1.1,1.8,0.6,0.9,0
8,76,1,6,0.2,0.7,0.4,0.5,1.8,0,0.6,1,0.3,0.5,0
8,86,1,2,0,0.3,0,0.1,0.8,0.1,0.4,0.2,0,0.1,0
8,104,1,2,0,0,0,0.2,0.4,0,0.5,0.7,0,0.2,0
8,118,1,5,0.2,0.9,0.3,0.9,1.2,0,0.2,0.9,0.2,0.2,0
8,119,1,2,0.1,0.3,0.1,0.3,0.5,0,0.1,0.4,0.1,0.1,0
8,120,1,2,0.1,0.2,0.1,0.2,0.3,0,0.3,0.3,0.1,0.4,0
8,123,1,2,0.1,0.2,0.1,0.2,0.3,0,0.3,0.3,0.1,0.4,0
8,124,1,4,0.1,0.4,0.1,0.5,0.7,0,0.7,0.5,0.2,0.8,0
8,125,1,5,0.1,0.5,0.1,0.6,0.9,0,0.9,0.6,0.2,1.1,0
9,8,1,2,0.1,0.1,0,0.3,0.4,0,0.4,0.5,0,0.2,0
9,40,1,6,0.1,0.2,0.2,0.7,1.3,0,1.6,0.9,0.3,0.7,0
9,41,1,9.5,0.2,0.4,0.2,1.1,2.1,0,2.5,1.4,0.5,1.1,0
9,72,1,2,0,0.1,0.1,0.2,0.5,0.1,0.2,0.5,0.1,0.2,0
9,73,1,2,0,0.1,0.1,0.2,0.5,0.1,0.2,0.5,0.1,0.2,0
9,74,1,11,0.1,0.7,0.4,1.1,2.5,0.5,1.4,2.6,0.3,1.4,0
9,75,1,4.5,0.1,0.5,0.3,0.4,1.3,0,0.5,0.8,0.2,0.4,0
9,101,1,1,0,0,0,0.1,0.2,0,0.3,0.3,0,0.1,0
9,104,1,1,0,0,0,0.1,0.2,0,0.3,0.3,0,0.1,0
9,105,1,5,0,0,0,0.4,0.9,0,1.4,1.8,0,0.5,0
9,107,1,2,0,0,0,0.2,0.4,0,0.5,0.7,0,0.2,0
9,117,1,4,0.1,0.7,0.2,0.7,1,0,0.2,0.8,0.1,0.2,0
9,118,1,3,0.1,0.5,0.2,0.5,0.8,0,0.1,0.6,0.1,0.1,0
9,119,1,38,1.4,6.6,2.2,6.6,9.5,0,1.5,7.3,1.4,1.5,0
9,120,1,2,0.1,0.2,0.1,0.2,0.3,0,0.3,0.3,0.1,0.4,0
9,121,1,8,0.2,0.8,0.2,1,1.3,0,1.4,1,0.4,1.7,0
9,125,1,2,0.1,0.2,0.1,0.2,0.3,0,0.3,0.3,0.1,0.4,0
9,127,1,8,0.2,0.8,0.2,1,1.3,0,1.4,1,0.4,1.7,0
10,24,1,4,0.4,0.3,0.3,0.6,0.8,0,0.3,0.9,0.2,0.2,0
10,25,1,13,0.5,0.2,1,1.5,2.2,0.6,2.5,2.3,0.4,1.8,0
10,26,1,5.5,0.2,0.1,0.4,0.6,0.9,0.3,1.1,1,0.2,0.7,0
10,60,1,1,0,0.1,0,0.1,0.2,0,0.1,0.3,0.1,0.1,0
10,78,1,4,0.1,0.4,0.2,0.3,0.9,0.1,0.3,1.2,0.2,0.3,0
10,103,1,2,0,0.1,0,0.1,0.8,0,0.3,0.3,0,0.4,0
10,104,1,10,0,0.5,0,0.5,3.9,0,1.7,1.7,0,1.7,0
10,105,0,39,0,3,2,4,6,0,13,3,1,7,0
10,112,1,3,0.1,0.2,0,0.6,0.4,0.1,0.8,0.3,0.4,0.1,0
10,118,1,9,0.4,0.7,0,1.9,1.1,0.4,2.2,0.8,1.1,0.4,0
10,119,1,9,0.4,0.7,0,1.9,1.1,0.4,2.2,0.8,1.1,0.4,0
11,24,1,19,1.8,1.4,1.4,2.8,4.1,0.2,1.4,4.1,0.9,0.9,0
11,25,1,16,0.6,0.3,1.2,1.8,2.8,0.8,3.1,2.8,0.5,2.1,0
11,27,1,1.5,0,0,0.1,0.2,0.3,0.1,0.3,0.3,0,0.2,0
11,59,1,2,0,0.1,0.1,0.2,0.5,0,0.5,0.3,0.1,0.2,0
11,65,1,2,0.1,0.2,0.1,0.1,0.5,0,0.1,0.6,0.1,0.2,0
11,105,1,4,0,0.2,0,0.2,1.5,0,0.7,0.7,0,0.7,0
12,7,1,4,0.1,0.2,0.1,0.5,0.9,0,0.9,0.9,0.1,0.3,0
12,26,0,32,0,1,3,4,3,0,3,8,0,10,0
12,27,1,13,0.5,0.2,1,1.5,2.2,0.6,2.5,2.3,0.4,1.8,0
12,107,1,1,0,0,0,0,0.4,0,0.2,0.2,0,0.2,0
12,108,1,1,0,0,0,0,0.4,0,0.2,0.2,0,0.2,0
13,4,1,2,0.1,0.1,0,0.3,0.4,0,0.4,0.5,0,0.2,0
13,23,1,8.5,0.8,0.6,0.6,1.2,1.9,0.1,0.6,1.9,0.4,0.4,0
13,27,1,1,0,0,0.1,0.1,0.2,0.1,0.2,0.2,0,0.1,0
13,29,1,2,0.1,0,0.2,0.2,0.3,0.1,0.4,0.3,0.1,0.3,0
13,75,1,4,0.1,0.4,0.2,0.3,0.9,0.1,0.3,1.2,0.2,0.3,0
13,95,1,1,0,0.1,0,0.1,0.4,0,0.2,0.1,0,0.1,0
14,3,1,1,0,0.1,0,0.2,0.2,0,0.2,0.2,0,0.1,0
14,8,1,1,0,0.1,0,0.2,0.2,0,0.2,0.2,0,0.1,0
14,15,1,2,0.1,0.1,0,0.3,0.4,0,0.4,0.5,0,0.2,0
14,18,1,2,0.1,0.1,0,0.3,0.4,0,0.4,0.5,0,0.2,0
14,110,1,1,0,0.1,0,0.2,0.1,0,0.3,0.1,0.1,0.1,0
14,119,1,2,0.1,0.2,0,0.4,0.2,0.1,0.5,0.2,0.2,0.1,0
15,1,1,1,0,0.1,0,0.2,0.2,0,0.2,0.2,0,0.1,0
15,3,1,6,0.2,0.4,0.1,0.8,1.3,0.1,1.3,1.3,0.1,0.4,0
15,4,1,3,0.1,0.2,0,0.4,0.7,0,0.7,0.7,0,0.2,0
15,95,1,1,0,0.1,0,0.1,0.4,0,0.2,0.1,0,0.1,0
15,126,1,2,0,0,0.1,0.2,0.4,0,0.3,0.7,0.1,0.2,0
16,2,1,1,0,0.1,0,0.2,0.2,0,0.2,0.2,0,0.1,0
16,3,1,17,0.5,1,0.3,2.3,3.7,0.2,3.7,3.7,0.3,1.3,0
16,4,1,16,0.5,1,0.2,2.2,3.5,0.2,3.5,3.5,0.2,1.2,0
16,125,1,1,0,0,0.1,0.1,0.2,0,0.1,0.3,0.1,0.1,0
17,2,1,4,0.1,0.2,0.1,0.5,0.9,0,0.9,0.9,0.1,0.3,0
17,16,1,3,0.1,0.2,0,0.4,0.7,0,0.7,0.7,0,0.2,0
17,58,1,4,0.1,0.2,0.1,0.4,0.9,0,1,0.6,0.2,0.5,0
19,120,1,2,0,0,0.1,0.2,0.4,0,0.3,0.7,0.1,0.2,0
20,56,1,1,0,0,0,0.1,0.2,0,0.3,0.2,0.1,0.1,0
21,71,1,1,0,0.2,0,0.2,0.2,0,0.2,0.1,0.1,0,0
22,70,1,1,0,0.2,0,0.2,0.2,0,0.2,0.1,0.1,0,0
22,71,1,3,0,0.6,0.1,0.4,0.7,0,0.5,0.3,0.3,0.1,0
23,67,1,2,0,0.4,0,0.3,0.5,0,0.3,0.2,0.2,0.1,0
24,119,1,2,0,0.3,0,0.1,0.8,0.1,0.4,0.2,0,0.1,0
25,120,1,5,0.2,0.3,0.3,0.8,0.8,0,1.3,0.5,0.5,0.3,0
25,121,1,1,0,0,0,0.2,0.2,0,0.3,0.1,0.1,0.1,0
26,119,1,4,0.1,0.5,0.1,0.2,1.5,0.2,0.7,0.4,0.1,0.2,0
26,121,1,2,0.1,0.1,0.1,0.3,0.3,0,0.6,0.2,0.2,0.1,0
27,118,1,1,0,0.1,0,0.1,0.4,0,0.2,0.1,0,0.1,0
29,72,1,6,0,1.3,0.2,0.9,1.5,0,0.9,0.5,0.5,0.2,0
29,73,1,1,0,0.2,0,0.2,0.2,0,0.2,0.1,0.1,0,0
29,74,1,7,0,1.5,0.2,1.1,1.7,0,1.1,0.6,0.6,0.2,0
30,73,1,16,0.6,0.6,0.7,1.9,3.2,0,3.2,2.6,0.6,2.6,0
30,74,0,50.5,2,3,2,9,7,2,6,12,3.5,4,0
30,75,1,3,0,0.6,0.1,0.4,0.7,0,0.5,0.3,0.3,0.1,0
31,72,1,2,0.1,0.1,0.1,0.2,0.4,0,0.4,0.3,0.1,0.3,0
31,73,1,4,0.1,0.2,0.2,0.5,0.8,0,0.8,0.6,0.2,0.6,0
31,75,1,1,0,0.2,0,0.2,0.2,0,0.2,0.1,0.1,0,0
32,72,1,2,0.1,0.1,0.1,0.2,0.4,0,0.4,0.3,0.1,0.3,0
32,75,1,1,0,0.2,0,0.2,0.2,0,0.2,0.1,0.1,0,0
34,68,1,1,0,0.2,0,0.2,0.2,0,0.2,0.1,0.1,0,0
34,70,1,1,0,0,0.1,0.1,0.2,0,0.2,0.2,0,0.2,0
35,74,1,1,0,0.2,0,0.2,0.2,0,0.2,0.1,0.1,0,0
39,75,1,5,0,1.1,0.1,0.8,1.2,0,0.8,0.5,0.4,0.1,0
40,75,1,2,0,0.2,0,0.2,0.6,0,0.6,0.1,0,0.3,0
62,123,1,2,0,0.2,0.2,0.1,0.6,0,0.3,0.4,0.1,0.1,0
62,126,1,2,0,0.2,0.2,0.1,0.6,0,0.3,0.4,0.1,0.1,0
63,30,1,2,0,0,0,0.1,0.3,0,0.7,0.5,0,0.4,0
63,41,1,2,0.1,0.2,0,0.2,0.4,0.1,0.2,0.6,0.1,0.1,0
63,126,1,4,0,0.4,0.5,0.2,1.2,0,0.6,0.8,0.1,0.2,0
64,126,1,1,0,0.1,0.1,0.1,0.3,0,0.2,0.2,0,0,0
65,40,1,6,0.2,0.6,0,0.7,1.3,0.2,0.4,1.9,0.4,0.3,0
65,42,1,2,0.1,0.2,0,0.2,0.4,0.1,0.2,0.6,0.1,0.1,0
65,99,1,3,0,0,0.4,0.3,0.8,0,0.1,0.5,0.3,0.6,0
66,39,1,2,0,0,0,0.1,0.3,0,0.7,0.5,0,0.4,0
66,40,1,7,0.2,0.7,0,0.9,1.5,0.2,0.5,2.2,0.5,0.3,0
67,18,1,1,0,0,0,0.1,0.2,0,0.3,0.2,0,0.2,0
67,41,1,2,0.1,0.2,0,0.2,0.4,0.1,0.2,0.6,0.1,0.1,0
67,125,1,1,0,0.1,0.1,0.1,0.3,0,0.2,0.2,0,0,0
68,5,1,2,0,0,0,0.1,0.3,0,0.7,0.5,0,0.4,0
68,6,1,7,0,0,0,0.4,1.2,0,2.5,1.7,0,1.2,0
68,7,1,1,0,0,0,0.1,0.2,0,0.3,0.2,0,0.2,0
68,41,1,16,0.4,1.5,0,1.9,3.5,0.4,1.2,5.1,1.2,0.8,0
68,42,1,6,0.2,0.6,0,0.7,1.3,0.2,0.4,1.9,0.4,0.3,0
68,127,1,2,0,0.2,0.2,0.1,0.6,0,0.3,0.4,0.1,0.1,0
69,4,1,2,0,0,0,0.1,0.3,0,0.7,0.5,0,0.4,0
70,99,1,11,0.5,0.2,0.5,1.8,2.1,0.2,3,1.6,0.9,0.2,0
70,100,1,2,0.1,0,0.1,0.2,0.1,0.1,0.4,0.7,0.1,0.2,0
70,101,1,4,0.1,0,0.1,0.5,0.1,0.1,0.9,1.5,0.2,0.5,0
71,99,0,38,2,0,3,6,5,0,9,6,3,4,0
71,100,1,6,0.1,0,0.2,0.7,0.2,0.2,1.4,2.2,0.3,0.7,0
71,102,1,2,0.1,0,0.1,0.2,0.1,0.1,0.4,0.7,0.1,0.2,0
71,103,1,2,0.1,0,0.1,0.2,0.1,0.1,0.4,0.7,0.1,0.2,0
72,99,1,21,0.9,0.4,0.9,3.5,3.9,0.4,5.7,3.1,1.8,0.4,0
72,100,0,42.5,2,5,2,3,14,1,5,2,4.5,4,0
72,101,1,8,0.2,0,0.2,0.9,0.3,0.2,1.8,3,0.5,0.9,0
73,60,1,13,0.4,0.5,0.5,0.5,1.4,0,2.3,4.6,0.5,2.3,0
73,101,0,22,0,2,0,0,5,2,8,3,0,2,0
74,59,1,30,0,0.8,4.9,0.8,8.9,0,6.5,6.5,0,1.6,0
74,60,0,31,0,1,3,3,7,0,6,6,1,4,0
74,61,1,3,0.1,0.1,0.1,0.1,0.3,0,0.5,1.1,0.1,0.6,0
74,100,1,8,0.2,0,0.2,0.9,0.3,0.2,1.8,3,0.5,0.9,0
74,101,1,1,0,0,0,0.1,0.1,0,0.2,0.4,0.1,0.1,0
74,123,1,4,0.2,0.2,0.4,0.5,1.5,0.1,0.6,0.2,0.1,0.2,0
75,57,1,16,0.4,0.8,0.9,0.4,3,0.2,1.9,5.3,0.6,2.5,0
75,58,1,17,0.4,0.8,1,0.4,3.3,0.2,2,5.7,0.6,2.6,0
75,59,0,85,1,5,2,15,9,2,13,18,4,16,0
75,60,0,75,2,5,5,8,14,1,15,17,2,6,0
75,64,1,1,0,0.1,0,0.2,0.2,0.1,0.1,0.2,0,0.1,0
75,98,1,6,0.1,0.4,0.5,0.2,1.1,0.1,1,1.9,0.2,0.5,0
75,99,1,2,0,0.1,0.2,0.1,0.4,0,0.3,0.6,0.1,0.2,0
75,101,1,2,0.1,0,0.1,0.2,0.1,0.1,0.4,0.7,0.1,0.2,0
76,56,1,2,0,0.1,0.1,0.1,0.4,0,0.2,0.7,0.1,0.3,0
76,57,0,27,0,2,2,3,6,0,1,9,2,2,0
76,58,0,33,1,5,0,2,12,0,6,3,3,1,0
76,59,0,73.5,1,0,7,3,11,3.5,15,23,1,9,0
76,60,0,100,3,7,5,17,15,0,17,21,3,12,0
76,61,0,27,0,1,2,2,5,0,6,5,0,6,0
76,97,1,7,0.1,0.5,0.6,0.3,1.3,0.1,1.1,2.2,0.2,0.6,0
76,98,1,13,0.2,1,1.1,0.5,2.4,0.1,2.1,4.1,0.4,1.1,0
76,99,1,2,0,0.1,0.2,0.1,0.4,0,0.3,0.6,0.1,0.2,0
76,123,1,6,0.5,0.6,0.1,1.3,1.4,0.6,0.5,0.5,0.5,0,0
76,127,1,2,0.1,0.1,0.2,0.3,0.7,0,0.3,0.1,0.1,0.1,0
77,56,1,14,0.3,0.7,0.8,0.3,2.7,0.2,1.7,4.6,0.5,2.2,0
77,57,0,45.5,1.5,1,7,3,6,0,9,9,1,8,0
77,58,0,55.5,2,1,6,6,11,0,13,14,1.5,1,0
77,59,0,78.5,1,4.5,0,10,17,0,16,20,5,5,0
77,60,0,60,3,6,4,11,15,1,6,9,2,3,0
77,61,1,17,0.8,1.4,0.3,3.2,2.9,1.4,2.3,3.2,0.7,0.8,0
77,62,1,18,0.8,1.5,0.3,3.4,3.1,1.6,2.4,3.4,0.7,0.8,0
77,63,1,11,0.5,0.9,0.2,2.1,1.9,0.9,1.5,2.1,0.4,0.5,0
77,64,1,10,0.4,0.8,0.2,1.9,1.7,0.9,1.4,1.9,0.4,0.4,0
77,96,1,16,0.3,1.2,1.4,0.6,2.9,0.1,2.6,5,0.5,1.4,0
77,97,0,42,0,3,1,2,8,1,8,8,2,9,0
77,98,1,15,0.3,1.1,1.3,0.6,2.7,0.2,2.4,4.7,0.4,1.3,0
77,122,1,1,0.1,0.1,0,0.2,0.2,0.1,0.1,0.1,0.1,0,0
78,53,1,1,0,0,0.2,0,0.3,0,0.2,0.2,0,0.1,0
78,54,1,3,0,0.1,0.5,0.1,0.9,0,0.6,0.6,0,0.2,0
78,55,1,13,0.3,0.6,0.8,0.3,2.5,0.2,1.5,4.3,0.5,2,0
78,56,0,38,2,4,1,4,8,1,1,10,3,4,0
78,57,0,35,0,3,2,4,5,0,7,7,5,2,0
78,58,0,23,1,1,0,7,0,1,0,9,1,3,0
78,59,0,27,0,1,2,6,3,0,8,2,2,3,0
78,61,1,13,0.6,1,0.2,2.5,2.2,1.1,1.8,2.5,0.5,0.6,0
78,63,1,7,0.3,0.6,0.1,1.3,1.2,0.6,1,1.3,0.3,0.3,0
78,64,1,3,0.1,0.2,0.1,0.6,0.5,0.3,0.4,0.6,0.1,0.1,0
78,79,1,2,0,0.2,0,0.2,0.6,0,0.6,0.1,0,0.3,0
78,80,0,29,1,3,2,2,5,1,4,4,2,3,2
78,81,1,5,0,0,0.7,0.5,1.4,0,0.2,0.9,0.4,0.9,0
78,93,1,10,0.4,0.2,0.4,1.7,1.9,0.2,2.7,1.5,0.8,0.2,0
78,94,1,3,0.1,0.1,0.1,0.5,0.6,0.1,0.8,0.4,0.2,0.1,0
78,95,1,17,0.3,1.3,1.5,0.6,3.1,0.2,2.7,5.3,0.5,1.5,0
78,96,0,35,1,1,2,2,10,0,4,7,2,6,0
78,97,0,45,0,5,6,1,6,1,7,12,1,6,0
78,123,0,28,1,1,2,5,2,0,5,8,2,2,0
78,124,1,4,0.3,0.4,0.1,0.9,1,0.4,0.3,0.3,0.3,0,0
78,126,1,2,0.1,0.1,0.2,0.3,0.7,0,0.3,0.1,0.1,0.1,0
79,54,1,3,0,0.1,0.5,0.1,0.9,0,0.6,0.6,0,0.2,0
79,55,1,14,0.3,0.7,0.8,0.3,2.7,0.2,1.7,4.6,0.5,2.2,0
79,56,0,38,2,2,2,4,4,1,7,13,1,2,0
79,57,1,7,0.2,0.3,0.4,0.2,1.3,0.1,0.8,2.3,0.3,1.1,0
79,59,1,1,0,0.1,0.1,0,0.2,0,0.1,0.3,0,0.2,0
79,62,1,2,0.1,0.1,0,0.4,0.3,0.2,0.3,0.4,0.1,0.1,0
79,63,1,22,1,1.8,0.4,4.1,3.8,1.9,3,4.1,0.9,1,0
79,64,1,7,0.3,0.6,0.1,1.3,1.2,0.6,1,1.3,0.3,0.3,0
79,66,1,5,0.1,0.2,0.2,0.2,0.5,0,0.9,1.8,0.2,0.9,0
79,68,1,7,0.2,0.2,0.2,0.3,0.8,0,1.3,2.5,0.2,1.3,0
79,70,1,2,0,0.2,0,0.2,0.6,0,0.6,0.1,0,0.3,0
79,72,1,3,0,0.4,0,0.3,0.9,0,0.9,0.1,0,0.4,0
79,73,1,11,0,1.4,0,1,3.3,0,3.4,0.5,0,1.4,0
79,74,1,3,0,0.4,0,0.3,0.9,0,0.9,0.1,0,0.4,0
79,80,1,12,0,0,1.6,1.1,3.3,0,0.5,2.2,1.1,2.2,0
79,81,1,2,0,0,0.3,0.2,0.5,0,0.1,0.3,0.2,0.4,0
79,94,1,3,0.1,0.1,0.1,0.5,0.6,0.1,0.8,0.4,0.2,0.1,0
79,95,1,21,0.4,1.6,1.8,0.8,3.8,0.2,3.4,6.6,0.6,1.8,0
79,96,0,36,0,1,4,4,6,0,8,5,6,2,0
79,97,0,39,0,3,2,5,11,0,5,5,0,8,0
79,98,1,6,0.1,0.4,0.5,0.2,1.1,0.1,1,1.9,0.2,0.5,0
79,122,1,25,2,2.5,0.5,5.5,6,2.5,2,2,2,0,0
79,123,0,91,1,9,9,8,19,0,11,21,5,8,0
79,124,1,14,1.1,1.4,0.3,3.1,3.4,1.4,1.1,1.1,1.1,0,0
79,125,0,28,2,4,1,3,5,0,7,5,1,0,0
79,126,1,21,1,1,1.9,2.9,7.8,0.5,3.4,1,0.5,1,0
79,127,1,4,0.2,0.2,0.4,0.5,1.5,0.1,0.6,0.2,0.1,0.2,0
80,52,1,3,0.2,0.2,0.1,0.2,0.5,0,0.6,1,0.2,0,0
80,53,1,4,0.3,0.3,0.1,0.3,0.7,0,0.8,1.2,0.3,0,0
80,54,1,1,0,0.1,0,0.1,0.2,0,0.2,0.3,0.1,0,0
80,56,1,14,0.1,0.7,0.9,2.4,2.4,0.5,2.4,1.8,1.2,1.6,0
80,59,1,2,0,0.1,0.1,0.3,0.3,0.1,0.4,0.3,0.2,0.2,0
80,61,1,4,0.1,0.2,0.3,0.7,0.6,0.1,0.9,0.7,0.2,0.2,0
80,62,1,1,0,0,0.1,0.2,0.2,0,0.2,0.2,0,0.1,0
80,63,1,6,0.2,0.3,0.5,1.1,1,0.1,1.3,1,0.2,0.3,0
80,64,1,9,0.3,0.5,0.7,1.6,1.4,0.2,2,1.5,0.3,0.5,0
80,65,1,9,0,0.8,0,0,1.3,0,2.6,2.7,0.5,1.1,0
80,68,1,3,0,0.3,0,0,0.4,0,0.9,0.9,0.2,0.3,0
80,69,1,1,0,0.1,0,0,0.1,0,0.3,0.3,0.1,0.1,0
80,76,1,10,0.7,0.5,0.7,1.8,2,0.2,2.2,1.5,0.2,0.2,0
80,77,0,20,0,1,1,0,4,0,2,9,1,2,0
80,78,1,5,0.3,0.3,0.3,0.9,1,0.1,1.1,0.8,0.1,0.1,0
80,79,1,3,0.2,0.2,0.2,0.5,0.6,0.1,0.6,0.4,0.1,0.1,0
80,80,1,6,0.1,0.3,0.6,0.4,2.1,0,0.5,1.3,0,0.7,0
80,81,1,6,0.1,0.3,0.6,0.4,2.1,0,0.5,1.3,0,0.7,0
80,82,1,11,0.2,0.6,1.1,0.6,3.9,0,0.9,2.4,0,1.3,0
80,83,1,19,0.4,1.1,1.9,1.1,6.7,0,1.5,4.1,0,2.2,0
80,84,0,25,0,1,1,1,3,0,6,7,0,6,0
80,85,1,7,0.1,0.6,0.4,1.3,1.4,0.1,1.3,1.4,0.2,0.2,0
80,86,1,9,0.1,0.7,0.5,1.6,1.9,0.1,1.8,1.8,0.2,0.3,0
80,95,1,7,0.3,0.1,0.6,0.6,1.5,0.1,2.1,0.9,0.3,0.5,0
80,96,1,6,0.3,0.1,0.5,0.5,1.3,0.1,1.7,0.8,0.3,0.4,0
80,97,1,6,0.3,0.1,0.5,0.5,1.3,0.1,1.7,0.8,0.3,0.4,0
80,122,0,42,3,0,6,10,7,1,6,4,3,2,0
80,123,0,74,4,4,7,13,18,2,6,11,7,2,0
80,124,0,28,1,2,0,7,1,0,2,6,3,6,0
80,125,0,42,0,3,5,0,9,0,10,8,0,7,0
80,126,0,37,1,5,4,5,6,1,5,9,1,0,0
81,57,1,5,0,0.2,0.3,0.9,0.9,0.2,0.9,0.6,0.4,0.6,0
81,58,1,4,0,0.2,0.3,0.7,0.7,0.1,0.7,0.5,0.4,0.4,0
81,60,1,1,0,0,0.1,0.2,0.2,0,0.2,0.2,0,0.1,0
81,61,1,9,0.3,0.5,0.7,1.6,1.4,0.2,2,1.5,0.3,0.5,0
81,62,0,83,7,3,1,25,10,2,11,8,6,10,0
81,63,1,8,0.3,0.4,0.6,1.5,1.3,0.1,1.8,1.3,0.3,0.4,0
81,64,1,3,0.1,0.2,0.2,0.5,0.5,0,0.7,0.5,0.1,0.2,0
81,65,1,17,0,1.5,0,0,2.5,0,5,5,1,2,0
81,66,1,3,0,0.3,0,0,0.4,0,0.9,0.9,0.2,0.3,0
81,77,1,4,0.2,0.2,0.3,0.7,0.8,0.1,0.9,0.6,0.1,0.1,0
81,78,1,1,0.1,0.1,0.1,0.2,0.2,0,0.2,0.1,0,0,0
81,83,1,7,0.1,0.4,0.7,0.4,2.5,0,0.6,1.5,0,0.8,0
81,98,1,3,0.1,0.1,0.2,0.2,0.6,0.1,0.9,0.4,0.2,0.2,0
81,99,1,18,0.9,0.3,1.5,1.5,3.8,0.3,5.3,2.3,0.9,1.2,0
81,100,1,13,0.2,1.4,1,1,3.4,0.2,2.4,1.7,0.5,1.2,0
81,121,1,3,0.1,0.2,0.1,0.3,0.6,0.2,0.4,0.5,0.3,0.3,0
81,122,1,2,0,0.2,0.1,0.2,0.4,0.1,0.2,0.4,0.2,0.2,0
81,123,1,24,0.6,1.8,0.9,2.6,4.6,1.5,2.9,4.4,2.3,2.4,0
81,124,0,26,0,2,2,4,5,0,2,4,2,5,0
81,125,1,20.5,0.5,2.4,0.8,3.3,4.3,0,1.3,4.3,1.3,2.3,0
81,126,0,32,3,0,0,7,0,0,3,13,3,3,0
81,127,0,50,3,2,2,11,5,1,7,6,3,10,0
82,53,1,2,0.1,0.1,0.1,0.2,0.4,0,0.4,0.6,0.1,0,0
82,54,1,4,0.3,0.3,0.1,0.3,0.7,0,0.8,1.2,0.3,0,0
82,55,1,5,0,0.2,0.3,0.9,0.9,0.2,0.9,0.6,0.4,0.6,0
82,56,1,15,0.1,0.7,1,2.6,2.6,0.5,2.6,1.9,1.3,1.7,0
82,58,1,2,0,0.1,0.1,0.3,0.3,0.1,0.4,0.3,0.2,0.2,0
82,59,1,8,0.1,0.4,0.5,1.4,1.4,0.2,1.4,1,0.7,0.9,0
82,61,1,14,0.5,0.8,1,2.6,2.2,0.2,3.1,2.3,0.5,0.8,0
82,62,1,1,0,0,0.1,0.2,0.2,0,0.2,0.2,0,0.1,0
82,63,1,6,0.2,0.3,0.5,1.1,1,0.1,1.3,1,0.2,0.3,0
82,64,1,12,0.4,0.7,0.9,2.2,1.9,0.2,2.6,2,0.4,0.7,0
82,65,0,25,0,1,1,5,5,0,6,5,0,2,0
82,75,1,2,0.1,0.1,0.1,0.4,0.4,0,0.4,0.3,0.1,0.1,0
82,76,0,16,0.5,0,0,6,1,0,5,3,0.5,0,0
82,77,1,13,0.8,0.7,0.8,2.4,2.6,0.3,2.8,2,0.3,0.3,0
82,85,1,16,0.2,1.3,0.9,2.9,3.3,0.2,3.1,3.1,0.5,0.5,0
82,86,1,12,0.2,1,0.7,2.2,2.5,0.2,2.3,2.3,0.3,0.3,0
82,87,1,4,0.1,0.3,0.2,0.7,0.8,0.1,0.8,0.8,0.1,0.1,0
82,99,1,10,0.5,0.2,0.8,0.8,2.1,0.2,2.9,1.3,0.5,0.7,0
82,100,1,8,0.1,0.9,0.6,0.6,2.1,0.2,1.5,1,0.3,0.7,0
82,101,1,5,0.1,0.5,0.4,0.4,1.3,0.1,0.9,0.6,0.2,0.5,0
82,102,1,3,0.1,0.3,0.2,0.2,0.8,0.1,0.5,0.4,0.1,0.3,0
82,116,1,4,0.1,0.4,0.2,0.6,0.8,0.2,0.2,0.7,0.1,0.6,0.1
82,118,1,3,0.1,0.3,0.1,0.5,0.6,0.1,0.2,0.5,0.1,0.4,0.1
82,119,0,51.5,2,3,2,10,9,2,7,9,4.5,3,0
82,120,0,57,3,1,2,6,11,3,9,9,5,8,0
82,121,0,23,2,1,4,4,6,1,1,3,1,0,0
82,123,1,12,0.3,0.9,0.5,1.3,2.3,0.7,1.5,2.2,1.1,1.2,0
82,124,0,62,4,5,2,12,12,4,6,10,2,4,1
82,125,1,18,0.5,2.1,0.7,2.9,3.8,0,1.1,3.8,1.1,2,0
82,126,0,40,0,6,4,4,11,1,7,5,1,1,0
82,127,1,13,0.3,1.5,0.5,2.1,2.7,0,0.8,2.8,0.8,1.5,0
83,58,1,2,0,0.1,0.1,0.3,0.3,0.1,0.4,0.3,0.2,0.2,0
83,61,1,12,0.4,0.7,0.9,2.2,1.9,0.2,2.6,2,0.4,0.7,0
83,76,1,4,0.2,0.2,0.3,0.7,0.8,0.1,0.9,0.6,0.1,0.1,0
83,77,1,28,1.8,1.5,1.8,5.1,5.7,0.6,6.1,4.2,0.6,0.6,0
83,78,0,50.5,0,3,5,6,14,0,8,8,2.5,4,0
83,79,1,7,0.5,0.4,0.5,1.3,1.4,0.1,1.5,1.1,0.1,0.1,0
83,84,1,1,0,0.1,0.1,0.1,0.3,0,0.1,0.2,0,0.1,0
83,85,1,17,0.2,1.4,1,3.1,3.5,0.2,3.3,3.3,0.5,0.5,0
83,86,1,7,0.1,0.6,0.4,1.3,1.4,0.1,1.3,1.4,0.2,0.2,0
83,114,1,2,0,0,0.1,0.2,0.3,0.1,0.5,0.6,0.1,0.1,0
83,116,0,40,3,3,2,10,9,1,3,0,1,8,0
83,117,0,64,6,2,3,14,7,3,12,7,4,6,0
83,118,0,41,1,0,2,6,4,1,7,11,2,7,0
83,119,1,22,0.5,2.2,0.9,3.6,4.5,0.9,1.3,4,0.5,3.1,0.5
83,120,1,15,0.3,1.2,0.6,1.6,2.9,0.9,1.8,2.8,1.4,1.5,0
83,122,1,17,0.4,1.3,0.7,1.8,3.3,1,2.1,3.1,1.6,1.7,0
83,123,1,20,0.5,1.5,0.8,2.1,3.8,1.2,2.5,3.7,1.9,2,0
83,124,0,120.5,9,7.5,7,24,21,1,15,20,9,7,0
83,125,0,127,2,4,9,16,28,5,13,31,3,16,0
83,126,0,119,4,14.5,8,14.5,34,0,19,15,6,4,0
83,127,0,57,2,5,1,7,11,0,5,8,4,14,0
84,53,1,2,0.1,0.1,0.1,0.2,0.4,0,0.4,0.6,0.1,0,0
84,56,1,6,0.1,0.3,0.4,1,1,0.2,1,0.8,0.5,0.7,0
84,61,1,19,0.7,1,1.4,3.5,3,0.4,4.2,3.1,0.7,1,0
84,62,1,4,0.1,0.2,0.3,0.7,0.6,0.1,0.9,0.7,0.2,0.2,0
84,77,1,2,0.1,0.1,0.1,0.4,0.4,0,0.4,0.3,0.1,0.1,0
84,78,0,42,0,4.5,1,6,12,0,5,9,3.5,1,0
84,79,1,6,0.4,0.3,0.4,1.1,1.2,0.1,1.3,0.9,0.1,0.2,0
84,81,1,1,0,0.1,0.1,0.1,0.3,0,0.1,0.2,0,0.1,0
84,98,1,6,0.3,0.1,0.5,0.5,1.3,0.1,1.7,0.8,0.3,0.4,0
84,99,1,3,0.1,0.1,0.2,0.2,0.6,0.1,0.9,0.4,0.2,0.2,0
84,104,1,2,0,0.2,0.1,0.2,0.5,0,0.4,0.3,0.1,0.2,0
84,106,1,4,0.1,0.4,0.3,0.3,1,0.1,0.7,0.5,0.2,0.4,0
84,113,1,12,0,0,0.5,1.3,1.8,0.4,3.1,3.6,0.4,0.9,0
84,114,1,13,0,0,0.5,1.4,1.9,0.5,3.4,3.8,0.5,1,0
84,115,1,2,0,0.2,0.1,0.3,0.4,0.1,0.1,0.4,0,0.3,0.1
84,116,1,13,0.3,1.3,0.5,2.1,2.6,0.5,0.8,2.4,0.3,1.9,0.3
84,117,0,25,0,2,1,3,7,0,2,6,1,3,0
84,118,0,28,0,1,0,2,5,1,5,7,2,5,0
84,119,1,5,0.1,0.5,0.2,0.8,1.1,0.2,0.3,0.9,0.1,0.7,0.1
84,120,1,21,0.5,1.6,0.8,2.2,4,1.3,2.6,3.9,2,2.1,0
84,121,1,16.5,0.4,1.3,0.6,1.8,3.2,1,2,3,1.6,1.6,0
84,122,0,35,0,0,1,2,3,0,6,9,2,12,0
84,123,0,31.5,3,2.5,4,5,7,2,3,0,1,4,0
84,124,0,122.5,2,10,5,29,20,4.5,19,25,5,3,0
84,125,0,120,4,6,9,11,21,0,21,21,5,22,0
84,126,0,24,1,4,2,5,5,0,1,4,1,1,0
84,127,0,29,3,1,1,3,5,0,5,4,1,5,1
85,54,0,22,0,1,1,5,2,1.5,1,7,2.5,1,0
85,55,1,7,0.5,0.5,0.2,0.5,1.2,0,1.4,2.2,0.5,0,0
85,59,1,4,0.3,0.3,0.1,0.3,0.7,0,0.8,1.2,0.3,0,0
85,61,1,1,0,0.1,0,0,0.1,0,0.3,0.3,0.1,0.1,0
85,101,1,2,0.1,0.1,0.2,0.2,0.4,0,0.3,0.4,0,0.3,0
85,104,1,20,0.7,0.7,2.5,2.2,3.9,0,3.2,3.6,0,3.2,0
85,107,1,4,0.2,0.6,0.2,0.2,0.6,0,1,0.9,0.1,0.2,0
85,108,1,6,0.2,1,0.4,0.2,0.9,0,1.5,1.3,0.1,0.4,0
85,109,1,8,0.3,1.3,0.5,0.3,1.1,0,2,1.8,0.2,0.5,0
85,110,1,7,0.2,0.2,0.8,1.3,1.3,0,1.8,1,0.2,0.2,0
85,111,1,1,0,0,0.1,0.2,0.2,0,0.3,0.2,0,0,0
85,112,1,9,0.2,0.2,1.1,1.7,1.7,0,2.4,1.3,0.2,0.2,0
85,113,0,26,0,1,1,2,7,1,5,5,1,3,0
85,114,1,5,0.1,0.1,0.6,1,1,0,1.3,0.7,0.1,0.1,0
85,115,1,9,0.6,0.3,0.4,1.5,1.5,0.1,1.1,2.1,0.7,0.7,0
85,116,0,33,3,4,1,4,12,0,3,2,4,0,0
85,117,0,31,0,4,3,1,12,0,4,5,1,1,0
85,118,1,16,1.1,0.5,0.7,2.6,2.6,0.2,2,3.7,1.3,1.3,0
85,119,1,5,0.4,0.1,0.2,0.8,0.8,0.1,0.6,1.2,0.4,0.4,0
85,121,0,22,1,2,1,3,4,0,1,8,0,2,0
85,122,0,47.5,0,1.5,2,2,6,0,7,22,0,7,0
85,123,0,30.5,4,1,1,8,4,0.5,3,3,0,6,0
85,124,0,33,0,0,4,4,5,0,8,3,2,5,2
85,125,0,29,2,4,0,3,7,0,2,4,1,6,0
85,126,1,18,0.5,1,1.3,1.3,3.3,0.5,3.9,3.4,1,1.8,0
85,127,0,40,0,5,3,0,10,0,9,4,0,9,0
86,50,1,1,0,0.1,0.1,0,0.3,0,0.2,0.2,0,0.1,0
86,53,1,6,0.1,0.8,0.4,0,1.5,0,1.4,1.4,0.1,0.3,0
86,54,1,17,0.3,2.2,1.1,0,4.3,0,4,4,0.4,0.7,0
86,102,1,5,0.2,0.2,0.6,0.5,1,0,0.8,0.9,0,0.8,0
86,103,0,44,2,4.5,4,3,14,0,4,8,0.5,4,0
86,104,1,19,0.7,0.7,2.4,2,3.7,0,3,3.4,0,3.1,0
86,105,1,12,0.5,2,0.7,0.5,1.7,0,2.9,2.7,0.3,0.7,0
86,106,1,9,0.4,1.5,0.5,0.4,1.3,0,2.2,2,0.2,0.5,0
86,107,1,10,0.4,1.6,0.6,0.4,1.4,0,2.5,2.3,0.2,0.6,0
86,111,1,3,0.1,0.1,0.3,0.5,0.6,0,0.8,0.4,0.1,0.1,0
86,112,1,8,0.2,0.2,1,1.5,1.5,0,2.1,1.1,0.2,0.2,0
86,113,0,60.5,3,5.5,6,7,13,0,10,5,5,6,0
86,114,0,92,0,9.5,6,7,25,1,16,14,4.5,9,0
86,115,0,60,2,4,4,8,6,2,17,9,2,6,0
86,116,0,28.5,3,4,1.5,5,2,0,2,6,1,4,0
86,117,0,43,1,6,2,5,7,0,5,8,1,8,0
86,118,0,34,1,0,3,6,6,1,8,8,1,0,0
86,119,0,29.5,0,2.5,2,6,6,0,3,3,4,3,0
86,121,0,44,3,6,1,7,6,2,7,6,6,0,0
86,122,0,90,3,7,7,15,12,2,13,18,4,9,0
86,123,1,7,0.2,0.2,0.1,0.9,1.3,0.2,1,1.4,0.3,1.4,0
86,124,1,5,0.1,0.1,0.1,0.6,1,0.1,0.7,1.1,0.2,1,0
86,125,1,2,0.1,0.1,0.1,0.1,0.4,0.1,0.4,0.4,0.1,0.2,0
86,127,1,25,0.7,1.4,1.8,1.8,4.6,0.7,5.4,4.7,1.4,2.5,0
87,53,1,3,0,0.4,0.2,0,0.8,0,0.7,0.7,0.1,0.1,0
87,101,1,2,0.1,0.1,0.2,0.2,0.4,0,0.3,0.4,0,0.3,0
87,102,1,8,0.3,0.3,1,0.8,1.6,0,1.3,1.4,0,1.3,0
87,113,0,33,2,4,1,3,8,0,2,5,2,6,0
87,114,0,83,5,4,6,14,10,2,19,18,1,4,0
87,115,0,58,0,6,6,5,17,2,10,6,1,5,0
87,116,1,14,1,0.4,0.6,2.3,2.3,0.2,1.7,3.3,1.1,1.1,0
87,117,0,28,0,2,2,4,6,0,6,5,0,3,0
87,118,0,30,0,0,3,1,8,1,5,2,4,6,0
87,119,1,14,1,0.4,0.6,2.3,2.3,0.2,1.7,3.3,1.1,1.1,0
87,121,0,38,3,3,2,8,8,0,2,6,0,6,0
87,122,0,69,2,2,0,16,12,3,11,10,4,9,0
87,123,1,7,0.2,0.2,0.1,0.9,1.3,0.2,1,1.4,0.3,1.4,0
87,125,1,11,0.3,0.6,0.8,0.8,2,0.3,2.4,2.1,0.6,1.1,0
88,50,1,11,0.2,1.4,0.7,0,2.8,0,2.6,2.6,0.2,0.5,0
88,53,1,7,0.2,0.9,0.4,0,1.8,0,1.6,1.6,0.2,0.3,0
88,59,1,2,0.1,0.1,0.1,0.2,0.4,0,0.4,0.6,0.1,0,0
88,75,1,1,0.1,0.1,0.1,0.2,0.2,0,0.2,0.1,0,0,0
88,113,1,9,0.2,0.2,1.1,1.7,1.7,0,2.4,1.3,0.2,0.2,0
88,114,0,20,1,0,0,4,0,0,6,7,0,2,0
88,115,1,8,0.5,0.2,0.3,1.3,1.3,0.1,1,1.9,0.7,0.7,0
88,116,1,2,0.1,0.1,0.1,0.3,0.3,0,0.2,0.5,0.2,0.2,0
88,118,1,5,0.4,0.1,0.2,0.8,0.8,0.1,0.6,1.2,0.4,0.4,0
88,119,0,21.5,0,3,1,5,5,0,2,2,1.5,2,0
88,120,1,2,0,0.1,0,0.2,0.4,0.1,0.3,0.4,0.1,0.4,0
88,122,1,20,0.5,0.6,0.3,2.5,3.9,0.5,2.8,4.2,0.8,3.9,0
88,123,1,1,0,0,0,0.1,0.2,0,0.2,0.2,0.1,0.2,0
88,124,1,20,0.5,0.6,0.3,2.5,3.9,0.5,2.8,4.2,0.8,3.9,0
88,125,1,7,0.2,0.4,0.5,0.5,1.3,0.2,1.5,1.3,0.4,0.7,0
89,48,1,2,0.1,0,0.1,0.3,0.6,0,0.2,0.6,0,0.1,0
89,49,1,22,0.9,0,0.9,3.7,6.4,0,1.9,7.3,0,0.9,0
89,50,0,21,0,1,2,2,4,0,3,8,0,1,0
89,51,1,2,0,0.3,0.1,0,0.5,0,0.5,0.5,0,0.1,0
89,123,1,2,0,0.1,0,0.2,0.4,0.1,0.3,0.4,0.1,0.4,0
89,124,1,8,0.2,0.2,0.1,1,1.6,0.2,1.1,1.7,0.3,1.6,0
89,125,0,54,2,5,5,10,14,3,9,2,3,1,0
89,126,1,4,0.1,0.2,0.3,0.3,0.7,0.1,0.9,0.8,0.2,0.4,0
90,49,1,3,0,0,0.3,0.3,0.5,0.1,0.9,0.8,0,0.1,0
90,50,1,8,0,0,0.8,0.8,1.3,0.3,2.4,2.1,0,0.3,0
90,52,1,7,0,0,0.7,0.7,1.2,0.2,2.1,1.9,0,0.2,0
90,115,1,3,0.1,0.3,0.2,0.2,0.8,0.1,0.5,0.4,0.1,0.3,0
90,124,1,6,0.1,0.7,0.5,0.5,1.6,0.3,0.6,0.7,0.5,0.5,0
90,125,0,27,1,2,2,6,7,0,3,1,2,3,0
90,126,1,4,0.1,0.3,0.2,0.9,0.7,0,0.8,0.5,0.4,0.1,0
90,127,1,2,0.1,0.1,0.1,0.5,0.4,0,0.4,0.2,0.2,0,0
91,62,1,7,0.5,0.4,0.5,1.3,1.4,0.1,1.5,1.1,0.1,0.1,0
91,122,1,1,0,0.1,0.1,0.1,0.3,0,0.1,0.1,0.1,0.1,0
91,126,1,29.5,1,2,1.3,6.8,5.2,0.3,6.2,3.6,2.8,0.3,0
91,127,0,32,3,1,2,9,8,0,2,4,3,0,0
92,121,1,4,0.1,0.5,0.3,0.3,1,0.2,0.4,0.5,0.3,0.4,0
92,124,1,1,0,0.1,0.1,0.1,0.3,0,0.1,0.1,0.1,0.1,0
92,126,1,2,0.1,0.1,0.1,0.5,0.4,0,0.4,0.2,0.2,0,0
92,127,1,6,0.2,0.4,0.3,1.4,1,0.1,1.2,0.7,0.6,0.1,0
93,120,1,8,0.1,0.9,0.7,0.7,2,0.4,0.8,1,0.7,0.7,0
93,121,0,40,1,0,4,7,5,1,6,4,1,11,0
93,122,1,10,0.2,1.2,0.8,0.9,2.5,0.5,1,1.2,0.8,0.9,0
94,101,1,1,0,0.1,0.1,0.1,0.3,0,0.2,0.1,0,0.1,0
94,119,1,8,0.1,0.9,0.6,0.6,2.1,0.2,1.5,1,0.3,0.7,0
94,120,1,15,0.2,1.8,1.3,1.3,3.8,0.7,1.5,1.8,1.3,1.3,0
94,121,0,43,2,1,1,8,9,0,2,12,5,3,0
94,122,1,9,0.1,1.1,0.8,0.8,2.3,0.4,0.9,1.1,0.7,0.8,0
94,123,1,5,0.1,0.6,0.4,0.4,1.3,0.3,0.5,0.6,0.4,0.4,0
94,126,1,1,0,0.1,0.1,0.2,0.2,0,0.2,0.1,0.1,0,0
95,46,1,2,0,0,0.2,0.2,0.3,0.1,0.6,0.5,0,0.1,0
95,120,1,8.5,0.2,1.6,0.3,1.3,2.7,0.2,0.6,0.7,0.5,0.4,0
95,121,1,20,0.4,3.9,0.6,3,6.5,0.4,1.3,1.7,1.3,0.9,0
95,122,1,2,0,0.4,0.1,0.3,0.7,0,0.1,0.2,0.1,0.1,0
95,123,1,2,0,0.4,0.1,0.3,0.7,0,0.1,0.2,0.1,0.1,0
95,124,1,3,0.1,0.6,0.1,0.4,1,0.1,0.2,0.2,0.2,0.1,0
95,125,1,3,0.2,0.2,0.2,0.4,0.7,0,0.6,0.5,0.2,0,0
95,126,1,3,0.2,0.2,0.2,0.4,0.7,0,0.6,0.5,0.2,0,0
96,45,1,2,0,0,0.2,0.2,0.3,0.1,0.6,0.5,0,0.1,0
96,103,1,1,0,0.1,0.1,0.1,0.3,0,0.2,0.1,0,0.1,0
96,120,1,6,0.1,1.2,0.2,0.9,1.9,0.1,0.4,0.5,0.4,0.3,0
96,125,1,2,0.1,0.1,0.2,0.3,0.5,0,0.4,0.3,0.1,0,0
96,126,1,18,0.9,1.5,1.5,2.4,4.2,0,3.9,2.7,0.9,0,0
96,127,1,6,0.3,0.5,0.5,0.8,1.4,0,1.3,0.9,0.3,0,0
97,46,1,2,0,0,0.2,0.2,0.3,0.1,0.6,0.5,0,0.1,0
97,102,1,1,0,0.1,0.1,0.1,0.3,0,0.2,0.1,0,0.1,0
97,116,1,3,0.1,0.3,0.2,0.2,0.8,0.1,0.5,0.4,0.1,0.3,0
97,121,1,5,0.1,1,0.2,0.8,1.6,0.1,0.3,0.4,0.3,0.2,0
97,126,1,4,0.2,0.3,0.3,0.5,1,0,0.9,0.6,0.2,0,0
97,127,1,7,0.3,0.6,0.6,0.9,1.6,0,1.5,1.1,0.4,0,0
98,100,1,2,0,0.2,0.1,0.2,0.5,0,0.4,0.3,0.1,0.2,0
98,126,1,2,0.1,0.1,0.2,0.3,0.5,0,0.4,0.3,0.1,0,0
98,127,1,6,0.3,0.5,0.5,0.8,1.4,0,1.3,0.9,0.3,0,0
99,99,1,2,0.1,0,0.2,0.2,0.4,0,0.6,0.3,0.1,0.1,0
99,127,1,6,0.3,0.5,0.5,0.8,1.4,0,1.3,0.9,0.3,0,0
101,98,1,2,0.1,0.1,0.1,0.2,0.6,0,0.4,0.5,0,0,0
102,96,1,1,0.1,0.1,0,0.1,0.3,0,0.2,0.2,0,0,0
102,114,1,2,0.1,0.1,0.1,0.2,0.6,0,0.4,0.5,0,0,0
102,118,1,2,0.1,0.1,0.1,0.2,0.6,0,0.4,0.5,0,0,0
102,124,1,1,0,0.1,0,0.1,0.3,0,0.1,0.3,0,0.1,0
103,124,1,3,0.1,0.3,0.1,0.2,0.8,0,0.4,0.7,0.1,0.3,0
104,118,1,1,0.1,0.1,0,0.1,0.3,0,0.2,0.2,0,0,0
104,125,1,2,0,0.2,0,0.2,0.6,0,0.3,0.5,0,0.2,0
105,114,1,5,0.2,0.4,0.1,0.6,1.6,0,0.9,1.1,0.1,0,0
105,122,1,5,0.1,0.5,0.1,0.4,1.4,0,0.7,1.2,0.1,0.5,0
106,114,1,1,0.1,0.1,0,0.1,0.3,0,0.2,0.2,0,0,0
106,121,1,1,0,0.1,0,0.1,0.3,0,0.1,0.3,0,0.1,0
106,124,1,2,0,0.2,0,0.2,0.6,0,0.3,0.5,0,0.2,0
107,46,1,2,0,0,0.2,0.2,0.3,0.1,0.6,0.5,0,0.1,0
107,117,1,3,0.1,0.2,0.1,0.3,1,0,0.5,0.7,0.1,0,0
107,122,1,2,0,0.2,0,0.2,0.6,0,0.3,0.5,0,0.2,0
107,123,1,5,0.1,0.5,0.1,0.4,1.4,0,0.7,1.2,0.1,0.5,0
108,124,1,2,0,0.2,0,0.2,0.6,0,0.3,0.5,0,0.2,0
109,41,1,3,0,0,0.3,0.3,0.5,0.1,0.9,0.8,0,0.1,0
109,127,1,1,0,0.1,0,0.1,0.3,0,0.1,0.3,0,0.1,0
110,116,1,1,0,0.1,0,0.2,0.1,0,0.2,0.1,0.1,0.2,0
110,124,1,1,0,0.1,0.1,0.1,0.3,0,0.2,0.1,0,0.1,0
110,125,1,1,0,0.1,0.1,0.1,0.3,0,0.2,0.1,0,0.1,0
111,38,1,12.5,0,1.6,1,1,3.6,0,3.2,1.9,0.2,0,0
111,39,1,6,0,0.8,0.5,0.5,1.7,0,1.5,0.9,0.1,0,0
111,115,1,2,0.1,0.2,0.1,0.4,0.2,0.1,0.3,0.2,0.1,0.3,0
111,122,1,1,0,0.1,0.1,0.1,0.3,0,0.2,0.1,0,0.1,0
112,38,1,15,0,1.9,1.2,1.2,4.3,0,3.9,2.3,0.2,0,0
112,39,0,37,1,1,5,7,10,1,9,3,0,0,0
112,40,1,1,0,0,0.1,0.1,0.2,0,0.3,0.3,0,0,0
112,115,1,9,0.5,0.7,0.3,2,0.7,0.2,1.5,1,0.6,1.5,0
112,116,1,2.5,0.1,0.2,0.1,0.5,0.2,0.1,0.4,0.3,0.2,0.4,0
112,119,1,2,0.1,0.2,0.1,0.4,0.2,0.1,0.3,0.2,0.1,0.3,0
112,120,1,1,0,0.1,0.1,0.1,0.3,0,0.2,0.1,0,0.1,0
112,121,1,5,0.1,0.5,0.6,0.7,1.4,0,0.7,0.4,0,0.6,0
112,124,1,4,0.1,0.4,0.5,0.5,1.1,0,0.6,0.3,0,0.5,0
113,37,1,5,0,0.6,0.4,0.4,1.4,0,1.3,0.8,0.1,0,0
113,115,1,1,0,0.1,0,0.2,0.1,0,0.2,0.1,0.1,0.2,0
113,116,1,3,0.2,0.2,0.1,0.7,0.2,0.1,0.5,0.3,0.2,0.5,0
113,120,1,2,0,0.2,0.2,0.3,0.6,0,0.3,0.2,0,0.2,0
114,115,1,2,0.1,0.2,0.1,0.4,0.2,0.1,0.3,0.2,0.1,0.3,0
114,116,1,1,0,0.1,0,0.2,0.1,0,0.2,0.1,0.1,0.2,0
114,117,1,8,0.4,0.7,0.2,1.8,0.7,0.2,1.3,0.9,0.5,1.3,0
114,118,1,2,0.1,0.2,0.1,0.4,0.2,0.1,0.3,0.2,0.1,0.3,0
114,119,1,3,0.2,0.2,0.1,0.7,0.2,0.1,0.5,0.3,0.2,0.5,0
114,120,1,3,0.1,0.3,0.4,0.4,0.8,0,0.4,0.2,0,0.4,0
114,122,1,3,0.1,0.3,0.4,0.4,0.8,0,0.4,0.2,0,0.4,0
114,127,1,3,0.1,0.3,0.4,0.4,0.8,0,0.4,0.2,0,0.4,0
115,114,1,4,0.2,0.3,0.1,0.4,1.3,0,0.7,0.9,0.1,0,0
115,117,1,3,0.1,0.2,0.1,0.3,1,0,0.5,0.7,0.1,0,0
115,118,1,1,0.1,0.1,0,0.1,0.3,0,0.2,0.2,0,0,0
115,119,1,2,0.1,0.1,0.1,0.2,0.6,0,0.4,0.5,0,0,0
115,121,1,1,0,0.1,0.1,0.1,0.3,0,0.2,0.1,0,0.1,0
115,123,1,5,0.1,0.5,0.6,0.7,1.4,0,0.7,0.4,0,0.6,0
115,126,1,2,0.1,0.2,0.2,0.3,0.4,0,0.3,0,0.2,0.3,0
116,115,1,1,0.1,0.1,0,0.1,0.3,0,0.2,0.2,0,0,0
116,116,1,1,0.1,0.1,0,0.1,0.3,0,0.2,0.2,0,0,0
116,122,1,5,0.1,0.5,0.6,0.7,1.4,0,0.7,0.4,0,0.6,0
116,124,1,2,0,0.2,0.2,0.3,0.6,0,0.3,0.2,0,0.2,0
117,115,1,1,0.1,0.1,0,0.1,0.3,0,0.2,0.2,0,0,0
117,125,1,9,0.5,0.8,1,1.3,1.8,0.1,1.3,0.2,0.7,1.3,0
117,127,1,4,0.2,0.3,0.4,0.6,0.8,0.1,0.6,0.1,0.3,0.6,0
118,114,1,5,0.2,0.4,0.1,0.6,1.6,0,0.9,1.1,0.1,0,0
118,115,1,1,0.1,0.1,0,0.1,0.3,0,0.2,0.2,0,0,0
118,116,1,3,0.1,0.2,0.1,0.3,1,0,0.5,0.7,0.1,0,0
118,126,1,1,0.1,0.1,0.1,0.1,0.2,0,0.1,0,0.1,0.2,0
119,113,1,2,0.1,0.1,0.1,0.2,0.6,0,0.4,0.5,0,0,0
119,114,1,3,0.1,0.2,0.1,0.3,1,0,0.5,0.7,0.1,0,0
119,127,1,9,0.5,0.8,1,1.3,1.8,0.1,1.3,0.2,0.7,1.3,0
120,111,1,5,0,0.7,0.4,0.4,1.3,0,1.1,0.7,0.1,0.3,0
120,112,1,10,0,1.3,0.8,0.8,2.7,0,2.2,1.4,0.3,0.5,0
120,113,1,7,0,0.9,0.6,0.6,1.9,0,1.5,0.9,0.2,0.4,0
120,121,1,3,0.1,0,0.2,0.3,0.5,0.1,0.2,0.9,0.2,0.4,0.1
120,123,1,2,0,0,0.1,0.2,0.3,0.1,0.2,0.6,0.1,0.3,0.1
120,127,1,5,0.1,0,0.3,0.6,0.8,0.2,0.4,1.4,0.3,0.7,0.2
121,109,1,3,0,0.3,0.2,0.4,1,0,0.4,0.5,0.1,0.1,0
121,111,1,1,0,0.1,0.1,0.1,0.3,0,0.2,0.1,0,0.1,0
121,112,1,4,0,0.5,0.3,0.3,1.1,0,0.9,0.6,0.1,0.2,0
121,113,1,3,0,0.4,0.2,0.2,0.8,0,0.7,0.4,0.1,0.2,0
121,114,1,1,0,0.1,0.1,0.1,0.3,0,0.2,0.1,0,0.1,0
121,126,1,2,0,0,0.1,0.2,0.3,0.1,0.2,0.6,0.1,0.3,0.1
121,127,1,4,0.1,0,0.3,0.5,0.6,0.1,0.3,1.2,0.2,0.5,0.2
122,114,1,6,0,0.8,0.5,0.5,1.6,0,1.3,0.8,0.2,0.3,0
122,118,1,2,0,0.2,0.1,0.3,0.6,0,0.2,0.4,0.1,0.1,0
122,125,1,3,0.1,0,0.2,0.3,0.5,0.1,0.2,0.9,0.2,0.4,0.1
122,126,1,4,0.1,0,0.3,0.5,0.6,0.1,0.3,1.2,0.2,0.5,0.2
123,106,1,1,0,0.1,0.1,0.2,0.3,0,0.1,0.2,0,0,0
123,115,1,5,0,0.6,0.3,0.7,1.6,0,0.6,0.9,0.1,0.2,0
123,120,1,2,0,0,0.1,0.2,0.3,0.1,0.2,0.6,0.1,0.3,0.1
123,121,1,4,0.1,0,0.3,0.5,0.6,0.1,0.3,1.2,0.2,0.5,0.2
123,126,1,2,0,0,0.1,0.2,0.3,0.1,0.2,0.6,0.1,0.3,0.1
124,115,1,2,0,0.2,0.1,0.3,0.6,0,0.2,0.4,0.1,0.1,0
124,119,1,1,0,0.1,0.1,0.2,0.3,0,0.1,0.2,0,0,0
124,121,1,4,0.1,0,0.3,0.5,0.6,0.1,0.3,1.2,0.2,0.5,0.2
124,125,1,3,0.1,0,0.2,0.3,0.5,0.1,0.2,0.9,0.2,0.4,0.1
125,115,1,3,0,0.3,0.2,0.4,1,0,0.4,0.5,0.1,0.1,0
125,119,1,7,0,0.8,0.4,1,2.3,0,0.8,1.3,0.2,0.2,0
125,121,1,7,0.3,0.2,0.4,1.2,1.2,0.1,1.8,1.2,0.1,0.5,0
125,124,1,2,0.1,0.1,0.1,0.4,0.3,0,0.5,0.3,0,0.2,0
125,125,1,4,0.1,0,0.3,0.5,0.6,0.1,0.3,1.2,0.2,0.5,0.2
127,114,1,3,0,0.3,0.2,0.4,1,0,0.4,0.5,0.1,0.1,0
127,120,1,4,0.2,0.1,0.2,0.7,0.7,0,1,0.7,0.1,0.3,0
127,123,1,3,0.1,0.1,0.2,0.5,0.5,0,0.8,0.5,0.1,0.2,0
127,124,1,1,0,0,0,0.2,0.2,0,0.3,0.2,0,0.1,0