x,y,ind_snv2015,imp2015,ind_snv2017,imp2017,ind_snv2019,imp2019
0,18,12783.2,1,12869.4,1,14914.9,1
0,22,38349.6,1,51477.8,1,44744.6,1
0,23,89482.3,1,141563.9,1,119318.9,1
0,24,76699.1,1,51477.8,1,74574.3,1
0,46,710030.9,1,661955.4,1,807921.8,1
0,47,88753.9,1,160474,1,165256.7,1
0,51,2849305.1,0,3235709.7,0,3367536,0
0,52,1340573.8,0,1507158.7,0,1794815.9,0
0,55,817745.1,1,3963633,0,4443581.9,0
0,56,1236654,1,1038449.8,1,1258039.8,1
0,57,935584.5,0,1149231.3,0,1266331,0
0,58,1239624,0,1423859.1,0,1415825.9,0
0,59,4678361.6,0,5023040.6,0,5320621.6,0
0,60,2562629.8,0,2536069.3,0,2261638.9,0
1,0,70860.4,1,97683.8,1,111371.9,1
1,23,25566.4,1,25738.9,1,29829.7,1
1,24,0,0,64347.2,1,89489.1,1
1,43,126724.5,1,142124.3,1,87730.5,1
1,44,470690.9,1,466979.8,1,394787.1,1
1,45,108621,1,121820.8,1,43865.2,1
1,50,213009.3,1,240711.1,1,238704.2,1
1,51,2355889.1,0,2324587.5,0,2274054.8,0
1,52,394773.5,1,471215,1,430109,1
1,55,0,0,0,0,430109,1
1,57,91604,1,109310.5,1,81163.9,1
1,58,1174487.5,0,1602384.4,0,1606397,0
1,59,2778339.4,0,2667972.7,0,2724553.3,0
1,60,3751724.2,0,3827360.6,0,3806035.2,0
2,0,297613.6,1,293051.3,1,259867.7,1
2,1,85032.5,1,113964.4,1,129933.8,1
2,41,235345.5,1,243641.6,1,263191.4,1
2,42,1350129.4,0,1330679.3,0,1401588.9,0
2,43,2264007.3,0,2260013.3,0,2250014.6,0
2,44,1878635.8,0,2101258.3,0,2054350.4,0
2,45,126724.5,1,314703.8,1,350921.9,1
2,60,137406,1,163965.8,1,108218.5,1
3,0,70860.4,1,146525.6,1,167057.8,1
3,1,28344.2,1,48841.9,1,55685.9,1
3,10,0,0,0,0,18562,1
3,25,115048.7,1,64347.2,1,59659.4,1
3,39,670065.8,1,738918.7,1,726773.8,1
3,40,223355.3,1,230912.1,1,514798.1,1
3,41,1849271,0,3045951.8,0,3769160.6,0
3,42,1773498.6,0,2021667.8,0,2015396.3,0
3,43,941752.2,0,1081308.4,0,845341.1,0
4,26,63837.2,1,0,0,11599.2,1
4,39,192365.1,1,190801.2,1,68285,1
4,40,528273.9,0,490103.1,0,358496.2,1
4,41,555741.5,1,2533298.5,0,4223111.7,0
4,42,524867,1,2442287.3,0,2564849,0
5,1,121452.1,1,122005.8,1,93886,1
5,2,121452.1,1,122005.8,1,172124.3,1
5,29,15959.3,1,0,0,0,0
5,40,317820.6,1,312220.2,1,307282.4,1
5,41,1860769.8,0,2289449.3,0,2780175.6,0
5,42,1893958.2,0,2280888.2,0,2708408,0
5,43,431681,0,470519.5,0,408152.8,0
5,55,323817.6,0,337417.7,0,321272.9,1
5,56,164299.9,1,193738.5,1,145511.2,1
6,2,106270.6,1,122005.8,1,62590.7,1
6,29,47877.9,1,90466.2,1,127590.8,1
6,30,0,0,0,0,46396.7,1
6,37,284365.8,1,208146.8,1,307282.4,1
6,38,1179234.7,0,879462.8,0,780266.6,0
6,39,667460.8,0,776458.5,0,681516.9,0
6,40,418185.1,1,416293.6,1,715631.5,0
6,41,2488906.7,0,2274940.6,0,2139639.2,0
6,42,4441775.5,0,4982948.2,0,5913693.7,0
6,43,2596617.1,0,2773797.1,0,2176566.3,0
6,44,1424017.9,0,1155290.2,0,1143158.4,0
6,45,710114.2,1,680506,1,866620.5,1
6,46,763341.9,1,717723.1,1,795077.2,1
6,51,47729.1,1,48631.6,1,50727.3,1
6,55,588658.4,1,664631.7,1,486740.4,0
7,1,45544.5,1,45752.2,1,46943,1
7,17,181723.9,1,14849,1,0,0
7,29,143633.8,1,113082.8,1,0,0
7,30,223430.3,1,101774.5,1,92793.3,1
7,31,0,0,83422.7,1,0,0
7,32,120994.4,1,83422.7,1,83726,1
7,33,12099.4,1,50053.6,1,16745.2,1
7,34,24198.9,1,50053.6,1,50235.6,1
7,35,0,0,133476.4,1,117216.5,1
7,36,267638.4,1,242837.9,1,221926.2,1
7,37,2630086,0,3212684,0,2582456.6,0
7,38,1898845.4,0,2557390.7,0,3411735.1,0
7,39,3078295.7,0,3847561.9,0,4044792.4,0
7,40,2038006.1,0,2325733.2,0,2410707.3,0
7,41,4909766.6,0,4859831.1,0,4935181.3,0
7,42,5570052.9,0,5375975.2,0,6207577.5,0
7,43,4164764.3,0,4303205.7,0,3530473.3,0
7,44,1775497.9,0,2073922,0,2163945.8,0
7,45,216121.7,1,226835.3,1,324982.7,1
7,46,845128.6,1,569228.6,1,765629.9,1
8,1,30363,1,30501.4,1,31295.3,1
8,14,0,0,75005.4,1,0,0
8,15,37555.7,1,45003.2,1,15107.3,1
8,17,30287.3,1,44547,1,86843.8,1
8,18,121149.3,1,252432.8,1,159213.6,1
8,31,0,0,0,0,66980.8,1
8,32,0,0,16684.5,1,0,0
8,33,24198.9,1,0,0,0,0
8,34,0,0,16684.5,1,33490.4,1
8,37,100364.4,1,0,0,0,0
8,38,437809.2,0,540187.1,0,443422.7,0
8,39,1420707.9,0,1423921.9,0,1280445.8,0
8,40,217456.2,1,208146.8,1,136570,1
8,41,2794650.3,0,2963889.3,0,2922633.2,0
8,42,4035902.9,0,4042461.8,0,4156880.6,0
8,43,3855199.3,0,4184136.3,0,4030658.6,0
8,44,910798.6,1,874936.3,1,938773.2,0
8,53,111367.8,1,113473.7,1,0,0
8,54,127277.5,1,113473.7,1,84545.5,1
9,15,75111.3,1,75005.4,1,75536.4,1
9,16,39365.8,1,44547,1,43421.9,1
9,19,1054132.2,0,1292046,0,1423910.3,0
9,20,1146995.9,0,1046584.8,0,1335391.8,0
9,38,426572,1,462264.4,1,627665.5,1
9,39,253277.1,1,308176.3,1,453314,1
9,40,79982.3,1,38522,1,41844.4,1
9,42,183472.8,1,203082.8,1,146808.8,1
9,43,2186969.1,0,2071942.9,0,2269992.6,0
9,44,110083.7,1,166158.6,1,209726.9,1
9,53,52325.1,1,70303.4,1,93529.7,1
9,54,156975.4,1,210910.3,1,130941.5,1
10,0,118758.5,1,137256.5,1,156476.6,1
10,1,47503.4,1,177642.2,1,169895.9,1
10,2,35627.6,1,47371.2,1,45305.6,1
10,15,62592.8,1,75005.4,1,75536.4,1
10,16,288682.4,1,326677.7,1,332901.1,1
10,17,131219.3,1,178187.8,1,173687.5,1
10,18,52487.7,1,0,0,57895.8,1
10,19,78731.6,1,118791.9,1,57895.8,1
10,20,1076552.2,0,1101440.4,0,1029143.2,0
10,35,60497.2,1,56541.4,1,11599.2,1
10,38,13330.4,1,0,0,0,0
10,39,26660.8,1,25681.4,1,27896.2,1
10,40,646857.6,0,567985.3,0,944227.8,0
10,41,128431,1,129234.5,1,167781.5,1
10,43,1207821.4,0,1389399.6,0,1530510.1,0
10,44,825403.5,0,1227818.1,0,1036348.9,0
10,45,220167.4,1,147696.6,1,251672.2,1
10,52,0,0,70303.4,1,56117.8,1
10,54,156975.4,1,210910.3,1,149647.5,1
11,0,35627.6,1,45752.2,1,46943,1
11,1,95006.8,1,106585.3,1,90611.1,1
11,16,131219.3,1,74244.9,1,188161.5,1
11,17,39365.8,1,44547,1,0,0
11,18,183707,1,237583.8,1,202635.4,1
11,20,52487.7,1,44547,1,28947.9,1
11,21,121149.3,1,166099.5,1,189263.9,1
11,22,408878.8,1,298979.2,1,321748.6,1
11,23,318016.9,1,332199.1,1,416380.6,1
11,24,537599.9,1,589653.4,1,806993.7,0
11,32,36298.3,1,56541.4,1,127590.8,1
11,33,72596.6,1,56541.4,1,11599.2,1
11,39,0,0,77044.1,1,69740.6,1
11,40,119973.4,1,256813.6,1,0,0
11,41,36694.6,1,0,0,0,0
11,42,55041.8,1,55386.2,1,62918.1,1
11,43,55041.8,1,55386.2,1,41945.4,1
11,54,139533.7,1,187475.9,1,130941.5,1
12,1,178137.8,1,260541.8,1,169895.9,1
12,2,35627.6,1,82899.7,1,79284.7,1
12,18,236194.7,1,148489.9,1,260531.3,1
12,19,52487.7,1,89093.9,1,86843.8,1
12,20,118097.4,1,133640.9,1,43421.9,1
12,21,45431,1,0,0,75705.6,1
12,22,106005.6,1,149489.6,1,170337.5,1
12,23,822178.4,0,1187503.2,0,1304719.6,0
12,24,1102758.8,0,1556271.6,0,1740757.2,0
12,25,514884.4,1,514908.6,1,492086.1,1
12,32,0,0,0,0,23198.3,1
12,33,36298.3,1,33924.8,1,34797.5,1
12,38,146634.1,1,115566.1,1,111585,1
12,39,173294.9,1,51362.7,1,181325.6,1
12,40,0,0,51362.7,1,55792.5,1
12,41,73389.1,1,73848.3,1,83890.7,1
12,42,660502.1,1,670237.1,0,587235.2,1
12,43,146778.2,1,221544.9,1,398481,1
12,48,215685.4,1,221963.4,1,270652.3,1
12,50,661043.5,0,642332.1,0,690200.3,0
12,51,383717.7,1,421820.7,1,467648.3,1
12,54,348834.2,1,585862.1,1,430236.5,1
13,18,157463.1,1,178187.8,1,72369.8,1
13,19,183707,1,207885.8,1,217109.4,1
13,20,170585.1,1,222734.8,1,159213.6,1
13,21,15143.7,1,16610,1,18926.4,1
13,22,75718.3,1,132879.6,1,170337.5,1
13,23,30287.3,1,49829.9,1,94631.9,1
13,24,461783.4,0,425250.3,0,476072.5,0
13,25,15143.7,1,16610,1,208190.3,1
13,26,24198.9,1,45233.1,1,0,0
13,37,53321.5,1,12840.7,1,97636.9,1
13,38,39991.1,1,0,0,0,0
13,39,39991.1,1,128406.8,1,209221.8,1
13,40,133303.8,1,128406.8,1,97636.9,1
13,41,440334.7,1,240006.9,1,325076.6,1
13,42,385292.9,1,332317.3,1,304104,1
13,43,348598.3,1,424627.6,1,440426.4,1
13,45,55041.8,1,55386.2,1,62918.1,1
13,47,607833,0,532712.2,1,689688.9,0
13,48,2153043.3,0,2677634.9,0,2644992.9,0
13,49,452939.3,1,443926.8,1,492095.2,1
13,50,4725846.1,0,5055853.9,0,5243382,0
13,51,3681585.2,0,3599729.8,0,3747909.8,0
13,52,2432349.1,0,2347513.5,0,2283013.5,0
13,53,750940.3,0,683280,0,812359.7,0
13,54,69766.8,1,93737.9,1,74823.7,1
13,55,1209136.3,0,796772.4,1,0,0
13,56,0,0,83030.8,1,29102.2,1
14,19,0,0,0,0,14478.7,1
14,20,193022.6,1,172575.1,1,260617.2,1
14,21,275437.9,1,279654.8,1,300715.6,1
14,22,194426.8,1,148052.6,1,141513.2,1
14,23,210629,1,213853.7,1,834299.7,0
14,24,453662.4,1,460608,1,371472.2,1
14,34,44933.9,1,46743.6,1,63367.1,1
14,35,0,0,46743.6,1,47525.4,1
14,36,13435.4,1,66125.5,1,44776.7,1
14,37,0,0,79350.6,1,119404.5,1
14,40,80612.3,1,92575.7,1,104478.9,1
14,41,37038,1,34353.8,1,41457.6,1
14,42,74076,1,85884.6,1,82915.3,1
14,43,185190.1,1,137415.4,1,186559.3,1
14,44,388899.1,1,292007.6,1,476762.8,1
14,45,425937.1,1,446599.9,1,538949.2,1
14,46,265187.2,1,230009.8,1,266578.2,1
14,47,406620.4,1,501839.6,1,411984.5,1
14,48,573075.2,0,626615.4,0,642844.9,0
14,50,923686.4,0,1021639.9,0,867158.1,0
14,51,1050395.6,0,948947.8,0,1281980.4,0
14,52,3146832.7,0,3345554.6,0,3522538.1,0
14,53,1871933,0,3208676.8,0,1635674,0
14,54,46555.1,1,41323.5,1,32621,1
14,55,671359.8,0,876594.9,0,130483.9,1
14,56,2989723.7,0,5575337,0,6004853,0
14,57,868442.3,1,2658927.8,0,2744113.8,0
14,58,46942.8,1,27676.9,1,29102.2,1
15,19,57906.8,1,64715.6,1,43436.2,1
15,20,12868.2,1,14381.3,1,28957.5,1
15,21,275437.9,1,312555.4,1,424539.7,1
15,22,388853.5,1,378356.6,1,424539.7,1
15,23,162022.3,1,639455.1,0,141513.2,1
15,24,1503322.8,0,843047.2,0,698356.4,0
15,25,32404.5,1,32900.6,1,35378.3,1
15,28,149450.1,1,187498.9,1,100913,1
15,40,13435.4,1,13225.1,1,14925.6,1
15,41,148152,1,103061.5,1,165830.5,1
15,44,203709.1,1,206123,1,207288.2,1
15,45,3214289.2,0,3004338.6,0,3235401.3,0
15,46,592251.4,1,563138.5,0,678562.6,1
15,53,1012573.6,1,1049915.2,0,2465365.4,0
15,55,3802236.8,0,3597122.8,0,5434468,0
15,56,1012600.3,0,941015.8,1,1018578.5,1
15,57,1345759.3,0,1094039.6,0,1223917.7,0
16,2,37555.7,1,0,0,0,0
16,16,193022.6,1,302006.4,1,0,0
16,17,167286.2,1,215718.8,1,442065.4,0
16,18,0,0,0,0,72393.7,1
16,19,51472.7,1,71906.3,1,14478.7,1
16,20,64340.9,1,71906.3,1,57914.9,1
16,24,388853.5,1,411257.1,1,566052.9,1
16,25,129617.8,1,246754.3,1,194580.7,1
16,26,74725.1,1,93749.4,1,67275.4,1
16,27,29890,1,37499.8,1,33637.7,1
16,28,134505.1,1,131249.2,1,134550.7,1
16,36,255272.4,1,171926.2,1,179106.7,1
16,37,188095.4,1,198376.4,1,313436.7,1
16,38,0,0,0,0,29851.1,1
16,40,40306.2,1,39675.3,1,44776.7,1
16,41,55557,1,85884.6,1,103644.1,1
16,43,185190.1,1,223299.9,1,310932.2,1
16,44,185190.1,1,103061.5,1,103644.1,1
16,45,37038,1,120238.4,1,103644.1,1
16,46,1190930.7,0,1175468.2,0,1084187.7,0
16,54,3271177.3,0,3434568.4,0,4037068.5,0
16,55,2430369,0,1934933.1,0,1996089.1,0
16,56,2541159.2,0,2566722.6,0,3116637,0
16,57,538425.4,0,753741.2,0,378329.1,1
17,3,75111.3,1,105007.5,1,75536.4,1
17,18,604804.1,1,532106.4,1,405404.6,1
17,19,51472.7,1,57525,1,0,0
17,20,102945.4,1,115050,1,101351.1,1
17,21,162022.3,1,263204.6,1,318404.7,1
17,22,210629,1,213853.7,1,300715.6,1
17,23,64808.9,1,16450.3,1,194580.7,1
17,24,194426.8,1,197403.4,1,229959,1
17,25,259235.7,1,279654.8,1,283026.4,1
17,26,179340.2,1,187498.9,1,235463.8,1
17,28,0,0,37499.8,1,16818.8,1
17,29,283955.3,1,337498,1,218644.9,1
17,33,59911.9,1,155812,1,95050.7,1
17,35,494273.2,1,623248.1,1,554462.5,1
17,36,1197601.9,0,1016561.8,0,1158959.4,0
17,37,107483.1,1,92575.7,1,134330,1
17,40,134353.9,1,119025.9,1,134330,1
17,41,240747.1,1,292007.6,1,248745.8,1
17,42,509651.5,0,635546,1,683256.7,0
17,43,370380.1,1,498130.7,1,601135.7,1
17,44,37038,1,0,0,20728.8,1
17,53,2395095.4,0,2165493.9,0,2334133.3,0
17,54,4815088.3,0,4878094.1,0,5342510.3,0
17,55,1684111.3,0,1722428.7,0,1788173,0
18,3,0,0,0,0,60429.2,1
18,4,0,0,45003.2,1,0,0
18,17,77209,1,86287.5,1,318532.2,1
18,18,386045.2,1,488962.7,1,448840.8,1
18,19,77209,1,86287.5,1,43436.2,1
18,21,388853.5,1,378356.6,1,442228.8,1
18,22,145820.1,1,197403.4,1,212269.8,1
18,23,1743884.5,0,1518849.8,0,1647816,0
18,24,576441,0,797206.2,0,700675.2,0
18,26,179340.2,1,224998.7,1,185007.2,1
18,29,433405.4,1,393747.7,1,319558,1
18,36,335884.7,1,264501.9,1,283585.6,1
18,37,80612.3,1,105800.8,1,44776.7,1
18,39,228401.6,1,185151.3,1,313436.7,1
18,40,282143.1,1,264501.9,1,328362.3,1
18,41,55557,1,68707.7,1,82915.3,1
18,42,148152,1,85884.6,1,62186.4,1
18,43,74076,1,68707.7,1,145101.7,1
18,44,111114,1,103061.5,1,124372.9,1
18,47,176791.5,1,209099.8,1,266578.2,1
18,52,325885.7,1,192842.9,1,277278.3,1
18,53,557645.4,0,523430.8,1,619798.5,1
18,54,6312235.7,0,6832050.1,0,6421376.4,0
18,55,2044257.7,0,3327833,0,3874354.5,0
19,1,0,0,0,0,15107.3,1
19,4,62592.8,1,75005.4,1,90643.7,1
19,8,0,0,0,0,48507.7,1
19,16,114882,1,106559,1,142813.4,1
19,17,129242.2,1,182672.6,1,204019.1,1
19,18,43080.7,1,76113.6,1,183617.2,1
19,21,241051.3,1,256802.7,1,350829.4,1
19,22,1430981.1,0,1627056.2,0,1571025.9,0
19,23,2705586.4,0,2950128.1,0,3311020.8,0
19,24,789112.9,0,840400.2,0,976058.2,0
19,26,0,0,0,0,75552.8,1
19,27,172007.2,1,171307.7,1,226658.3,1
19,28,125096.2,1,124587.4,1,207770.1,1
19,29,453473.6,1,389335.7,1,339987.4,1
19,36,42411.3,1,44707,1,38127,1
19,37,1670390.5,0,1437439.7,0,1354058.2,0
19,40,339290.5,1,372558.4,1,533778,1
19,41,206042.8,1,177593.1,1,341172.8,1
19,43,160255.5,1,133194.9,1,95954.8,1
19,45,160255.5,1,177593.1,1,234556.3,1
19,47,18073.9,1,20367.5,1,0,0
19,52,616833.6,1,594619.7,1,595178.9,1
19,53,1084706.1,0,1295201.5,0,1489361.1,0
19,54,5266238.7,0,4731136.8,0,5064399.5,0
19,55,450763.1,1,451911,1,495982.4,1
20,5,12518.6,1,15001.1,1,15107.3,1
20,6,113837.3,1,129683.5,1,133396.3,1
20,7,41395.4,1,47157.7,1,36380.8,1
20,10,72441.9,1,82525.9,1,84888.5,1
20,12,0,0,0,0,47814,1
20,13,93139.6,1,218768.7,1,161372.1,1
20,17,100521.7,1,106559,1,102009.6,1
20,18,634961.7,0,683652.7,0,693038.1,0
20,19,315925.4,1,304454.4,1,408038.2,1
20,21,48210.3,1,48150.5,1,73858.8,1
20,22,337471.8,1,272852.9,1,221576.5,1
20,23,385682,1,272852.9,1,313900,1
20,24,128560.7,1,112351.2,1,258505.9,1
20,25,642121.7,0,627978.5,0,543776.1,0
20,26,31274,1,31146.9,1,0,0
20,28,837154.8,0,810496.4,0,755527.6,1
20,29,531658.7,1,404909.1,1,377763.8,1
20,38,16964.5,1,0,0,0,0
20,41,137361.9,1,133194.9,1,127939.8,1
20,42,263277,1,199792.3,1,234556.3,1
20,44,68680.9,1,66597.4,1,63969.9,1
20,49,90369.3,1,61102.4,1,63876.7,1
20,53,2413526.8,0,2018844.4,0,1864692.4,0
20,54,1990157.3,0,1817724.9,0,1847987.1,0
21,3,0,0,0,0,45321.9,1
21,4,62592.8,1,105007.5,1,30214.6,1
21,5,50074.2,1,15001.1,1,15107.3,1
21,9,134535,1,247577.7,1,181904,1
21,10,41395.4,1,47157.7,1,0,0
21,15,31046.5,1,33656.7,1,0,0
21,18,0,0,45668.2,1,61205.7,1
21,19,215403.7,1,197895.4,1,0,0
21,21,64280.3,1,48150.5,1,73858.8,1
21,22,0,0,0,0,36929.4,1
21,23,112490.6,1,16050.2,1,18464.7,1
21,24,353541.9,1,369153.9,1,375639.5,0
21,25,257121.4,1,304953.2,1,350829.4,1
21,26,93822.1,1,46720.3,1,37776.4,1
21,27,15637,1,15573.4,1,56664.6,1
21,28,172007.2,1,186881.1,1,321099.2,1
21,29,156370.2,1,233601.4,1,472204.7,1
21,44,114468.2,1,133194.9,1,149263.1,1
21,47,72295.4,1,81469.8,1,85169,1
21,49,126517,1,224042,1,191630.2,1
21,52,166070.6,1,166493.5,1,123995.6,1
21,53,2284333.3,0,2251902.2,0,2204168.1,0
21,54,94897.5,1,95139.2,1,99196.5,1
22,2,0,0,0,0,60429.2,1
22,5,75111.3,1,120008.6,1,105751,1
22,14,629535.6,0,413250.8,0,497866.3,0
22,15,113837.3,1,145845.8,1,155395.3,1
22,21,1663773.5,0,1683403.8,0,1680497.2,0
22,22,1104030.3,0,1255310.7,0,1366226.9,0
22,24,0,0,0,0,18464.7,1
22,25,224981.2,1,321003.4,1,221576.5,1
22,27,203281.3,1,155734.3,1,113329.1,1
22,28,242373.8,1,249174.8,1,226658.3,1
22,29,78185.1,1,31146.9,1,37776.4,1
22,36,869990.2,0,828709.2,0,743476.6,1
22,37,508935.7,1,939904.5,0,936167.3,0
22,38,33929,1,29804.7,1,38127,1
22,41,0,0,0,0,63969.9,1
22,45,228936.5,1,244190.6,1,255879.6,1
22,46,216886.3,1,386981.6,1,340675.9,1
22,47,1153156.9,0,1200275.2,0,1237335.5,0
22,48,72295.4,1,122204.7,1,127753.5,1
22,50,343403.3,1,305511.8,1,361968.1,1
22,51,23724.4,1,0,0,0,0
22,52,4080667.6,0,4436043.4,0,4003096.4,0
22,53,3127024.3,0,3174885.1,0,3194394.9,0
23,7,0,0,35368.2,1,0,0
23,9,0,0,11789.4,1,48507.7,1
23,10,31046.5,1,47157.7,1,60634.7,1
23,14,155232.6,1,201940.3,1,215162.8,1
23,21,665859.9,0,776160.9,0,710578.5,0
23,22,289261.5,1,240752.5,1,276970.6,1
23,25,176770.9,1,48150.5,1,55394.1,1
23,26,203281.3,1,202454.6,1,226658.3,1
23,27,62548.1,1,62293.7,1,75552.8,1
23,28,156370.2,1,171307.7,1,264434.7,1
23,29,78185.1,1,77867.1,1,75552.8,1
23,32,359720.9,1,364598.5,1,310679.6,1
23,35,703801.7,1,816006.1,1,866632.6,1
23,36,203574.3,1,163925.7,1,285952.5,1
23,37,2524054.6,0,2802656.5,0,3113364.4,0
23,38,356255,1,253339.7,1,343143,1
23,45,114468.2,1,88796.6,1,85293.2,1
23,47,1117248.2,0,1173534.9,0,1155819.2,0
23,51,2205802.9,0,2535557.8,0,2443456.8,0
23,52,2261851,0,2369810,0,2785747.7,0
24,7,64078.5,1,87654.9,1,206476.3,1
24,8,38447.1,1,58436.6,1,71198.7,1
24,10,217866.8,1,350619.5,1,199356.4,1
24,26,17388.1,1,20836.1,1,22475.7,1
24,27,278209.2,1,312542,1,314660,1
24,29,295597.3,1,437558.9,1,539417.1,1
24,30,86940.4,1,104180.7,1,112378.6,1
24,32,458934.6,0,641465.7,0,815120,0
24,33,223016.2,1,246054.8,1,259387.4,1
24,37,61431.2,1,251364.1,1,425172.5,1
24,38,910864.1,0,913095.7,0,927508.8,0
24,45,202433.2,1,171797.8,1,235408.1,1
24,46,170235.8,1,205306.6,1,182494.1,1
25,7,89709.9,1,87654.9,1,99678.2,1
25,8,333208,1,467492.7,1,398712.8,1
25,10,269129.6,1,262964.6,1,242075.6,1
25,11,324486.2,1,315997.3,1,430367.7,1
25,25,107948.4,1,103432.8,1,87068.1,1
25,26,1336944.3,0,1402211.1,0,1705475.5,0
25,27,1999234.5,0,1830544.8,0,2219872.8,0
25,28,2494346.7,0,2653337.5,0,2290173.4,0
25,29,1086936.4,0,1524808.4,0,1450107.7,0
25,32,171550.9,1,158178.1,1,159623,1
25,33,1107641.9,0,1047549.6,0,1177323.8,0
25,34,51465.3,1,52726,1,59858.6,1
25,37,30715.6,1,38671.4,1,0,0
25,38,1595002.3,0,1585170.5,0,1439058.2,0
25,39,291798.1,1,502728.2,1,374893.9,0
25,49,106397.4,1,91247.4,1,182494.1,1
25,50,42558.9,1,45623.7,1,0,0
26,7,128156.9,1,58436.6,1,56959,1
26,8,281945.3,1,277573.8,1,242075.6,1
26,9,64078.5,1,58436.6,1,56959,1
26,10,771682.9,0,806869.4,0,817125.8,0
26,11,1778184.5,1,1816748.9,0,1825469.9,0
26,12,71387,1,93362.8,1,115868.2,1
26,18,174657.5,1,197431,1,240507.4,1
26,20,285803.1,1,412810.4,1,420887.9,1
26,25,92527.2,1,88656.6,1,104481.7,1
26,26,888836.5,0,1326077,0,1592004.5,0
26,28,820255.5,0,923616.8,0,796044.1,0
26,29,1222093.1,0,1612390.6,0,1723262.4,0
26,30,69552.3,1,166689.1,1,179805.7,1
26,33,240171.3,1,246054.8,1,359151.8,1
26,34,68620.4,1,35150.7,1,99764.4,1
26,35,34310.2,1,35150.7,1,39905.8,1
26,38,2058850.1,0,1780975.1,0,1700160.3,0
26,39,2983350.5,0,2406630.5,0,2939464.6,0
26,44,84347.2,1,93707.9,1,176556.1,1
26,45,50608.3,1,46853.9,1,58852,1
26,48,437151.6,0,551089.3,0,495341,1
26,49,234074.2,1,205306.6,1,156423.5,1
26,50,529754.3,0,468099.2,0,612604.9,0
26,51,565764.2,0,477387.6,0,652878.5,0
27,8,96117.7,1,73045.7,1,85438.5,1
27,9,38447.1,1,73045.7,1,71198.7,1
27,11,25958.9,1,28727,1,33105.2,1
27,12,64897.2,1,129271.6,1,115868.2,1
27,18,2612219,0,2661106.8,0,2732959.4,0
27,19,885945.4,0,682034.5,1,846951.2,0
27,20,549419.4,0,571375.4,0,523330.3,0
27,21,400951.2,1,428507.1,1,452753.9,1
27,24,61684.8,1,59104.4,1,69654.5,1
27,25,1031458.9,0,1231056.1,0,1555886.3,0
27,26,2019989.8,0,2440391.3,0,2373569.1,0
27,27,1592116.5,0,1736831.2,0,1624469.9,0
27,28,4042765.4,0,4140636.9,0,4382431.5,0
27,29,2277451.9,0,3829426.4,0,4274993.8,0
27,30,1401985.3,0,1667443.1,0,1584992.8,0
27,31,480342.5,1,439383.6,1,578633.5,1
27,34,154395.8,1,246054.8,1,99764.4,1
27,35,548500,0,544835.7,1,578633.5,1
27,36,199651.4,1,290035.5,1,323941,1
27,37,76789,1,183689.2,1,202463.1,1
27,38,276440.3,1,232028.4,1,222709.4,1
27,39,3798545.1,0,4112380,0,3680345.3,0
27,40,76789,1,193357,1,242955.7,1
27,41,84347.2,1,62471.9,1,0,0
27,48,729606.1,0,775202.4,0,776763.6,0
27,49,2681162.6,0,2995653.5,0,2800207.1,0
27,50,3197289.6,0,3716083.5,0,4359215.1,0
27,51,700480.4,0,689176.6,0,865656.2,0
28,0,0,0,0,0,33357.1,1
28,9,166604,1,160700.6,1,170876.9,1
28,10,0,0,0,0,42719.2,1
28,18,365192.9,1,556396.6,1,541141.6,1
28,19,4272065.7,0,5002860.5,0,4240151.7,0
28,20,2002855,0,1916816.3,0,1776658.8,0
28,21,849228.1,0,873949.2,0,720233.4,0
28,22,61684.8,1,59104.4,1,69654.5,1
28,25,508899.6,1,413731,1,522408.4,1
28,26,3052545.3,0,3069802.4,0,3567369.7,0
28,27,2780589.8,0,2864178.7,0,2584525,0
28,28,1677435.6,0,1945944.4,0,2317707.8,0
28,29,2344578.5,0,2228387.1,0,2038210,0
28,30,1607216.4,0,2085408.9,0,1977994.2,0
28,33,223016.2,1,228479.5,1,99764.4,1
28,34,446032.3,1,263630.2,1,438963.4,1
28,35,68620.4,1,0,0,79811.5,1
28,36,502477.6,0,572221.7,0,835140.7,0
28,37,92146.8,1,135349.9,1,40492.6,1
28,40,15357.8,1,38671.4,1,20246.3,1
28,41,118086,1,109325.8,1,117704.1,1
28,45,0,0,0,0,58852,1
28,48,212794.7,1,182494.8,1,156423.5,1
28,49,999709.1,0,867068.6,0,1173402.4,0
28,50,2443973.7,0,2453456,0,2574353.3,0
28,51,933668.5,0,1087374.6,0,996658.3,0
29,0,31676,1,33174.6,1,0,0
29,1,47514,1,49762,1,50035.6,1
29,9,0,0,140795.8,1,14624.2,1
29,10,26025.2,1,31287.9,1,29248.5,1
29,12,0,0,0,0,35510.3,1
29,17,337163.9,1,299443.8,1,396059.4,1
29,18,77807.1,1,108888.7,1,70724.9,1
29,19,2175961.5,0,3013347.9,0,2448072.9,0
29,20,1565861.3,0,1866939.1,0,2085950.6,0
29,21,1048458.8,0,1117961.3,0,1274325.6,0
29,22,732472.4,0,778257.2,0,1519167.6,0
29,23,299600.8,1,300980.4,1,297502.4,1
29,24,83222.4,1,31682.2,1,115162.2,1
29,25,491012.4,1,562358.2,1,783222.9,0
29,26,2219128.7,0,2466843.9,0,2406401,0
29,27,1283908.4,0,1404085.5,0,1360593.5,0
29,28,2289766.4,0,2440597.4,0,2545923.1,0
29,29,1577456.6,0,1298959.2,0,1485284.2,0
29,30,714444.8,1,691932.7,1,721337.3,1
29,31,18903.6,1,18362.4,1,19836.3,1
29,33,1860526.9,0,2126571.2,0,2149963.9,0
29,34,1499482.9,0,1756909.3,0,1747069.2,0
29,35,695003.2,0,711981.6,0,886931.3,0
29,36,1155949.1,0,956770.5,0,930803.3,0
29,37,84347.2,1,78089.9,1,36857.7,1
29,38,16869.4,1,31236,1,36857.7,1
29,40,50608.3,1,31236,1,36857.7,1
29,44,96335.1,1,111548.9,1,89942.1,1
29,45,57801.1,1,66929.3,1,0,0
29,49,177319.8,1,229876.9,1,142123.4,1
29,50,691547.3,1,689630.7,1,1021511.8,1
29,51,319175.7,1,265242.6,1,355308.4,1
30,0,47514,1,33174.6,1,16678.5,1
30,2,126703.9,1,66349.3,1,83392.6,1
30,10,351339.7,1,281591.5,1,394854.3,1
30,11,273668.4,1,242901.2,1,195306.7,1
30,13,16098.1,1,0,0,0,0
30,19,246389,1,353888.1,1,212174.7,1
30,20,622786.6,0,555354.5,0,615366.7,0
30,22,1121192.3,0,1150645.2,0,1019960.2,0
30,23,1257937.3,0,1494877.9,0,1383368.4,0
30,25,1856047.5,0,2135242.2,0,2066092.5,0
30,26,1388061.5,0,1787521.6,0,1833022.1,0
30,27,3282924.1,0,3192263.2,0,3252249.4,0
30,28,2797869.8,0,2893652.3,0,3125726.4,0
30,29,1833792.4,0,1873924,0,2071378.4,0
30,30,424805,1,461288.5,1,520965.8,1
30,31,245747.3,1,238710.7,1,257871.4,1
30,33,75614.6,1,73449.4,1,79345,1
30,34,245747.3,1,220348.3,1,238035.1,1
30,36,236172,1,203033.7,1,368576.7,1
30,41,19267,1,111548.9,1,22485.5,1
31,4,47514,1,49762,1,33357.1,1
31,6,52050.3,1,62575.9,1,0,0
31,7,169163.5,1,156439.7,1,43872.7,1
31,10,52050.3,1,250303.6,1,190115,1
31,11,1162148.9,0,1022836.7,0,1169768.1,0
31,12,612415.4,0,1000345.7,0,1261641.1,0
31,14,48294.4,1,45544,1,124286.1,1
31,15,0,0,15181.3,1,17755.2,1
31,22,0,0,0,0,57581.1,1
31,27,1161542,0,1181711.8,0,1273223.8,0
31,28,2206969.1,0,2343590.4,0,3023747.9,0
31,29,1973001.7,0,1666375.4,0,1743272.2,0
31,30,386186.4,1,365186.7,1,340631.5,1
31,31,0,0,36724.7,1,59508.8,1
31,32,37807.3,1,73449.4,1,178526.3,1
31,33,94518.2,1,91811.8,1,0,0
31,34,808023.7,0,659958.2,0,633111.2,0
31,35,264651,1,312160.1,1,376888.9,1
31,36,101216.6,1,62471.9,1,110573,1
31,37,438605.2,1,592824.4,0,595806.1,0
31,39,118086,1,0,0,0,0
31,40,421735.8,1,322886.1,0,397255.1,0
31,41,173403.2,1,133858.6,1,134913.1,1
32,0,0,0,0,0,150106.7,1
32,2,95027.9,1,0,0,0,0
32,3,142541.9,1,232222.5,1,216820.8,1
32,4,47514,1,49762,1,50035.6,1
32,5,63351.9,1,132698.5,1,116749.7,1
32,7,169163.5,1,172083.7,1,102369.6,1
32,8,208201.3,1,1190785.2,0,219363.5,1
32,9,0,0,0,0,43872.7,1
32,11,467416.9,0,523728.8,0,604799.2,0
32,12,1874350.6,0,2207441.2,0,2224270.1,0
32,13,305864.7,1,409895.8,1,319592.7,1
32,14,80490.7,1,106269.3,1,124286.1,1
32,20,0,0,68055.4,1,21217.5,1
32,21,133155.9,1,79205.4,1,95968.5,1
32,27,154474.5,1,57661.1,1,60111.4,1
32,28,1751182.7,0,1572932.5,0,1775948.8,0
32,29,3046828.8,0,2933326.1,0,2956641.4,0
32,30,424805,1,518949.5,1,520965.8,1
32,32,359169.2,1,275435.4,1,357052.6,1
32,33,37807.3,1,348884.8,1,218198.8,1
32,34,396976.4,1,440696.7,1,525660.8,1
32,35,1386457.6,0,1330017.7,0,1475060.5,0
32,36,33738.9,1,15618,1,18428.8,1
32,37,303649.8,1,281123.6,1,350147.8,1
32,38,548256.5,1,460730.4,1,565892.3,0
32,40,185563.7,1,124943.8,1,147430.7,1
32,42,77068.1,1,44619.5,1,67456.6,1
33,1,174217.9,1,165873.2,1,33357.1,1
33,2,253407.8,1,265397.1,1,283535,1
33,3,110865.9,1,149285.9,1,100071.2,1
33,4,47514,1,49762,1,66714.1,1
33,5,158379.9,1,165873.2,1,16678.5,1
33,7,65062.9,1,46931.9,1,43872.7,1
33,8,742288.5,0,406743.3,1,307108.9,1
33,9,2538197.1,0,2140340,0,3386664.2,0
33,11,64392.6,1,60725.3,1,71020.6,1
33,12,1658064.1,0,1963396.8,0,2019497.6,0
33,13,112687,1,197357.2,1,159796.4,1
33,14,48294.4,1,45544,1,0,0
33,15,0,0,0,0,53265.5,1
33,20,0,0,0,0,42434.9,1
33,22,16644.5,1,0,0,0,0
33,23,49933.5,1,110887.5,1,287905.5,1
33,28,173783.9,1,192203.5,1,260482.9,1
33,29,270330.5,1,269084.9,1,360668.7,1
33,32,18903.6,1,36724.7,1,0,0
33,33,359169.2,1,312160.1,1,376888.9,1
33,34,1387222.6,0,1184307.9,0,1133635.7,0
33,35,1685486.5,0,2019309.7,0,1888287.1,0
33,36,1162127.7,0,1376117.4,0,1604375.9,0
33,37,286780.3,1,234269.7,1,368576.7,1
33,38,692125.4,0,684379,0,562076.5,0
33,42,1570262.2,1,1717852.4,1,1675171.1,1
33,43,4614614.8,0,4870787.1,0,4415508.5,0
34,1,103583.3,1,81405,1,69798.5,1
34,4,46037,1,46517.1,1,34899.3,1
34,8,80361,1,50617.4,1,77295.1,1
34,9,1251588.3,0,1095725.2,0,773432.5,0
34,10,195162.5,1,131605.1,1,143548,1
34,12,516688.3,0,468125.1,0,601882.8,0
34,13,213840.6,1,145266.7,1,177481.2,1
34,30,52489.9,1,41349.5,1,55826.2,1
34,31,507608.1,0,517007.8,0,607136.7,0
34,32,82647.5,1,73976.6,1,75002.6,1
34,33,1005514.4,0,1047378.2,0,1093882.6,0
34,34,3652839.4,0,3797188.7,0,4266683.8,0
34,35,512414.5,1,554824.4,1,817284.6,0
34,36,691556.8,0,883592.4,0,1069748.8,0
34,37,1013693.8,0,1086894.5,0,1257091,0
34,38,213670.2,1,242726.9,1,168134.2,1
34,39,1860698,0,1966522.1,0,1964666,0
34,40,2189012.8,0,2550294.1,0,2496003.9,0
34,41,801081.6,0,818788.2,0,1047711.2,0
34,42,716034.9,1,864249.9,1,1041246.6,1
35,3,161129.6,1,186068.5,1,139597.1,1
35,4,0,0,0,0,34899.3,1
35,6,57400.7,1,0,0,0,0
35,7,0,0,30370.4,1,33126.5,1
35,8,22960.3,1,20246.9,1,33126.5,1
35,9,34440.4,1,50617.4,1,33126.5,1
35,10,80361,1,10123.5,1,11042.2,1
35,11,89100.2,1,72633.4,1,70992.5,1
35,13,106920.3,1,127108.4,1,141985,1
35,14,124740.3,1,145266.7,1,159733.1,1
35,20,109863,1,135341.2,1,152825.6,1
35,31,562003,1,462353.7,1,450015.8,1
35,32,198354,1,203435.6,1,187506.6,1
35,33,528944,1,591812.7,1,375013.2,1
35,34,2639936.5,0,2915209.8,0,2810622,0
35,35,2285301.1,0,3061489.7,0,3201007.1,0
35,36,2477512.5,0,2746624.8,0,2544726.2,0
35,37,903409.7,0,895925,0,764552.5,0
35,38,405973.4,1,315544.9,1,408326,1
35,39,1746946.9,0,1759036,0,2084014.4,0
35,40,1216386.6,0,1340156.6,0,1293606.5,0
35,41,530081.2,0,542047.2,0,533138.7,0
36,0,52429.9,1,0,0,0,0
36,2,69055.5,1,81405,1,69798.5,1
36,4,0,0,0,0,69798.5,1
36,6,45920.6,1,30370.4,1,33126.5,1
36,9,11480.1,1,20246.9,1,22084.3,1
36,10,57400.7,1,80987.8,1,44168.6,1
36,11,2701455.7,0,2645137.2,0,2027268.4,0
36,12,1080253.1,0,1012839.7,0,904614.7,0
36,13,231660.6,1,308691.8,1,319466.2,1
36,30,288694.4,1,317012.8,1,348913.5,1
36,32,132236,1,184941.5,1,187506.6,1
36,33,1437767.1,0,1568844.2,0,1621901.1,0
36,34,148765.5,1,166447.3,1,346887.2,1
36,35,1949423.5,0,2378718.8,0,2546403.2,0
36,36,4873906.9,0,5174121.6,0,5425576.5,0
36,37,2859468.7,0,3103302.4,0,3357767.3,0
36,38,2454522.6,0,2248759.6,0,2347823.7,0
36,39,3577199.6,0,4099032.5,0,4617605.1,0
36,40,1411320.4,0,1254747.3,0,2140252.6,0
36,41,92391.6,1,74078.6,1,189317.6,1
36,49,1099439.5,0,1168538.2,0,1300326.2,0
37,2,46037,1,46517.1,1,46532.4,1
37,3,0,0,69775.7,1,0,0
37,4,34527.8,1,34887.8,1,34899.3,1
37,6,91841.2,1,80987.8,1,77295.1,1
37,9,45920.6,1,30370.4,1,44168.6,1
37,10,871419.4,0,1017794.5,0,1172045.7,0
37,11,1849467.8,0,1917534.3,0,2137523.5,0
37,12,3197041.6,0,3375738,0,2899680,0
37,13,3336280.7,0,3181536.4,0,3352451,0
37,14,35640.1,1,36316.7,1,35496.2,1
37,21,517925.4,1,503828.7,0,585584.2,0
37,24,94168.3,1,38668.9,1,21832.2,1
37,27,118102.3,1,68915.8,1,13956.5,1
37,30,13122.5,1,0,0,0,0
37,33,99177,1,110964.9,1,112503.9,1
37,34,889526.7,0,810737.4,0,877283.4,0
37,36,470074.5,1,606817.1,1,600479.5,1
37,37,3282210.6,0,3144510.5,0,3423249.8,0
37,38,3646032.1,0,3960892.2,0,3984840.8,0
37,39,2558458.4,0,3281236.9,0,3224701.1,0
37,40,341872.4,1,558271.8,1,516412.3,1
37,41,531251.7,1,666707.1,1,0,0
38,4,34527.8,1,0,0,0,0
38,8,68880.9,1,60740.8,1,22084.3,1
38,9,464546.6,0,408840.1,0,461538.9,0
38,10,1239970.2,0,1119050.5,0,1226261.6,0
38,11,930026.8,0,1016392.3,0,683848.2,0
38,12,2046831.1,0,2064092.4,0,1836722.5,0
38,13,2538794.3,0,2572818.2,0,2635974.4,0
38,14,160380.4,1,163425,1,159733.1,1
38,15,17820,1,18158.3,1,35496.2,1
38,20,62778.8,1,58003.4,1,109161.2,1
38,21,0,0,38668.9,1,43664.5,1
38,22,1418299.1,0,1442858.2,0,1704582.7,0
38,23,468956,0,521105.4,0,444750.1,0
38,24,47084.1,1,116006.7,1,87328.9,1
38,25,204031.2,1,193344.6,1,130993.4,1
38,27,39367.4,1,41349.5,1,55826.2,1
38,32,66118,1,73976.6,1,75002.6,1
38,33,16529.5,1,0,0,0,0
38,35,396708,1,314400.5,1,225007.9,1
38,36,341872.4,1,218454.2,1,480383.6,1
38,37,2509782.4,0,3527423.9,0,3221002.6,0
38,38,299138.3,1,412635.6,1,360287.7,1
38,39,6287277.9,0,7426137.1,0,7934045.8,0
38,40,4808418.1,0,5089173.9,0,5548362.8,0
38,41,3760696.1,0,4114610.3,0,3842355.3,0
38,42,115489.5,1,148157.1,1,157764.6,1
38,49,404196.2,0,483456,0,537541,0
39,6,18106.3,1,0,0,0,0
39,8,253488,1,242681.4,1,282622.1,1
39,9,1086377.2,1,1259952.7,0,938709.2,1
39,10,1811030.4,0,1619134,0,1687925.7,0
39,11,133193.7,1,104605.5,1,144503.9,1
39,12,1581711,0,1600299.1,0,1886270.7,0
39,13,1784695,0,1946675.2,0,2142214.6,0
39,14,283036.6,1,239098.4,1,173404.7,1
39,15,1465164.2,0,1756678.5,0,1648833.7,0
39,16,21573.8,1,18907.9,1,18391.5,1
39,20,1518475.2,0,1168278.3,0,1423684.3,0
39,21,2548583.3,0,2580361.8,0,2742751.6,0
39,22,3438845.1,0,3717797.3,0,3605191.5,0
39,23,2741492.2,0,2552899.4,0,2476837.8,0
39,24,483562,1,615814.8,1,606541.8,1
39,25,1315762.4,0,1487433.6,0,2112962.6,0
39,27,185092.4,1,198491.8,1,191590.7,1
39,33,1077566.3,0,1094504.8,0,734864.7,0
39,34,0,0,0,0,24690,1
39,35,108490.1,1,93521.6,1,0,0
39,36,936718.2,1,1031693.6,1,1141135.9,1
39,37,1364645.8,0,1454425,0,1579530.4,0
39,38,1350987.9,0,1454177.4,0,1206398.2,0
39,39,5302367.2,0,5994614.5,0,5852233,0
39,40,2519007.7,0,2806967.6,0,2452331.3,0
39,41,2416048.6,0,2153426.7,0,2126653.1,0
39,42,3027979.6,0,2850000.2,0,2848262.2,0
39,43,36179.2,1,26629.9,1,29632.6,1
40,7,0,0,0,0,20187.3,1
40,8,199169.2,1,145608.8,1,181685.6,1
40,9,0,0,226502.6,1,0,0
40,10,18106.3,1,32357.5,1,40374.6,1
40,12,969877.6,0,869758.5,0,540872.1,0
40,13,1922271.5,0,1912509.9,0,2157336.5,0
40,14,199790.6,1,179323.8,1,144503.9,1
40,15,1382001.5,0,1511308.3,0,1381240.2,0
40,16,2010095.9,0,1766830.5,0,1760828.4,0
40,17,884524.9,1,937055.8,0,1034622.4,0
40,18,513330.4,0,482151.1,1,395417,1
40,19,2838788.4,0,2795695.7,0,3126472.8,0
40,20,814267.3,0,1193398.1,0,1146043,0
40,21,2080614.4,0,2474631.5,0,2038360.1,0
40,22,7041934.9,0,7121468.3,0,7365019.3,0
40,23,3725390.9,0,3871815.1,0,3138320.2,0
40,24,3524046.7,0,3277650.2,0,3069364,0
40,25,4733941.1,0,5010015.7,0,4490338.4,0
40,26,1276230.3,0,1306940.1,0,1417873.7,0
40,27,816029.1,0,1293132.6,0,741362.8,0
40,28,1929780.1,0,2104904.2,0,2135194.6,0
40,31,1496239.4,0,1722717.7,0,1999688.2,0
40,32,1731443.9,0,1775046.6,0,2026775.5,0
40,33,3370465.2,0,3291410.5,0,3801610.5,0
40,34,596695.6,1,700762.5,0,816216.5,0
40,35,1044878.9,0,1357285.1,0,1338161.2,0
40,36,2987545.3,0,2689849.5,0,3066757.7,0
40,37,1277798.5,0,1382907.4,0,1539952.8,0
40,38,2712070.3,0,2800019,0,2827772.6,0
40,39,2486566,0,2850990.9,0,2728643.6,0
40,40,2570071.8,0,3182777.1,0,2790363.9,0
40,41,853570.2,0,1235557.4,0,1470284.3,0
40,42,126627.1,1,79889.7,1,88897.7,1
41,2,104859.8,1,116088.2,1,109547.5,1
41,11,66596.9,1,59774.6,1,57801.6,1
41,12,133193.7,1,119549.2,1,173404.7,1
41,13,1104918.7,0,1127369.4,0,1043388.1,0
41,14,618701.6,0,636623.1,0,732055.5,0
41,15,2957792.6,0,4010896.7,0,4957872.6,0
41,16,2323263.7,0,2627598.2,0,2630891.3,0
41,17,3292726.4,0,2958765.9,0,3192115.7,0
41,18,3758255.1,0,3791219.7,0,3522540.6,0
41,19,2670617.2,0,2623637.1,0,2556804.8,0
41,20,6745060.3,0,7834735.3,0,7918986.8,0
41,21,1570158.7,0,1533567.1,0,1790915.5,0
41,22,1478665.4,0,1866017.2,0,1591338.6,0
41,23,961431.1,0,858662.8,0,659848.2,0
41,24,322374.7,1,285914,1,363925.1,1
41,25,2813244.8,0,2653019.4,0,2585588.9,0
41,26,2333480.5,0,2837309.8,0,2352963.9,0
41,27,2268610,0,2260704.8,0,2560488.2,0
41,28,1918247.3,0,2229175.9,0,2416200.9,0
41,29,1775642.9,0,1615074.2,0,1863410.3,0
41,30,2119363.7,0,2399176.6,0,2001935.1,0
41,31,2823501.5,0,3403414.5,0,2651843.8,0
41,32,1630681.7,0,1620050.9,0,2230919.6,0
41,33,810676.2,0,1056152.5,0,903002.1,0
41,34,3259656.2,0,3400392.3,0,2754758.8,0
41,35,1794027.6,0,2164061.8,0,2176366.8,0
41,36,5471398.6,0,6062319,0,5165080.3,0
41,37,2836406.3,0,3268647.9,0,3097703.8,0
41,38,3538647.8,0,3769547,0,4016482.4,0
41,39,2236017.1,0,2602598.7,0,3658226.6,0
41,40,3011279.8,0,3078806.5,0,3386017.7,0
41,41,920697,0,771336.2,0,645370.6,0
41,42,36179.2,1,66574.8,1,177795.3,1
42,14,1455855.5,0,1463173.3,0,1617593.4,0
42,15,3743809.7,0,4092513.2,0,3970668.3,0
42,16,4445588.8,0,5446247.8,0,7639875,0
42,17,2719559.7,0,3599634.9,0,3863842.3,0
42,18,1087935.6,0,1029781.4,0,1094851.5,0
42,19,678429.4,0,721516.1,0,638056.3,0
42,20,2252521.7,0,2023754,0,1944183.4,0
42,21,1710817.8,0,1808611.3,0,2018530.1,0
42,22,3185701.7,0,3390621.6,0,3140818.4,0
42,23,1256810.7,0,888193.8,0,972417.1,0
42,24,4195947.3,0,4456974.4,0,4708674.6,0
42,25,2328173.6,0,2574847.5,0,5002209.9,0
42,26,1889530.1,0,2115661.4,0,2256872.2,0
42,27,2709704.8,0,3114952.1,0,2503030.1,0
42,28,2785099.9,0,3070938.4,0,3149967.2,0
42,29,2909546,0,3191461.5,0,2866264.4,0
42,30,2530049.2,0,2720766.7,0,2953727.6,0
42,31,2598470.1,0,2938742,0,2704280.5,0
42,32,2042568.5,0,2091736.8,0,2023310.9,0
42,33,2395113.1,0,2482116.7,0,2317718.9,0
42,34,2004417.2,0,2559461.7,0,2513489,0
42,35,996649.6,0,1558693.1,1,759218.3,1
42,36,1291982.8,0,1141741.7,0,1448969.6,0
42,37,4008100.7,0,3788969.9,0,4061365.7,0
42,38,3362512.6,0,3436798.8,0,3336335.8,0
42,39,2052166.4,0,2382602.1,0,2666991.1,0
42,40,3099298.7,0,3282098.9,0,3691654.4,0
42,42,54268.8,1,0,0,0,0
43,0,104859.8,1,435330.6,1,410803.3,1
43,1,314579.5,1,290220.4,1,301255.7,1
43,2,288364.6,1,0,0,0,0
43,14,767581.7,0,924925,0,1197900.2,0
43,15,2783144.4,0,2469350.4,0,2620377.4,0
43,16,3431457.6,0,4332667.7,0,2891034.8,0
43,17,1989444.7,0,2051169.1,0,2167200.3,0
43,18,1530818.1,0,1853745.3,0,1865459.7,0
43,19,345180.4,1,283618.3,1,220697.8,1
43,20,1895047.2,0,1891575.4,0,2369840.3,0
43,21,10030256.2,0,11079363.8,0,5297928.3,0
43,22,1919093,0,1930581.3,0,6123912.1,0
43,23,3239125.8,0,3995451.1,0,3721515.9,0
43,24,3050186.9,0,3808674.7,0,3609721.9,0
43,25,2963987.1,0,2491537.1,0,2599963.5,0
43,26,2965363.6,0,2727603.2,0,2752080.8,0
43,27,427136.4,1,427520.8,1,343266.8,1
43,28,2589498.9,0,3084639.1,0,3373844.7,0
43,29,1441171.4,0,1376415.8,0,1560252.2,0
43,30,2299948,0,2379713.4,0,2313814.3,0
43,31,2249755.7,0,2553114.8,0,2438626.2,0
43,32,2226183.3,0,2368337.4,0,2819028,0
43,33,2183071.8,0,2620646.3,0,2833928.4,0
43,34,849137.6,0,951504,0,1137616.6,0
43,35,1640771.6,0,1544033.7,0,1979889.8,0
43,36,1635520.7,0,1869933.7,0,1733676.5,0
43,37,290705.7,1,314754,1,466828.3,1
43,38,1429322,0,1727154.3,0,1859134.8,0
43,39,2124313,0,2446539.7,0,2562326.7,0
43,40,2899843.9,0,2947132.7,0,3202372.7,0
43,41,1930897.8,0,1916542.2,0,1484279,0
43,42,1139644,1,1023319.6,0,883561.9,0
43,43,144716.7,1,146464.5,1,296325.5,1
44,0,131297.2,1,195134.1,1,291789,1
44,1,874668.1,0,1060814,0,310738,1
44,2,443423.7,1,443976.8,1,493525,1
44,10,1026645.7,0,1101670.2,0,899143.3,0
44,11,923521.8,0,788191.1,0,1264681.9,0
44,14,523535.4,1,566604.5,1,580578.7,1
44,15,1473250,0,1593804.5,0,1424650,0
44,16,1297958.9,0,1365532.9,0,1821304.7,0
44,17,2177310,0,2230582.4,0,2396874.3,0
44,18,2568678.7,0,2469238.2,0,2695596.4,0
44,19,3333046.6,0,3742800.1,0,3989454.1,0
44,20,1411711.7,0,1725908.1,0,1466081.5,0
44,21,1774169.3,0,2058388.1,0,178830.9,1
44,22,3358823.4,0,3439078.6,0,6764082.6,0
44,23,3737849.4,0,3644116.4,0,2991206.7,0
44,24,997014.2,0,994067,0,940406,0
44,25,2914509.2,0,3897891.8,0,2905489.1,0
44,26,5061118.8,0,4509217.8,0,5582483.4,0
44,27,2399478.7,0,2639170,0,2485119.1,0
44,28,274688.8,0,356399.5,1,271214.6,0
44,29,430117,1,425699.4,1,361213.6,1
44,30,1946700.1,0,2029523.3,0,1629889.8,0
44,31,2690750.8,0,3154631.5,0,4038749.4,0
44,32,3733578.9,0,5171932.5,0,5306760.4,0
44,33,3567373.6,0,3387049.3,0,3829635.2,0
44,34,2088795.4,0,2377365.7,0,2607507.4,0
44,35,255981.3,1,141365.7,1,117961,1
44,36,873386.3,0,1296305.9,0,1655900.4,0
44,37,388278.4,1,529345.8,1,336119.4,1
44,39,1615401.9,0,1834249.5,0,1745427.3,0
44,40,4648817.9,0,4495498,0,4017430,0
44,41,1761600.8,0,2130895.9,0,2182281.8,0
44,42,2848422.5,0,3497221,0,3367055.2,0
44,43,483502.1,1,425503.5,1,486394.5,1
44,44,297008.4,1,382953.2,1,330053.4,1
45,1,61161.9,1,67015.4,1,73114.8,1
45,10,1261429.5,0,1317207.2,0,986632.5,1
45,11,58170.6,1,62956.1,1,132703.7,1
45,14,1158306.9,0,1499994.3,0,1936138.3,0
45,15,2930873.6,0,3295136.6,0,3483892.1,0
45,16,2762272.5,0,3993051.3,0,4283182.9,0
45,17,5495768.9,0,5690676.7,0,5544707.6,0
45,18,1735538.4,0,2445653.2,0,2191946.3,0
45,19,2252809.3,0,2094743.9,0,2525292.4,0
45,20,268401,1,420007.5,1,601582.7,1
45,21,77548.3,1,93499.5,1,0,0
45,22,19387.1,1,0,0,99350.5,1
45,23,1280254.8,0,1027498.5,0,1193697.8,0
45,24,2668482.8,0,3321534.1,0,3476105,0
45,25,2462949.6,0,2651737.4,0,2498168.8,0
45,26,2648153.9,0,2181831.5,0,2340398.5,0
45,27,2232057.7,0,2452057.6,0,2277533.6,0
45,28,389153.5,1,296999.6,1,220741.7,1
45,29,327708.2,1,277199.6,1,280943.9,1
45,30,3669773,0,3856122.5,0,3190094.2,0
45,31,1961894.9,0,2348762.4,0,3032335.7,0
45,32,6310311.8,0,7049392.1,0,6843591.7,0
45,33,597289.8,1,593735.8,1,655305.1,0
45,34,558979.4,0,564303.7,0,778542.4,1
45,35,687269.2,0,794506.7,0,816564,0
45,37,1020700.8,0,1012241.6,0,905521.2,0
45,38,177960.9,1,274475.6,1,212285.9,1
45,39,339743.6,1,431318.8,1,141524,1
45,40,1076619.8,0,786485.9,0,755113.3,0
45,41,2571026.2,0,2333951.4,0,2175998.8,0
45,42,2785044.8,0,2696153.9,0,2734774.9,0
45,43,2452837.9,0,2777679.5,0,2993467.7,0
45,44,483502.1,1,734228.8,0,727180.6,0
46,3,45871.4,1,33507.7,1,73114.8,1
46,13,261767.7,1,110173.1,1,182467.6,1
46,14,2052178.3,0,2579589.1,0,2280935.8,0
46,15,5759081,0,6201100,0,5775338.7,0
46,16,2882887.6,0,3022873.7,0,3336475.8,0
46,17,2200363.8,0,2239862.3,0,2025446.1,0
46,18,1748402.8,0,1463647.5,0,1444423.1,0
46,19,2510689,0,2499678.5,0,2438942.1,0
46,20,4561188.2,0,5207769.6,0,5538276.7,0
46,21,300499.6,1,345948,1,288116.5,1
46,22,38774.1,1,37399.8,1,39740.2,1
46,23,484676.7,1,598396.6,1,685518.5,1
46,24,0,0,37399.8,1,39740.2,1
46,25,1016842.4,0,862398.4,0,1039302.9,0
46,26,2619344.7,0,2434276,0,2506328.1,0
46,27,1825755.5,0,2073702.8,0,2522012.4,0
46,28,1275796.7,0,1251275.3,0,1137471.9,0
46,29,553007.6,1,494999.3,1,501685.6,1
46,30,886245,0,737779.9,0,890372.8,0
46,31,1253589.4,0,1409461,0,1672989.4,0
46,32,2097678.4,0,2306917,0,2118273.5,0
46,33,5812157,0,6039930.4,0,6551800.2,0
46,34,1747445,0,2388134.1,0,2212476.6,0
46,35,1051757.5,0,1068527.2,0,1296117.9,0
46,36,48534.8,1,58816.2,1,141524,1
46,37,48534.8,1,137237.8,1,17690.5,1
46,38,500079.4,0,764896.7,0,980670.3,0
46,39,0,0,0,0,247666.9,1
46,41,110514.8,1,156018,1,156341.1,1
46,42,96700.4,1,99284.2,1,147655.5,1
46,43,1194686.7,0,1292872.1,0,1234989,0
46,44,1297859.3,0,1185008.9,0,1370224,0
47,3,0,0,0,0,54836.1,1
47,13,203597.1,1,188868.2,1,265407.4,1
47,14,3271781.3,0,3532507.5,0,3577531.5,0
47,15,3522438.9,0,4147180.1,0,3924286,0
47,16,3488140.3,0,3570092,0,3707196.8,0
47,17,2230827.7,0,2093229,0,2483567.9,0
47,18,1889717.2,0,1702263.4,0,1806782.4,0
47,19,2852696.3,0,2978300.5,0,3183099.4,0
47,20,2954836.4,0,3153333.5,0,2743257.9,0
47,21,2093590.5,0,2307747,0,2467441.7,0
47,22,271419,1,224398.7,1,198701,1
47,24,77548.3,1,74799.6,1,79480.4,1
47,25,743207.2,0,706177.4,0,801066.1,0
47,26,2880897.7,0,3416728.9,0,3785828.5,0
47,27,2642092,0,2363915.1,0,2149801.6,0
47,28,2040534.6,0,1930800.5,0,2252928.2,0
47,29,1607375.7,0,1608391.4,0,1623406.6,0
47,30,1558316.3,0,1668083.7,0,1675955.1,0
47,31,142211.9,1,141365.7,1,117961,1
47,32,5616252.6,0,6766415.3,0,6411328.7,0
47,33,3305753.5,0,4390932.5,0,4269402.8,0
47,34,3022219.1,0,3450437.1,0,4044485.2,0
47,35,796386.4,1,819920.8,1,613397.1,1
47,36,913788,0,1169793.2,0,1118989.9,0
47,38,0,0,39210.8,1,0,0
47,39,64713.1,1,78421.6,1,0,0
47,44,13814.3,1,14183.5,1,17371.2,1
48,4,107033.3,1,33507.7,1,73114.8,1
48,5,0,0,0,0,18278.7,1
48,8,0,0,0,0,91073.8,1
48,12,261767.7,1,393475.3,1,514226.8,1
48,13,711444,0,746341.6,0,781089.8,0
48,14,680473.6,0,1204553.3,0,934837.3,0
48,15,682147,0,995598.1,0,834672.5,0
48,16,268401,1,300005.3,1,178848.9,1
48,18,141263.7,1,180003.2,1,130071.9,1
48,19,2854096,0,3209438.6,0,3451941.2,0
48,20,614453.4,0,540892.1,0,958947.6,0
48,21,495577.5,0,559173.8,0,565555.4,0
48,22,96935.3,1,112199.4,1,119220.6,1
48,23,252031.9,1,317898.2,1,357661.8,1
48,24,348967.3,1,355298,1,477167,0
48,25,1239649.8,0,1313544.8,0,1184144.3,0
48,26,2629271.6,0,3226706,0,3180449.1,0
48,27,2369657.6,0,2658234.5,0,3444932.9,0
48,28,2794221.5,0,2774780,0,3165473.4,0
48,29,2091319.8,0,2079627.9,0,2440659.8,0
48,30,2492184.7,0,3393079.5,0,3240308.8,0
48,31,1530387.4,0,1671213,0,1333671.4,0
48,32,2405943.3,0,2603981.9,0,2981632.9,0
48,33,1567714.4,0,1624532.5,0,1599681.9,0
48,34,3338764.5,0,3163014.6,0,3145838.5,0
48,35,3382021.2,0,3151370.9,0,3152469.2,0
48,36,2808002.6,0,3313310.9,0,3371353.8,0
48,37,1673196.8,0,2036529.4,0,1858009,0
48,38,848401.7,0,842392.9,0,729848.3,0
49,1,241870.9,1,245938.4,1,259748.7,1
49,2,1130308.2,0,1146404.3,0,1236011.1,0
49,3,18605.5,1,18918.3,1,19980.7,1
49,4,186054.6,1,264856.8,1,259748.7,1
49,5,18605.5,1,18918.3,1,0,0
49,18,132416.6,1,146903.5,1,139929.3,1
49,19,966570.3,0,972529.2,0,1078769.9,0
49,20,378333.2,1,461696.8,1,326501.7,1
49,21,706869.1,0,875683.6,0,1253277.7,0
49,22,0,0,0,0,63712.7,1
49,24,147342.5,1,417364,1,445989.1,1
49,25,560772.5,0,756481.7,0,546934.8,0
49,26,2218847,0,2333917.2,0,2372485,0
49,27,2352034.1,0,2290574.5,0,2929279,0
49,28,2432526.2,0,3111919,0,2683846.6,0
49,29,1246910.4,0,1478644.4,0,1196971.8,0
49,30,1537775,0,2298337.6,0,2353603.2,0
49,31,2312717.8,0,2202598.6,0,2629763.9,0
49,32,1811703.6,0,1994802.8,0,1978745.9,0
49,33,829921.5,0,959690.7,0,1190404,0
49,34,909671.5,0,946662.4,0,1192084.1,0
49,35,807233.1,0,1022712.3,0,918559.4,0
49,37,203872,1,147711,1,83905.4,1
49,38,163097.6,1,65649.4,1,146834.4,1
49,39,61161.6,1,65649.4,1,146834.4,1
49,42,20387.2,1,0,0,0,0
50,0,178882.4,1,209000.7,1,275766.2,1
50,2,2320189.8,0,2233012.1,0,2275445.8,0
50,7,212020.5,1,326231.9,1,155199.6,1
50,15,212020.5,1,253735.9,1,344887.9,1
50,16,170249.9,1,146903.5,1,46643.1,1
50,17,264833.3,1,398738.1,1,349823.3,1
50,18,321583.2,1,356765.7,1,489752.6,1
50,19,378333.2,1,482683,1,699646.5,1
50,20,1337426.7,0,1655260.2,0,1035371.1,0
50,21,1608154.1,0,1533279.2,0,1712725.1,0
50,22,2927459.3,0,3093747.7,0,3082463.6,0
50,24,21048.9,1,74529.3,1,15928.2,1
50,25,252587.1,1,74529.3,1,159281.8,1
50,26,1363315.4,0,3640686.5,0,3855211.9,0
50,27,2192030.4,0,2629730.5,0,3012593.1,0
50,28,2311997.7,0,2297023,0,2167884.6,0
50,29,2806017.9,0,2872724.4,0,3331869.1,0
50,30,500555.7,1,404538.3,1,540263,1
50,31,330535.3,1,512554.8,0,625560.2,0
50,32,1136301.6,0,1102793.6,0,1311045.4,0
50,33,2325221.2,0,2459406.9,0,2448970,0
50,34,552330.1,0,781587.2,0,796592,0
50,35,382725.1,1,421545.7,1,477419.3,1
50,37,61161.6,1,32824.7,1,41952.7,1
50,38,40774.4,1,16412.3,1,20976.3,1
51,0,0,0,0,0,34470.8,1
51,1,297687.3,1,359448.4,1,259748.7,1
51,2,541398.9,0,996050.2,0,934163.7,0
51,7,32618.5,1,36248,1,34488.8,1
51,12,0,0,72496,1,0,0
51,13,81546.4,1,90620,1,86222,1
51,14,81546.4,1,126868,1,34488.8,1
51,15,212020.5,1,326231.9,1,172444,1
51,16,614423.8,0,613314.3,0,666481.1,0
51,17,662083.1,1,650572.8,1,400141.9,0
51,18,245916.6,1,167889.7,1,139929.3,1
51,19,283749.9,1,167889.7,1,233215.5,1
51,20,2791285.3,0,2663780,0,2837031.2,0
51,21,2259013.2,0,2338197,0,2442101.4,0
51,22,1462606.6,0,1533573.4,0,1685599.8,0
51,25,105244.6,1,74529.3,1,79640.9,1
51,26,561825.9,0,538763.1,0,769465.6,1
51,27,2055117.9,0,2127393.6,0,1901646.2,0
51,28,2400852,0,2652004.6,0,2974376.2,0
51,29,1087262.8,0,1210724.2,0,1308119.2,0
51,30,2180225.7,0,2469569,0,2539855.2,0
51,31,121776.2,1,114967,1,110173.7,1
51,32,2236897.7,0,2525164.2,0,2600847.1,0
51,33,2339848,0,2336115.8,0,2091776.5,0
51,34,1133467,0,1659356.6,0,1954762.3,0
51,35,1390057.5,0,1481984.2,0,1541113.1,0
51,37,40774.4,1,49237,1,83905.4,1
52,0,330244.4,1,418001.3,1,430884.6,1
52,1,502347.3,1,416203.5,1,559458.7,1
52,2,74421.8,1,56755,1,79922.7,1
52,13,114164.9,1,90620,1,86222,1
52,14,32618.5,1,108744,1,86222,1
52,15,0,0,0,0,17244.4,1
52,16,0,0,20986.2,1,93286.2,1
52,19,662083.1,1,629586.5,1,606360.3,1
52,20,1591687.1,0,1423140.3,0,1500830.9,0
52,21,2964372.4,0,3820625.5,0,3546203.3,0
52,22,1233857.5,0,1171025.8,0,1111110,0
52,25,0,0,14905.9,1,0,0
52,26,565143.6,1,482815.1,0,427092.8,0
52,27,3463185,0,3441883.7,0,3363031.6,0
52,28,3044318,0,3060947.2,0,3019247.4,0
52,29,48440.9,1,43343.4,1,0,0
52,30,367646.2,0,592359.7,1,561816.8,0
52,31,1121017,0,1255684.8,0,1426750.6,0
52,32,3067567.4,0,3362868.1,0,3037380.4,0
52,33,3030502.6,0,2846382.2,0,2900920,0
52,34,1579264.3,0,1536670.2,0,1643441.5,0
52,35,873641.2,0,774514.1,0,747418,0
52,37,163097.6,1,114886.4,1,146834.4,1
53,0,1421051.2,0,998445.9,0,1361912.7,0
53,1,568022,0,468762,0,572002.6,0
53,12,97855.6,1,0,0,86222,1
53,17,245916.6,1,388245,1,384805.6,1
53,18,75666.6,1,83944.9,1,116607.8,1
53,19,264833.3,1,251834.6,1,279858.6,1
53,20,2351832.5,0,2556326.8,0,2684022.9,0
53,21,1553046.7,0,1798098.6,0,1566454.1,0
53,22,1017034.6,0,1144445.7,0,965473,0
53,23,42097.9,1,29811.7,1,31856.4,1
53,25,105244.6,1,178870.3,1,238922.8,1
53,26,703978.5,0,790997.7,0,826096.4,0
53,27,2167113.4,0,2079229.9,0,2326518.1,0
53,28,1085068.6,0,1085934.9,0,1188191.6,0
53,29,129175.7,1,101134.6,1,98229.6,1
53,31,1055816.4,0,997261.9,0,1421009.5,0
53,32,749175,0,643771.1,0,824914.7,0
53,33,2634058,0,3449823.7,0,3681480.1,0
53,34,86983,1,153289.3,1,146898.2,1
53,35,755963.2,0,692505.2,0,665333.5,0
53,36,1541032.3,0,1338817.5,0,1369049.2,0
53,37,2186205,0,2377023,0,2345634.8,0
53,38,244646.5,1,229772.7,1,377574.3,1
54,0,287289.9,1,239463.7,1,205508.2,1
54,5,92434.6,1,64963.4,1,58026,1
54,14,37483.6,1,36953.8,1,30545,1
54,16,40635.4,1,126847.2,1,125126.4,1
54,18,932556.7,0,1045758.6,0,1215344.1,0
54,19,467306.6,1,591953.8,1,375379.3,1
54,20,1091092.4,0,1017807,0,1262359.6,0
54,21,1268285,0,1445240.7,0,1151848.3,0
54,22,1015701.5,0,787610,0,658822.5,0
54,23,1593258.2,0,1799530.3,0,2203063.1,0
54,24,1268461.6,0,1558487.3,0,1737959.2,0
54,25,269706.3,1,228189.1,1,245959.6,1
54,26,1815932.4,0,1739524.4,0,1918277.8,0
54,27,2066877.4,0,2367061,0,2388355.7,0
54,28,1461252.9,0,1337331.1,0,1039988.5,0
54,29,1058229.9,0,1463719.7,0,1389731.8,0
54,30,342789.7,1,427873.6,1,654155.2,1
54,32,1537566.7,0,1595497.8,0,1786085.4,0
54,33,1621215.7,0,1618904.1,0,1833379.7,0
54,34,2715829.1,0,2654080.1,0,2701316.4,0
54,35,3944835.3,0,4106891.5,0,4380125.6,0
54,36,2927673,0,2665502.9,0,2803996.5,0
54,37,478125.1,1,473402.9,1,524337,1
55,0,354887.5,1,307881.9,1,284549.9,1
55,5,439064.1,1,476398.6,1,406182.2,1
55,16,345400.5,1,359400.5,1,312816.1,1
55,17,1703344.3,0,2003913.4,0,2160338.7,0
55,18,696132.3,0,793931.4,0,863432.1,0
55,19,0,0,0,0,229398.4,1
55,20,81270.7,1,169129.7,1,62563.2,1
55,21,47595.2,1,30425.2,1,163973.1,1
55,22,237976.2,1,258614.3,1,229562.3,1
55,23,1136151.2,0,1348578.2,0,1429720.3,0
55,24,190380.9,1,182551.3,1,311548.8,1
55,25,364896.8,1,380315.2,1,418131.3,1
55,26,457973.5,0,471355.1,0,443137.4,1
55,27,685579.3,1,663204.1,1,569748.1,1
55,28,817709,0,787049.5,0,601855.5,0
55,29,654042.2,0,569693.9,0,662936.2,0
55,30,2672914.1,0,3164855.2,0,3217492.1,0
55,31,671668.9,1,471690.3,0,390600.8,0
55,32,177422,1,174289.6,1,175636.6,1
55,33,913104.2,0,885298.5,0,2881324.3,0
55,34,1267265.9,0,1275542.4,0,1186466.3,0
55,35,0,0,0,0,29272.8,1
55,36,1027969,1,1046469.5,1,1205975.1,1
56,1,714772.4,0,641685.4,0,222433.1,1
56,2,2410985.7,0,2982737.5,0,3196953.4,0
56,3,1820382,0,1787729.1,0,1680359,0
56,4,2987217.6,0,751175.8,0,2535475.1,0
56,5,2787766.1,0,4560597.8,0,2710019.8,0
56,6,2824641.5,0,4127267,0,5158420.2,0
56,7,972949.4,0,1216229.3,0,1017001.9,0
56,8,603810.2,1,519220.1,0,679782.2,0
56,14,0,0,0,0,106907.5,1
56,15,93709.1,1,92384.5,1,0,0
56,16,345400.5,1,295976.9,1,271107.3,1
56,18,101588.4,1,190270.9,1,145980.8,1
56,19,60953,1,0,0,41708.8,1
56,20,20317.7,1,21141.2,1,291961.7,1
56,21,253841.3,1,243401.7,1,32794.6,1
56,22,0,0,0,0,32794.6,1
56,24,31730.2,1,30425.2,1,0,0
56,25,0,0,0,0,32794.6,1
56,26,192819.2,1,278117.8,1,274323.2,1
56,27,214243.5,1,149755.8,1,211017.8,1
56,29,1095735.7,0,985369.4,0,848502.2,0
56,30,2967758.6,0,3118066.3,0,3097991.4,0
56,31,727674.2,0,1147602.6,0,1932018.1,0
56,32,1551727.2,0,1541484,0,1726891.9,0
56,33,947520.5,0,1104568,0,1075264.4,0
56,34,329497.9,1,510419.5,1,497637,1
57,1,623933.2,1,779561.4,1,386840.2,1
57,2,2788581,0,2361032.4,0,2592068.3,0
57,3,4417354.3,0,4624106.8,0,4762456.7,0
57,4,2280519.4,0,2325775,0,2335968.3,0
57,5,3134756.8,0,4277904.1,0,3746498.1,0
57,6,4836659.4,0,4320727.5,0,4293118.7,0
57,7,905167.5,0,935161.4,0,1163665.6,0
57,8,640404.8,1,630732.4,1,574708.6,1
57,14,93709.1,1,92384.5,1,30545,1
57,15,0,0,0,0,15272.5,1
57,16,0,0,0,0,41708.8,1
57,17,40635.4,1,42282.4,1,41708.8,1
57,18,60953,1,63423.6,1,62563.2,1
57,22,63460.3,1,60850.4,1,32794.6,1
57,26,107121.8,1,171149.4,1,147712.5,1
57,27,85697.4,1,21393.7,1,21101.8,1
57,28,149970.5,1,192543.1,1,126610.7,1
57,29,1345924.1,0,1969625.6,0,2120406,0
57,30,396350.5,1,481357.8,1,474790.1,1
57,31,1654192.1,0,1854379.5,0,1830138,0
57,32,2496841.8,0,2719517.4,0,2905846.1,0
57,33,3586056.6,0,3540217,0,3132814.6,0
57,34,697014.9,1,746955.4,1,790364.7,1
58,0,3886389.9,0,3398156.5,0,3228305.1,0
58,1,1497851.3,0,1228518.5,0,1266843.1,0
58,2,3785372.8,0,3601283.9,0,3704628,0
58,3,3760130,0,3505604.5,0,3529346,0
58,4,4137035.2,0,4191355.2,0,4211754,0
58,5,3041152.1,0,2928805.6,0,2783395.2,0
58,6,1449819,0,1409569.7,0,1309478,0
58,7,274459.2,1,483561.5,1,510852.1,1
58,14,1049541.6,1,942322.4,1,671990.2,1
58,15,1775060.9,0,1875297.7,0,1776657.7,0
58,16,2944557.5,0,2857529.3,0,3391134.5,0
58,17,629848,1,634236.2,1,563068.9,1
58,27,192819.2,1,256724.2,1,168814.3,1
58,29,257092.2,1,278117.8,1,274323.2,1
58,31,2527366.6,0,2855401.2,0,2707210.7,0
58,32,2017050.9,0,2162741.3,0,2199096.9,0
58,33,253459.9,1,174289.6,1,234182.1,1
59,0,2144739.8,0,2006497.1,0,2621782.1,0
59,1,915114.2,0,860831.8,0,1098903.8,0
59,2,1058401.4,1,913241,1,903837.8,1
59,3,1592101.3,0,1923406.3,0,2499683.1,0
59,4,662464.9,0,2769460,0,2784070,0
59,5,3840322.6,0,3796194.6,0,3393590.7,0
59,6,3146329,0,3106713.3,0,3067335.6,1
59,7,1476785.2,1,2061122.4,1,2548434.8,0
59,8,36463.8,1,40414.2,1,44942.6,1
59,14,660871,0,745248.6,0,747640.7,0
59,15,1988930.3,0,2427865.6,0,2301467.3,0
59,16,2617487.1,0,3111732.9,0,3482976.1,0
59,17,484368.2,1,562607.6,1,448276.5,0
59,28,621717.8,0,526232.8,1,426295.7,1
59,29,2749704.1,0,3089554.2,0,3365667.1,0
59,30,2917112.4,0,3198657.4,0,3130317.7,0
59,31,1682423.1,0,1493427.4,0,1635233.6,0
59,32,974115.9,0,1154581,0,1015202.4,1
60,0,4575049.2,0,4153329.2,0,4186881.3,0
60,1,2104839.7,0,2265267.9,0,2326494.3,0
60,2,490478.7,1,394915,1,367184.1,1
60,3,154888,1,123410.9,1,141224.7,1
60,4,25814.7,1,271504.1,1,0,0
60,6,328174.5,1,606212.5,1,404483.8,1
60,8,36463.8,1,40414.2,1,44942.6,1
60,15,1233671.2,0,1314622.1,0,1382585.8,0
60,16,2756395.7,0,3146597.8,0,3246144.4,0
60,17,1038692.6,0,1059775.8,0,965648.9,0
60,21,0,0,66853,1,67029.5,1
60,24,421253.7,0,371295.9,0,362371.2,0
60,25,685727.4,0,691374.6,0,790268.4,0
60,26,75897,1,145167.7,1,135639.5,1
60,27,753743.5,0,724416.3,0,689684.6,0
60,28,2788299.1,0,3009789.4,0,3107892.2,0
60,29,2044630.4,0,2344372,0,2581941.1,0
60,30,1740230.1,0,1728435.2,0,2381408.9,0
60,31,0,0,0,0,41864,1
61,0,3125442.1,0,3114797.9,0,2761804,0
61,1,2493181.7,0,2568655.5,0,2658026.8,0
61,2,1964615.5,0,2047207.9,0,2000083.3,0
61,3,0,0,0,0,56489.9,1
61,8,18231.9,1,0,0,0,0
61,15,272210.2,1,269065.6,1,348697.5,1
61,16,1885768.1,0,2235995.8,0,2324410.4,0
61,17,1303647,0,1370028.1,0,1375664.7,0
61,18,2248007.5,0,2376554.2,0,2730575.3,0
61,19,639366,1,622335.1,0,567823.2,1
61,21,348910.8,1,334264.9,1,89372.7,1
61,22,609908.6,0,640891.7,0,529159.5,0
61,23,1080815.3,0,1315431.2,0,1479214.9,0
61,24,2211971.6,0,2058586.7,0,2093116.6,0
61,25,4628316,0,4651301.1,0,5227135.6,0
61,26,426920.8,1,895092.9,0,927329.3,0
61,27,322562.4,1,453649,1,484426.9,1
61,28,1225287.7,0,1535522.5,0,1665287.5,0
61,29,892681.1,0,1000780,0,1052887.4,0
62,0,2931019.1,0,2695599.3,0,2640113.8,0
62,1,3201766.9,0,2947957.8,0,1756168.1,0
62,2,5536784.7,0,5229639.4,0,3891366.7,0
62,3,25814.7,1,24682.2,1,28244.9,1
62,7,0,0,0,0,22471.3,1
62,15,622194.8,1,682273.5,1,552104.4,1
62,16,2813626.7,0,2912660.7,0,2797881.6,0
62,17,3068273.5,0,3550041.4,0,3518881.2,0
62,18,1751343.8,0,1832074.3,0,1958822.1,0
62,19,1956379.9,0,1742694.8,0,1731175.8,0
62,20,77498.9,1,90017.2,1,92705.8,1
62,21,431007.4,1,423402.2,1,647951.8,1
62,22,287338.3,1,334264.9,1,268118,1
62,23,2774068.1,0,2892335.5,0,2918124.8,0
62,24,1866599,0,1857927.5,0,1783684.8,0
62,25,636249,1,992806.4,0,1036576.6,0
62,26,37948.5,1,0,0,0,0
62,27,132819.8,1,199605.5,1,213147.8,1
63,0,3046950.2,0,3020765,0,2931207.8,0
63,1,2954585.2,0,3012919.2,0,2652888.2,0
63,2,9186047,0,9173619.4,0,11017646.7,0
63,3,1080683.5,0,1251651.3,0,1088346.5,0
63,16,629678.6,1,798902.7,1,753234.8,1
63,17,2849874.6,0,3112901.1,0,3021008.9,0
63,18,3068226.3,0,2912432.5,0,2672554.7,0
63,19,1445923.9,0,1552996.1,0,2150483.4,0
63,20,542492.3,1,714742.9,0,672188.8,0
63,21,513104.1,1,474437.2,0,502721.2,1
63,22,123145,1,155990.3,1,156402.1,1
63,23,1073818,0,1119489.5,0,1304976.8,0
63,24,335817,0,449190.3,0,504181.2,0
64,0,2265404.6,0,1474281,0,1572226.8,0
64,1,4654045.8,0,5578021.5,0,4748510.5,0
64,2,1379960.9,0,1531738.5,0,1486192.7,0
64,3,545937.2,0,682492.1,0,576850.5,0
64,4,44128.3,1,45467.7,1,181313.9,1
64,5,66192.5,1,68201.5,1,0,0
64,16,1164707,0,1018902.8,0,1186944.1,0
64,17,2194212.3,0,2443427.2,0,2278322.1,0
64,18,2005695.3,0,2138875.4,0,2564774.5,0
64,19,1198729.9,0,1420500,0,2045446.2,0
64,20,1028461.9,0,1045137.7,0,1243655.8,0
64,21,194559.2,1,267593.9,1,258754.6,1
64,22,590162.9,1,735883.1,1,753940.4,0
64,23,116735.5,1,107037.5,1,207003.6,1
65,0,1573500.9,0,1640305.8,0,1975017.7,0
65,1,2223676.8,0,2469401.5,0,2754851,0
65,2,4533283.5,0,4357630.9,0,4674880.7,0
65,3,22064.2,1,22733.8,1,77706,1
65,4,220641.5,1,181870.7,1,181313.9,1
65,11,75543.6,1,0,0,0,0
65,16,1141375,0,1179142.9,0,1125735.3,0
65,17,1581196.3,0,1705187.5,0,1724667.2,0
65,18,1738162.1,0,2057506.6,0,2220828.8,0
65,19,1066042.9,1,1140790.8,1,965732.7,1
65,22,0,0,0,0,12937.7,1
66,0,2325646,0,1937635.3,0,1815114.3,0
66,1,3577808.4,0,3806452.6,0,4290387.5,0
66,2,1848738.3,0,2097833.7,0,1982233.5,0
66,17,0,0,150670.5,1,197536.2,1
66,18,2416809.9,0,2369309.4,0,2671460.3,0
66,19,449889.6,1,473535.8,1,329227.1,1
67,0,434375.9,1,362064.1,1,393074.7,1
67,1,2549188.1,0,2696970.7,0,2793579.2,0
67,2,2970572.8,0,3098931,0,2673131.3,0
67,3,1061153.2,0,1056624.3,0,1304927.5,0
68,1,742407,0,609371.3,0,569843.8,1
68,2,794309.4,1,841152.1,1,848941.5,0
68,3,44128.3,1,45467.7,1,0,0