x,y,imputed,ind,ind_snv
20,0,1,2.5,87908
48,0,1,1,39063
49,0,1,2,78126.1
51,0,1,2,78126.1
19,1,1,6,210979.1
52,1,0,45,1867633.2
53,1,0,32,1362622.2
54,1,1,10,361887
55,1,1,5,180943.5
49,2,1,8,298156.8
53,2,1,15,542830.5
54,2,1,28,1013283.7
19,3,1,2,70326.4
20,3,1,25,879079.6
21,3,1,2,70326.4
53,3,1,1.5,54283.1
18,4,1,10,351631.8
19,4,0,49,1843094.6
20,4,0,27,969742.6
53,4,0,16,340703.2
54,4,1,4.5,162849.2
18,5,0,31,987451.9
19,5,0,52,1944752.3
20,5,1,25,879079.6
32,5,1,2,74539.2
35,5,1,22,819931.2
40,5,1,1,37269.6
41,5,1,1,37269.6
43,5,1,1,37269.6
6,6,1,4,131604.8
7,6,1,10,344294.6
12,6,1,8,303631.4
13,6,1,24,910894.1
14,6,1,21,797032.4
16,6,1,2,75907.8
17,6,0,53,2114797
18,6,0,51,1776796
19,6,0,45,1257161
21,6,1,3,98987.7
31,6,1,19,604883.1
32,6,1,12,416239.1
33,6,1,5,173433
34,6,1,3,104059.8
35,6,0,27,927595.8
43,6,1,1,33601.3
45,6,1,4,134405
46,6,0,38.5,1346722
47,6,1,20,729550.2
48,6,0,38,1544925.2
6,7,1,10,329012
7,7,0,48,1813651.6
8,7,1,25,860736.5
9,7,1,27,929595.4
10,7,0,41,1108732.8
11,7,0,38.5,1227231.2
12,7,0,35,1100787.3
13,7,0,24,863190
14,7,1,6,227723.5
17,7,0,67,2020022.6
18,7,0,60,2137426.6
19,7,1,19,626922
21,7,1,3,98987.7
26,7,1,4,127343.8
32,7,0,41,1262613
33,7,0,37,998307.9
34,7,0,43,1063948.7
35,7,0,50,1652239.8
36,7,1,16,554985.5
37,7,0,71,2875652.9
38,7,1,16,571026.9
45,7,0,38,1602211.7
46,7,0,41,1386482.8
47,7,0,37,1096416.7
48,7,0,78,2325443.7
49,7,0,32,1003355.2
5,8,1,11,361913.2
6,8,1,23,756727.7
7,8,0,44,1517689.9
8,8,0,32,1147017.7
9,8,1,25,860736.5
10,8,1,27,929595.4
11,8,1,15.5,533656.6
12,8,1,7,265677.5
13,8,0,38.5,1722738.9
14,8,1,30,1138617.7
15,8,1,3,113861.8
18,8,1,32,1055868.6
19,8,0,45,1640728.5
20,8,1,27,890889.2
21,8,0,46,1513136.8
22,8,0,29,1104142.8
26,8,1,2,63671.9
32,8,0,38,1372200.5
33,8,0,41,1315661.9
34,8,0,31,1057972.6
35,8,0,51.5,1307251.5
36,8,0,27,897478.8
37,8,0,96,3390298.6
38,8,1,34,1213432.1
45,8,1,1,33601.3
46,8,0,44,1698295.8
47,8,0,59,2111271.9
48,8,0,35,1021480.6
49,8,1,10,364775.1
50,8,1,2,72955
58,8,1,4,141070.1
61,8,1,7,246872.7
3,9,1,1,32901.2
5,9,1,2.5,82253
7,9,0,21,690899.9
8,9,0,34,1125221.4
9,9,1,3,103288.4
10,9,1,14,482012.4
11,9,1,33,1136172.1
12,9,1,19,721124.5
13,9,1,16,607262.8
14,9,1,2,75907.8
15,9,1,2,75907.8
18,9,1,4,131983.6
19,9,0,51,2107585.6
20,9,0,93,3299308.8
21,9,0,66,2128393.4
22,9,0,79,2612196.4
23,9,0,55,1843737.9
32,9,1,6,208119.5
33,9,1,3,104059.8
34,9,1,11,381552.5
35,9,0,47.5,1239800.1
36,9,0,34,1173972.1
37,9,0,52,1816585.7
38,9,1,14,499648.5
44,9,1,4,134405
46,9,1,4,134405
47,9,1,29,1057847.8
48,9,0,37,1148355.5
49,9,0,39,1585364.5
50,9,1,2,72955
60,9,1,14,493745.5
6,10,1,9,296110.8
7,10,0,33,1161540.9
8,10,0,34.5,1052238.3
13,10,1,18,683170.6
14,10,1,5,189769.6
15,10,1,2,75907.8
20,10,1,11,362954.8
21,10,1,8,263967.2
33,10,1,5,173433
37,10,1,12,428270.1
46,10,1,15,504018.8
47,10,1,4,145910
48,10,1,11.5,419491.4
49,10,0,39,1590123.7
50,10,1,19,693072.7
56,10,1,18,634815.6
57,10,0,40,1624724.3
59,10,1,2,70535.1
60,10,1,16,564280.5
61,10,1,28,987490.9
62,10,1,15.5,503321
68,10,1,3,97417
69,10,1,13,422140.2
7,11,1,7,243363.4
8,11,0,27,948103.8
9,11,1,3,104298.6
26,11,1,7,222851.7
46,11,1,16,619112.8
47,11,1,17,657807.3
53,11,0,34,1546669.1
54,11,0,57.5,2339313.4
55,11,0,33,1553307.2
56,11,0,48.5,1855165.7
57,11,1,12,476723.1
58,11,0,53,1627784.7
59,11,1,5,198634.6
60,11,0,64.5,2783834.2
61,11,0,99,4098964.3
62,11,0,94,3441261.7
63,11,1,13,541816.1
65,11,1,10,416781.6
68,11,1,23,792811.9
7,12,1,12,417194.4
8,12,1,11,382428.2
9,12,1,1,34766.2
46,12,1,19,735196.4
47,12,1,18,696501.9
54,12,1,16,650766.8
55,12,1,11,447402.2
56,12,0,37.5,1406411.3
57,12,0,48.5,1668655.9
58,12,0,105.5,2936648.1
59,12,0,29,925193.6
60,12,0,64,2923182
61,12,0,92,3895605.5
62,12,0,95,3309158.4
63,12,0,63,2568167.6
64,12,1,14,583494.2
65,12,0,56,2176034.3
66,12,0,37,1304635
67,12,1,22,758341.9
68,12,0,71,2318397
69,12,1,4,137880.3
70,12,1,8,275760.7
56,13,0,33,1256194
58,13,0,22,827440.6
59,13,0,84,2939448.1
60,13,0,48,1578581.2
61,13,1,6,238361.6
62,13,0,62,2493046.6
63,13,0,61.5,2406220.8
64,13,0,123.5,4417935.7
65,13,0,94,2149298.3
66,13,0,108,3311255.1
67,13,0,75,2110248.9
68,13,0,65,2773051.5
69,13,0,58.5,2396310.6
70,13,0,50,1567276.7
71,13,1,6,206820.5
19,14,1,19,791679.8
20,14,1,9,375006.2
21,14,1,8,333338.9
41,14,1,8,280355.5
42,14,1,3,116083.6
59,14,0,61,2116758.9
60,14,0,72,2879677.1
62,14,1,5,208390.8
63,14,0,66,2781747.3
64,14,0,110.5,4282452.9
65,14,0,105,2967400
66,14,0,25.5,729549.5
67,14,0,72,2784870.1
68,14,0,54,2117524.8
69,14,1,12,413641
70,14,1,3,103410.3
18,15,1,9,375006.2
19,15,0,48,1636812.1
20,15,0,57,1916874.2
21,15,1,20,833347.2
22,15,1,2,63671.9
34,15,1,8,280355.5
35,15,1,2.5,87611.1
37,15,1,10,350444.4
41,15,1,7,245311.1
42,15,1,6,232167.3
43,15,0,38,1184396.3
59,15,1,21,834265.4
60,15,0,43,1500175.3
61,15,1,3,119180.8
62,15,0,48,2106670.4
63,15,0,73,2512426.8
64,15,0,28,1200395.7
65,15,0,88.5,2718993.4
66,15,0,111,3666521.6
67,15,0,98,3650250.2
68,15,1,12,413641
69,15,1,4,137880.3
18,16,1,29,1051008.7
19,16,0,63,1938468.2
20,16,1,12,434900.1
33,16,1,12,461134.6
34,16,0,41,1658548.5
35,16,0,47,1842985.2
36,16,1,26.5,1018338.9
37,16,0,25,933032.9
39,16,1,5,184482.1
40,16,1,10.5,387412.4
41,16,0,26,979473.2
42,16,0,65,1822523.5
43,16,0,38.5,1202305.7
44,16,1,18,704398.7
59,16,1,2,71649.9
60,16,0,49,1860866.9
62,16,1,22,904305
63,16,0,43,1668706.6
64,16,1,30.5,1253695.6
65,16,0,115,4246369.3
66,16,0,62,2287297.6
67,16,0,102,1944017.8
68,16,0,23,796377.7
69,16,1,12,375827.3
71,16,1,1,31318.9
17,17,1,3,108725
18,17,0,54,1834508
19,17,1,24,869800.3
33,17,1,14,537990.3
34,17,0,64,2088273.9
35,17,0,64,2014051.8
36,17,0,60,2033410.2
37,17,0,34.5,1120382.4
38,17,1,22,811721.2
39,17,1,15.5,571894.5
40,17,0,34,1294473.9
41,17,0,58,1991235.3
42,17,0,63,2085751.7
43,17,0,51.5,1675017.3
44,17,0,43,1687716.5
45,17,1,15,586998.9
58,17,1,18,644849.2
59,17,0,33,1316776.8
60,17,0,46,1537677.8
63,17,1,4,164419.1
64,17,1,14,575466.8
65,17,0,50,1897543.4
66,17,0,114,3868553.8
69,17,1,5,156594.7
70,17,1,12,375827.3
18,18,0,28,1033067.7
34,18,1,15,576418.2
35,18,0,41,1762986.1
37,18,1,22,811721.2
38,18,0,39,1392680.5
39,18,1,17,627239.1
40,18,0,45,1737725.9
41,18,0,83.5,2924531
42,18,0,41,1574015.2
43,18,0,32,948642.6
44,18,0,69.5,2760149.5
45,18,0,28,835230.7
58,18,1,21,752324.1
59,18,0,55,2156295.3
60,18,0,60,2217871.3
61,18,1,3,107474.9
63,18,1,8,328838.2
64,18,1,4,164419.1
65,18,1,19,780990.7
66,18,1,5,205523.9
70,18,1,4,125275.8
72,18,0,44,1530428.5
73,18,1,3,111340.2
76,18,1,16,593814.3
77,18,1,4,82974.4
39,19,0,26,736319
40,19,1,18,664135.5
41,19,0,49.5,1668231.4
42,19,1,21,821798.5
43,19,1,10,391332.6
44,19,1,17,665265.4
45,19,1,2,78266.5
57,19,1,4,143299.8
58,19,0,36,1188189.6
59,19,0,41.5,1789691
60,19,0,103,3711418.7
61,19,0,73,2615529
62,19,1,22.5,924857.4
63,19,0,32,1246352.7
64,19,1,8,328838.2
72,19,1,6,222680.4
73,19,0,32.5,968379.7
74,19,0,38,1105764.2
75,19,1,36,1336082.2
76,19,0,98,3650523
77,19,0,80,2520174.9
41,20,1,7,258274.9
42,20,1,15,586998.9
59,20,1,5,179124.8
60,20,0,41,1450779
61,20,0,64,2364462.1
62,20,0,76,3139632.5
63,20,0,106.5,4199213.9
64,20,0,65,2195568.9
65,20,1,8,328838.2
74,20,0,117,3485099.5
75,20,0,340.5,9214924.2
76,20,0,73,1963350.7
77,20,1,15,311153.8
78,20,0,124.5,2662375
79,20,1,47,974948.7
0,21,1,3,90956.6
41,21,1,10,384278.8
42,21,1,14,547865.7
59,21,1,17,578274.4
60,21,0,65,2730171.8
61,21,0,67,2390176.2
62,21,0,72,2306007.8
63,21,0,114,3852694.3
64,21,0,93,2906148.2
65,21,0,91.5,2506655.5
66,21,0,36,1278744.3
67,21,1,17,570144.9
72,21,1,20,602069.6
74,21,0,79.5,2546844.3
75,21,0,207.5,5356505.6
76,21,0,189,3647315.3
83,21,1,20.5,620349.7
0,22,1,4,121275.5
1,22,1,2,60637.8
24,22,0,32,1307594.2
25,22,0,38,1648501.8
26,22,1,15,511425.9
41,22,1,2,76855.8
53,22,1,1,34016.1
59,22,1,4,136064.6
60,22,0,35,1774703.4
61,22,0,90,3579831.1
62,22,0,87.5,2826278.5
63,22,0,150.5,4896200
64,22,0,151,5009651.9
65,22,0,86,2701636
66,22,0,43,1876624.3
67,22,0,69.5,1961014.8
68,22,1,28,939062.2
69,22,1,6,201227.6
70,22,1,3,100613.8
71,22,0,26,807433.7
72,22,0,124,3725475.1
73,22,0,80.5,2759792.7
74,22,0,348.5,6307233.5
75,22,0,169.5,4155290.3
76,22,0,56,1521980.1
79,22,1,4,136452.9
80,22,0,148.5,2246710
81,22,0,43,1157339.2
82,22,0,385,10856179.2
83,22,0,332.5,6971211.7
84,22,1,6,181565.8
1,23,1,2,60637.8
23,23,1,5,170475.3
24,23,0,28,1002606.9
25,23,0,52,1707538.5
26,23,0,73,2199635.7
27,23,0,29,1243152.9
61,23,0,60.5,2163630.7
62,23,0,120,4248096.3
63,23,0,69.5,2999406.6
64,23,0,59,2124201.2
65,23,1,19,696385.2
66,23,0,43,1459627.1
67,23,0,22,668620.9
68,23,1,11.5,385686.3
69,23,1,11,368917.3
70,23,1,7,234765.5
72,23,0,29,723165.4
73,23,0,180,4881085.4
74,23,0,350,6094629
75,23,0,317.5,5553556
76,23,0,295,6092287.7
77,23,0,125,2248422.6
78,23,0,166,4342601.8
79,23,0,127,3754890.6
80,23,0,99,3662557
81,23,0,94,3279702.7
82,23,0,124,3740985.3
83,23,0,260,5140273.8
84,23,1,2,60521.9
24,24,1,9,306855.5
25,24,0,64,2595690.4
26,24,0,60.5,2055449.2
27,24,0,43,1503596.8
28,24,1,11,426951.2
29,24,1,3,116441.2
61,24,1,16.5,561266.3
62,24,0,51,1793265.3
63,24,1,8,293214.8
73,24,0,29,1052393.8
74,24,1,13,391345.2
75,24,1,5,150517.4
76,24,0,141,2949188.5
77,24,0,508,11140796.6
78,24,0,144,4739358.5
79,24,0,99.5,3275343.4
80,24,0,61,1253999.8
81,24,0,53,1492621.4
82,24,0,168,5542756.9
83,24,0,431.5,7890599.1
84,24,0,147,3263742.6
26,25,1,19,647806.1
27,25,1,22.5,873309.4
28,25,0,66,2183176.6
29,25,1,11,426951.2
30,25,1,5,194068.7
61,25,1,1,34016.1
62,25,1,5,183259.3
76,25,0,73.5,1852751.5
77,25,0,44,1020867.2
78,25,0,140,3899545.8
79,25,1,20,682264.5
80,25,0,197,6383558.6
81,25,0,195,5447113.2
82,25,0,209,6323549.8
83,25,0,208.5,4325642.9
87,25,1,6,181565.8
12,26,1,4,136375
27,26,1,7,238059.5
28,26,1,32,1088272.1
29,26,1,10.5,357089.3
32,26,1,10,313842.1
61,26,1,10,371615.8
62,26,1,4,136064.6
63,26,1,5,170080.7
76,26,1,1,30834.1
77,26,0,81,2717318.6
78,26,0,159.5,3760666.4
79,26,0,116,3438180
80,26,0,185,4548499.4
81,26,0,179,5863192
82,26,0,72,2423792.1
83,26,1,14,505221.3
84,26,1,4,144348.9
86,26,0,55,1649892.8
87,26,0,482.5,8703703.5
88,26,0,38.5,1424271.1
11,27,1,5,184969.1
12,27,1,10,340937.4
32,27,0,35,1446634.7
33,27,0,62.5,2568299.4
34,27,1,16,502147.4
35,27,1,1,31384.2
40,27,1,3,103109.1
41,27,1,2,68739.4
58,27,1,5,185807.9
64,27,1,4,136064.6
76,27,1,2,61668.3
77,27,0,124,3427688.1
78,27,0,304,6012934.7
79,27,0,633.5,17124242.7
80,27,0,181,5198192.8
81,27,0,266.5,6829913.2
82,27,0,270.5,6785985.8
83,27,0,38,1272906.2
84,27,0,131,1576886.5
86,27,0,99,1466024.6
87,27,0,487,10324942.3
88,27,1,38.5,1230091.9
10,28,1,12,443925.9
11,28,0,37,1275993.7
12,28,0,38,1548532.5
13,28,1,7,238656.2
14,28,1,29,988718.6
33,28,1,2,62768.4
34,28,0,39,1418970.3
35,28,0,45.5,1081789.9
36,28,1,6,188305.3
76,28,1,3,92502.4
77,28,0,113.5,1813324
78,28,0,93,2753069.3
79,28,0,117,3435426.2
80,28,0,123.5,2456193.2
81,28,0,117,3171578.7
82,28,0,306,6508955.3
83,28,0,200,5230156.4
84,28,0,183,6279329.4
85,28,1,49,1768274.6
87,28,0,54,1865898.4
88,28,0,291.5,7622006.1
89,28,1,21,670959.2
10,29,1,23,850857.9
11,29,1,31,1146808.5
12,29,0,22,646322.3
13,29,1,25,852343.6
14,29,0,41,1434587.3
15,29,1,3,102281.2
34,29,1,4,125536.9
35,29,0,30,886600.8
36,29,0,63.5,1658457.7
37,29,0,91.5,3277627.9
38,29,1,20,687393.9
39,29,1,6,206218.2
43,29,1,3,120888.7
44,29,1,11,443258.7
45,29,1,6,241777.5
76,29,1,2,61668.3
77,29,0,479,7539229.4
78,29,0,418.5,8534352
79,29,0,114.5,3767448.8
81,29,1,12.5,468447.3
82,29,0,201,6334062
83,29,0,91.5,2981320.7
84,29,0,104,3594483.8
85,29,0,111,4529290.8
87,29,0,306,8933490.7
88,29,0,537,11752198.5
89,29,0,68,2379369.5
11,30,1,12,443925.9
12,30,1,11,375031.2
13,30,1,11,375031.2
14,30,1,5,170468.7
35,30,1,6,188305.3
36,30,0,57,1806640.4
37,30,0,34,1340329
38,30,0,67,2887200.4
39,30,1,21,721763.6
40,30,0,36,1575008.2
41,30,0,66,2340998.6
42,30,1,17,685036.2
43,30,0,25,1047338.9
44,30,0,65,2574245.6
45,30,1,10,402962.5
77,30,0,714,12968532.4
78,30,0,286,6372694.8
79,30,1,27,1011846.2
80,30,1,13,487185.2
81,30,1,7,262330.5
82,30,0,166.5,4969288.6
83,30,0,238,7414274.1
84,30,0,214,5201318
85,30,0,37.5,1141316.9
86,30,0,268,7342123.5
87,30,0,442,11456059.8
88,30,0,298.5,6258522
89,30,0,262.5,4983992.2
23,31,1,4,136034
36,31,1,1,39676.7
37,31,1,11,436443.6
38,31,1,3,119030.1
40,31,1,10,396766.9
41,31,1,54,2142541.3
42,31,0,72,2563531.6
43,31,0,52,1588344.9
44,31,0,55,1845288
45,31,1,11,394233.6
55,31,1,9,334454.2
56,31,1,1,37161.6
77,31,0,133,3161803.7
78,31,0,159,4840632.2
79,31,0,98,2915216.4
80,31,1,10,383532.2
82,31,1,15.5,533576
83,31,0,66.5,2665958.2
84,31,0,60,2099958
85,31,0,182,2787258.9
86,31,0,187,4376367.1
87,31,0,188,6255177.5
88,31,0,154,3747491.2
89,31,0,108,3504012.6
7,32,1,3,97875.2
42,32,0,42,1534637.9
43,32,0,36,974413.2
44,32,1,23,824306.5
45,32,0,24.5,819694.5
46,32,1,24,860145.9
47,32,1,20,721535
50,32,1,2,72153.5
55,32,1,13,483100.5
56,32,1,17,631746.8
57,32,0,49,1548256.4
58,32,0,48.5,1769502.7
76,32,0,144,3029968.2
77,32,0,350,6614894.2
78,32,0,122.5,3160911.7
79,32,0,339.5,6071347.3
80,32,0,59,1767831.5
82,32,0,23,707635.4
83,32,0,54,2216140
85,32,0,162.5,3872603.8
86,32,0,114.5,3792171.4
87,32,0,71,2454396.2
88,32,1,6,184133.5
89,32,1,16,491022.8
6,33,1,5,151594.4
7,33,0,31,980003.3
8,33,1,13,424125.8
42,33,1,16,573430.6
43,33,1,4,143357.7
49,33,0,24,672143.8
50,33,1,18,649381.5
55,33,1,2,74323.2
56,33,0,63,2049488.8
57,33,0,74,2464817.9
58,33,0,116,3602660.4
59,33,0,81.5,2785943.5
60,33,1,7,250464.5
75,33,0,417,5910141.7
76,33,1,30,925024
77,33,0,108,3103378.5
78,33,0,57.5,1886206.1
79,33,1,11,421885.5
80,33,1,2,76706.4
85,33,0,73,2328359.9
86,33,0,113,3998631.4
87,33,0,136,4570831.8
88,33,1,1,30688.9
6,34,1,4,121275.5
7,34,0,57,1662481.1
8,34,0,40,1383221.8
10,34,1,3,97875.2
40,34,1,2,79353.4
50,34,1,17.5,631343.1
51,34,0,33,1284711.2
52,34,1,17.5,650327.6
53,34,0,27,871408.6
54,34,1,19,706070
55,34,1,15,557423.7
56,34,0,55.5,1795035.5
57,34,1,49,1753251.2
58,34,0,52,1885236.3
59,34,0,66,2513300.6
60,34,0,80.5,2879684.4
75,34,0,36.5,940645.2
76,34,1,20,616682.7
77,34,1,5,191766.1
78,34,1,1,38353.2
84,34,1,28.5,981091.3
85,34,0,67.5,2422537.1
86,34,0,49,1736605.6
87,34,1,13,398956
5,35,1,4,121275.5
6,35,0,55,1462497.9
7,35,0,30,1112835.3
8,35,1,20,652501.3
9,35,1,14,456750.9
51,35,0,32,1481144.2
52,35,0,81,2942368.7
53,35,0,133,3620957.5
54,35,0,119,3354033.5
55,35,0,63.5,2036322.2
56,35,0,134,4155696.9
57,35,0,128,4904765
58,35,0,81,2430160
59,35,0,113,3406799.2
60,35,1,1,35780.6
61,35,1,5,178903.2
73,35,1,8,246673.1
74,35,1,1,30834.1
77,35,1,16,613651.6
78,35,0,83.5,2810144.7
79,35,1,13,498591.9
81,35,1,23,882124.1
82,35,1,10,344242.6
84,35,0,63,2315932.1
85,35,0,99,4118166.9
86,35,1,21.5,740121.5
89,35,1,4,122755.7
1,36,1,19,679931.8
2,36,1,29,1018416.6
3,36,1,12,421413.8
5,36,1,7,245824.7
6,36,1,17,597002.8
7,36,1,24,820208.4
8,36,0,33,1181694.1
9,36,0,45,1429346.5
10,36,1,23,786033.1
11,36,1,13,444279.6
12,36,1,16,567969.2
51,36,1,17,552970
52,36,0,115,4337565
53,36,0,105,3604058.4
54,36,0,115,3316359.5
55,36,0,79,2310095.6
56,36,0,108.5,3321324.7
57,36,0,84.5,3008995.7
58,36,0,78,2658398.2
59,36,1,18,577212.4
60,36,1,9,288606.2
78,36,1,13,461391.5
79,36,0,51,1450836.4
80,36,1,23,816308.1
81,36,0,86.5,3114341.2
82,36,1,4,134834.3
83,36,0,48,1829360.9
84,36,0,111,3900926.2
85,36,0,97,3991113.4
86,36,0,50,2442383
87,36,1,6,244933.4
1,37,1,27,966218.9
2,37,1,25,877945.4
3,37,1,5,175589.1
6,37,1,4,140471.3
7,37,1,14,478454.9
8,37,1,3,102526.1
9,37,1,12,410104.2
10,37,1,11,375928.9
11,37,1,20,683507
12,37,1,2,70996.2
24,37,1,4,135241
51,37,1,14,455387.1
52,37,0,61,2484991
53,37,0,104,3996377.6
54,37,0,94,3241340.8
55,37,0,131.5,3709409.8
56,37,0,84,2669527.3
57,37,0,91.5,3683136
58,37,0,116.5,4344680.4
59,37,1,23,737549.2
79,37,0,62,1708067.4
80,37,0,107,3172587.7
81,37,0,103,3099008.3
82,37,0,131,4134590.6
83,37,0,148.5,4328159.5
84,37,0,132,4434397.7
85,37,0,52,1699763.4
86,37,1,13,438211.4
1,38,1,18,644145.9
2,38,1,16,561885
3,38,1,7,245824.7
4,38,1,9,316060.3
6,38,1,4,140471.3
7,38,1,4,136701.4
23,38,1,11,371912.6
24,38,1,14,473343.4
25,38,1,3,101430.7
52,38,0,23,844348.5
53,38,0,43,1669327.8
54,38,0,58,2034503.3
55,38,0,32,1242391.9
56,38,0,229,4848933.6
57,38,0,116.5,4112564.5
58,38,0,75.5,2608014.7
67,38,1,4,120424.6
68,38,0,39,1513913.5
69,38,1,12,361273.9
71,38,0,19,459562
72,38,1,13,389274.7
73,38,1,21,628828.4
78,38,1,4,141966.6
79,38,0,71,2247780
80,38,0,124,4281698.8
81,38,0,160.5,4265114.4
82,38,0,188.5,5435583.5
83,38,0,95,3622338.6
84,38,0,79.5,2686230
85,38,1,3,101125.7
0,39,1,10,357858.8
1,39,0,44,1572978.4
2,39,0,44.5,1555401
3,39,0,32,1258519.1
4,39,1,16.5,579443.9
20,39,0,28,1016022.6
21,39,1,6,212988.5
22,39,0,32,986934.1
23,39,0,78,2468026.5
24,39,0,41,1447797.1
25,39,0,40,1385463
52,39,0,41,1633343.7
53,39,0,107,4088472.6
54,39,0,49,1653585.6
56,39,0,65.5,2065795.6
57,39,0,37,1223067.2
58,39,1,24,769616.5
66,39,1,10,332430.3
67,39,0,150.5,3874172.4
68,39,0,81.5,2767188.9
69,39,1,11,331167.7
70,39,0,134,4457798.5
71,39,0,109.5,3793323.9
72,39,0,87,2701691.3
73,39,1,8,239553.7
78,39,0,53,1615166
79,39,0,154,4616146
80,39,0,200.5,6576589.6
81,39,0,109,4478614.1
82,39,0,91.5,3090859.5
83,39,0,34.5,1079113.8
84,39,0,35,1351043.3
0,40,1,17,608360
1,40,1,18,644145.9
2,40,1,8,280942.5
20,40,0,44,1704270.8
21,40,1,14,496973.1
22,40,1,16,540963.8
23,40,1,28,946686.7
24,40,0,49,1198742.8
25,40,0,45,1606270.6
26,40,1,18,608584.3
27,40,1,12,472875.7
28,40,1,4,157625.2
52,40,1,26,881110.7
53,40,0,48,2010942.2
54,40,1,4,135555.5
56,40,1,8,271111
57,40,0,25,804952.9
58,40,0,58,2050795.5
67,40,0,115,3477975.1
68,40,0,51,1660056.2
69,40,0,82,2455071.3
70,40,0,114.5,3104968.2
71,40,0,125,3772121.2
72,40,0,84,2413955.9
73,40,1,3,89832.6
77,40,1,13.5,479137.4
78,40,0,132,5626236.2
79,40,0,196.5,5895329.4
80,40,0,137,4122327.1
81,40,0,77,3189024.9
82,40,0,40,1519739.9
83,40,0,78,2675679.6
84,40,1,10,337085.7
24,41,1,18,582397.2
25,41,0,50.5,1994931.1
26,41,0,64,1934007.2
27,41,0,33,1044926.7
28,41,1,11,433469.4
57,41,1,23,844893
58,41,1,39,1432644.6
66,41,1,3,99729.1
67,41,0,85.5,2921580
68,41,0,118,4306013.3
69,41,0,116,4623191.7
70,41,0,114.5,3440946.2
71,41,0,68.5,1681540.3
72,41,1,48,1907667.7
73,41,1,6,238458.5
78,41,1,23,775909.8
79,41,0,62,2699714.2
80,41,0,99,3847927.3
81,41,0,61,1941745
82,41,1,8,326577.9
83,41,1,23,938911.3
26,42,1,17,550041.8
27,42,1,24,945751.4
28,42,1,2,78812.6
31,42,1,2,78812.6
32,42,1,7,227693.5
66,42,0,79,2498431.9
67,42,0,109,4237408.9
68,42,0,182,5554147.3
69,42,0,113,3682372
70,42,0,55.5,1621002.1
71,42,1,9,288152.9
80,42,1,2,67470.4
81,42,1,23,775909.8
66,43,1,15,498645.5
67,43,0,116.5,3686960.5
68,43,0,156,5613190.7
69,43,0,120,3688957.5
70,43,1,7,224118.9
33,44,1,3,97582.9
67,44,1,24,768407.7
68,44,0,95.5,3596752.4
69,44,0,45,1392326.2
77,44,1,4,134940.8
5,45,1,5,170876.8
31,45,1,34.5,1359517.6
32,45,0,44,1700637.6
33,45,1,25,813191.2
68,45,0,33.5,1132666.6
69,45,0,58,1718753.8
7,46,1,3,81603.6
31,46,0,42,1728097.2
32,46,0,63,2047125
33,46,0,45,1460675.3
34,46,0,48,1598066.3
35,46,1,24,935811.5
36,46,1,20.5,799339
67,46,1,11,382097.1
68,46,0,64,1952138.2
69,46,1,19.5,677354
5,47,1,4,134707.4
6,47,1,7,235737.9
31,47,1,6.5,238282.6
32,47,0,31,1191413.4
33,47,0,51,1638056.3
34,47,1,13,506897.9
35,47,0,44,1517152.3
36,47,0,53,1965073
37,47,1,29,965463.8
67,47,1,28,972610.8
68,47,0,83.5,2600456.6
70,47,1,6.5,225784.7
5,48,0,42,1640770.3
6,48,1,28,942951.7
7,48,1,5,136005.9
28,48,1,14,513224
29,48,1,6,219953.2
36,48,1,2,77984.3
37,48,1,4,133167.4
39,48,1,3,99875.6
40,48,1,9,299626.7
41,48,1,7,233043
43,48,1,3,115501.2
66,48,1,30,943202.8
67,48,0,48,1075190.1
68,48,0,99,3733957.4
5,49,0,44,1230597.2
6,49,0,43,1498072.3
7,49,0,51,1654433
8,49,1,10,272011.8
27,49,1,14,513224
28,49,0,38,1282527.2
29,49,0,42,1249837.6
30,49,0,31,1124220.5
39,49,1,3,99875.6
40,49,0,51,2080943.3
41,49,0,43,1451100.2
42,49,1,10,385004.1
43,49,1,6,231002.5
49,49,1,2,72370
51,49,1,8,289479.9
66,49,1,50,1572004.7
67,49,0,123.5,3064871
68,49,1,4,138944.4
6,50,0,33,1100246.7
7,50,1,21.5,584825.5
27,50,1,14,513224
28,50,0,29.5,935837.9
29,50,0,46.5,1434794.3
30,50,0,45,1583069.8
31,50,1,11,403247.5
39,50,1,3,99875.6
40,50,0,42.5,1650384.9
41,50,0,56,1416719
42,50,0,66.5,2242278.8
43,50,1,20,770008.3
50,50,1,18,651329.8
66,50,0,33.5,1034673.8
67,50,0,33,811399.6
72,50,1,23,730293.4
73,50,0,32,1085558.6
74,50,1,6,190511.3
6,51,0,32,982759.7
29,51,1,6,201030.3
30,51,1,12,402060.7
31,51,1,25,837626.4
40,51,1,3,103007.4
41,51,1,50,1716789.5
42,51,1,17,625795
49,51,0,65,1979151.1
50,51,0,71.5,2231749.8
51,51,1,7,247345.7
52,51,1,3,79987.2
71,51,1,15,583817.7
72,51,0,135,4873539.3
73,51,1,11,423265.1
0,52,1,10,330262.2
3,52,1,1,35637.7
6,52,1,22,784029.9
47,52,1,5,176675.5
48,52,0,45,1640793.4
49,52,0,64.5,2377611.1
50,52,0,60,2277865.3
51,52,0,75.5,2905009.1
52,52,1,20,533247.9
70,52,1,38,1479004.8
71,52,0,63,2311881.4
72,52,0,70,2562017.8
73,52,0,98,3554547.4
0,53,0,43,1406713.4
1,53,1,2,66052.4
2,53,0,45,1101850
3,53,0,36,1562653
4,53,1,22,784029.9
5,53,1,8,285101.8
17,53,1,21,740214.7
18,53,1,18,634469.8
19,53,1,15,528724.8
44,53,1,3,110434.4
45,53,1,18.5,681012.2
46,53,0,49,1332758
47,53,0,99.5,2923614
48,53,0,124,4284671.4
49,53,0,104,3179037.6
50,53,0,66,2382289.9
51,53,0,115,3690170.6
52,53,0,85,3348604
53,53,1,13,346611.1
70,53,0,64,1886463.8
71,53,0,108,3511298.4
72,53,0,161.5,5431370.1
73,53,0,122,4730484.5
74,53,1,27,1038923.4
0,54,0,41,1371246.9
1,54,0,42.5,1468104.5
2,54,0,32,1209597.7
3,54,1,23,819667.6
16,54,1,3,118308.5
17,54,0,50,1528136.2
18,54,0,28,864139.5
19,54,1,8,281986.6
20,54,1,1,35248.3
45,54,1,15,552172.1
46,54,0,76.5,2536736.1
47,54,0,122.5,3621863.1
48,54,0,109.5,3190297.2
49,54,0,118.5,2919755.2
50,54,0,106.5,3452566.7
51,54,0,103.5,3640075.8
52,54,0,73,2387866.7
53,54,0,29,967410.8
59,54,1,11,410623.3
60,54,1,3,111988.2
63,54,0,59,2060351.6
64,54,1,10.5,375908.3
70,54,0,59,1996129.4
71,54,0,84.5,3015812.1
72,54,0,138,4380124
73,54,0,62.5,2111130.3
0,55,0,58,1787551.1
1,55,1,3,99078.7
16,55,1,34,1340830.2
17,55,0,41.5,1299700.4
18,55,1,26,916456.3
45,55,1,2,73622.9
46,55,0,63.5,1780116
47,55,0,119.5,4083199.9
48,55,0,65,1933237.4
49,55,1,42,1484074.3
50,55,0,90,3436531.9
51,55,0,88,3140700.5
52,55,1,10,266623.9
53,55,1,12,319948.7
59,55,1,66.5,2482404.5
60,55,0,119,4094293.1
61,55,0,106.5,4185409.5
62,55,1,35,1253027.7
63,55,0,51,1690704.1
64,55,1,3,107402.4
66,55,1,2,71601.6
67,55,0,34,1148881.5
68,55,0,71,2251494.6
69,55,0,126,3520278.6
70,55,0,47,1430112
71,55,0,46,1724889.4
72,55,0,56,2036200
0,56,1,9.5,285043.7
7,56,1,4,147580.9
16,56,1,2,65648.6
17,56,1,12,393891.9
18,56,0,35,1295475.6
21,56,1,7,229770.3
23,56,0,31.5,1059701.9
24,56,0,49,2049454.4
25,56,1,9,353528.2
45,56,1,9,319845
46,56,0,80,2510085.8
47,56,0,224.5,6791426.1
48,56,0,95.5,3112762.1
50,56,1,7,233444.5
51,56,1,13,433539.8
53,56,1,16,492770.8
59,56,1,14,431174.4
60,56,0,55,1917392.1
61,56,0,74.5,2589768.9
62,56,0,59.5,1907609.6
67,56,1,18,578287.1
68,56,0,82,2544025
69,56,0,59,1805008.4
70,56,0,133.5,4997161.6
7,57,1,3,110685.7
21,57,1,3,98473
22,57,0,33,1064055.3
23,57,0,70.5,1785213.8
24,57,1,29,1139146.3
25,57,1,4,157123.6
45,57,1,8,284306.7
46,57,1,12,426460
47,57,1,45,1500714.6
60,57,1,16,492770.8
61,57,0,86,2730436
62,57,1,16,589313.9
67,57,0,79.5,3224835.6
68,57,0,89,3127102.5
69,57,0,74,2435078.4
70,57,1,8,257016.5
22,58,1,17,667775.4
23,58,0,40,1031486.7
24,58,0,71,2418111.6
25,58,1,5,196404.5
45,58,1,2,71076.7
60,58,0,34,967952.4
61,58,0,82,2846479.2
62,58,1,23,847138.8
67,58,1,4,128508.3
68,58,0,25,771025.2
69,58,1,11,353397.7
70,58,1,2,64254.1
0,59,1,4,120018.4
1,59,1,2,60009.2
19,59,1,4,131297.3
21,59,1,6,196945.9
22,59,1,25,982022.7
23,59,1,4,157123.6
24,59,0,62,2024328.8
25,59,1,8,314247.3
43,59,1,3,106615
60,59,0,90,2932424
61,59,0,64.5,1950111.3
67,59,1,3,96381.2
68,59,1,3,96381.2
0,60,1,2,60009.2
1,60,1,4,120018.4
21,60,1,2,65648.6
60,60,0,35,1364600.6
61,60,0,34,1019660.5
68,60,1,2,64254.1
0,61,1,10,300046
1,61,1,6.5,195029.9
32,61,1,6,210122.7
61,61,0,61,1945045.9
1,62,1,2,60009.2
15,62,1,4,128063.9
18,62,1,5,172802
32,62,0,57,2183063.8
33,62,0,48,1932328.8
34,62,1,11,385225
35,62,1,5,175102.3
36,62,0,78,2308665.8
37,62,0,68,2786348.5
38,62,1,5,199456.5
40,62,1,14,558478.2
41,62,1,23,917499.9
42,62,0,99,2756160.1
43,62,1,15,549878
44,62,1,3,109975.6
60,62,0,88,2704003.8
61,62,0,39,926254.6
9,63,1,2,73790.4
11,63,1,35,1291332.6
15,63,1,7,224111.8
16,63,1,22,704351.4
17,63,1,16,552966.3
18,63,1,7,241922.7
33,63,1,8,280163.7
34,63,0,56,2120228.2
35,63,0,62.5,1901081.5
36,63,0,77.5,2262075.2
37,63,0,75,2542977.5
38,63,1,24,957391.2
39,63,0,138,5967028.9
40,63,0,152.5,6082814.6
41,63,0,123,5511178.6
42,63,0,85,2265351.9
43,63,1,11,403243.9
59,63,0,81,2465920.5
60,63,0,78,2239646
61,63,0,37,1250859.1
9,64,1,11,405847.4
10,64,0,47,1762548.6
11,64,0,90,2892122.8
12,64,1,17,544271.6
15,64,0,33.5,1205233
16,64,0,55,1390297.1
17,64,0,42,1191393.2
18,64,1,14,483845.5
19,64,0,36.5,1153542.8
20,64,1,5,172802
35,64,0,60.5,1555577
36,64,0,50.5,1643572.1
37,64,1,8,319130.4
39,64,0,42,1785982.9
40,64,0,105.5,4568253.8
41,64,0,35,1334286.3
42,64,0,74.5,2133940.8
43,64,1,3,109975.6
57,64,1,7,195124.5
58,64,0,49,2039807.3
59,64,0,63,1928841.6
60,64,0,91,3060499.8
61,64,1,33.5,933810.1
9,65,1,20,737904.3
10,65,0,48.5,1794446.6
11,65,0,50,1275238.8
12,65,1,23,736367.4
13,65,1,8,256127.8
15,65,0,31,948916.5
16,65,0,44,1518683.8
17,65,0,48,1510119
18,65,0,63,2142496.1
19,65,0,81,2473548.6
20,65,1,27,933130.6
34,65,1,3,105061.4
35,65,0,34,1229394.9
36,65,0,34,1224793.7
37,65,0,25,741302.8
38,65,0,48,1831917.9
39,65,0,116,3143054.6
40,65,0,216,5825609
41,65,0,193.5,5327462
42,65,0,80,3079410.4
57,65,0,38,1028248.4
58,65,0,70.5,2076828.1
59,65,0,54,1938554.3
60,65,0,118.5,3667190.8
61,65,0,134,4537669.1
62,65,1,11,405153.3
8,66,1,16.5,615064
9,66,0,65,2018207.7
10,66,0,70,2042354.6
11,66,1,17,633702.3
12,66,1,19.5,779256.9
16,66,1,6,239771.3
17,66,1,5,195003.5
18,66,1,16,624011.1
19,66,1,24,936016.6
20,66,1,18.5,721512.8
27,66,1,7,233069.2
28,66,1,2,66591.2
34,66,1,22,847747.1
35,66,0,57,2428168.4
36,66,1,20,770679.2
37,66,1,7,273245.1
39,66,0,42,1042876.9
40,66,0,116,3200106.1
41,66,0,148,4380318
42,66,0,158,4243347.6
43,66,1,24,894070.6
57,66,1,1,30092
58,66,0,62,2058261.6
59,66,0,119.5,3537249.5
60,66,0,35,1248944.4
61,66,0,109.5,3432527.2
62,66,0,60,2106668.8
63,66,1,8,181980.8
9,67,0,98,3461991.8
10,67,0,54,1974184.1
11,67,1,26,969191.7
12,67,1,4,159847.6
27,67,0,52,1733834.7
28,67,0,75,2271895.5
29,67,0,38,1009650
30,67,1,7,233069.2
31,67,1,10,332956
32,67,1,12,462407.5
38,67,0,57,2347747
39,67,0,62,1769750.1
40,67,0,111,3828140.6
41,67,0,219,6497069.5
42,67,0,49.5,1618915.2
43,67,0,110.5,3558714.8
44,67,1,4,149011.8
58,67,0,90,3055231.3
59,67,0,59,1571338.3
60,67,0,37,1093423.6
61,67,0,141,3696604.3
62,67,0,39,1212325.1
0,68,1,10,296851.4
1,68,1,7,207796
8,68,1,7,260936.2
9,68,1,24.5,913276.8
10,68,0,26,986072.1
11,68,0,28.5,1045512
28,68,0,72,2832408.9
29,68,0,107,4005364.1
30,68,1,25,832390
31,68,0,67,2629450.3
32,68,1,8,308271.7
38,68,0,30,1082627
39,68,0,100.5,2985428.8
40,68,0,57,1720106
41,68,0,96,3096526.1
42,68,0,110.5,3766045.7
43,68,1,2,74505.9
44,68,1,2,74505.9
56,68,1,2,64820.5
57,68,1,18,541655.5
58,68,0,93,3217665.3
59,68,0,62,1731497.5
60,68,1,24,722207.3
61,68,1,2,60183.9
62,68,1,22,500447.1
0,69,0,28,788764.3
1,69,1,3,89055.4
31,69,0,42,1635244.9
37,69,1,4,156140.1
38,69,0,142,4927397.7
39,69,0,100,3924469.8
40,69,0,80,2350061.3
56,69,1,55,1782563.5
57,69,0,82,2691438.1
58,69,0,60,1938174.4
59,69,0,36,1106972.4
60,69,1,6,180551.8
62,69,1,6,136485.6
0,70,0,39,890690.4
37,70,1,2,78070
38,70,0,43,1436017.5
39,70,1,7,273245.1
40,70,1,18,702630.3
46,70,1,1,37252.9
56,70,0,73,2934070.3
57,70,0,160.5,4356369.2
58,70,1,12,361103.6
0,71,0,44,1348669.7
1,71,0,33,1090342.3
2,71,1,19,636225.8
3,71,1,32,1071538.1
27,71,1,19.5,751609.7
38,71,1,9,346805.6
58,71,1,2,64820.5
0,72,0,38,1636911.6
1,72,1,32,943223.7
2,72,1,10,334855.7
3,72,1,4,133942.3
27,72,0,42,1462544.9
28,72,1,3,115632.3
29,72,1,1,38544.1
30,72,1,3,115632.3
38,72,1,8.5,327538.6
0,73,1,9,265281.7
2,73,1,8,267884.5
7,73,1,3,102958.6
8,73,1,1,34319.5
26,73,1,6,231264.5
27,73,0,53,2038998.5
28,73,0,70,2252423.3
29,73,0,34,1103251.6
30,73,0,36,1454484.4
31,73,1,2,77088.2
56,73,1,3,97230.7
60,73,1,4,129641
2,74,1,5,167427.8
8,74,1,3,102958.6
9,74,1,16,549112.3
26,74,1,18,693793.6
27,74,0,54,1734391.4
28,74,0,49.5,2001695.6
29,74,0,38,1364367.4
30,74,1,17,655249.5
8,75,1,19,652070.8
9,75,1,5,171597.6
29,75,1,4,154176.4
3,76,1,6,190747.9
7,76,1,2,68356.4
8,76,1,13,444316.8
6,77,1,9,286121.9
7,77,0,52,1682258.3
8,77,0,41,1211875.4
9,77,0,39,1537708.9
10,77,1,2,68356.4
61,77,1,2,71764.9
5,78,1,6,190747.9
6,78,1,18,572243.8
7,78,0,37.5,996950.8
8,78,0,65,2067983.8
9,78,0,46,907653.8
10,78,0,70,2319538.7
11,78,1,28,956990.1
6,79,1,18,572243.8
7,79,0,105,2961485
8,79,0,63.5,1954586.9
9,79,0,59,1824436.2
10,79,1,13,444316.8
57,79,1,1,35882.5
58,79,0,48.5,1660181.5
59,79,1,19,681766.9
60,79,1,6,215294.8
7,80,0,29.5,915678.1
8,80,1,31,1059524.7
9,80,1,3,102534.6
16,80,1,8,291868.9
17,80,1,4,145934.5
22,80,0,33,1442186.3
23,80,1,25,911103
24,80,1,24,874658.9
58,80,0,177,5057534
59,80,0,120,4074007.3
60,80,1,28,1004709.2
9,81,1,3,95374
16,81,1,15,547254.2
17,81,0,39.5,1200948.8
18,81,1,11,421268.3
20,81,1,2,76594.2
21,81,1,11,421268.3
22,81,0,73.5,2565070.4
23,81,0,102,3369902.1
24,81,0,72,2797168.1
25,81,1,20,679372.3
58,81,1,11,340859.7
59,81,0,49,1626397.2
60,81,1,28,867643
14,82,1,15,547254.2
15,82,0,43,1162776.4
16,82,0,52,1500773.4
17,82,0,128.5,4032351.5
18,82,0,68,2170875
19,82,0,54,1899441.2
20,82,0,48,1634158.6
21,82,0,70,2328122.4
22,82,0,71,1996034.1
23,82,0,68,1920528.4
24,82,1,21,713341
58,82,0,45.5,1539837.6
59,82,0,93.5,2740953.3
60,82,1,21,650732.2
14,83,1,3,109450.8
15,83,0,23,553395.6
16,83,0,100,2981708.6
17,83,0,35,1186309.8
18,83,0,50,2127677.5
19,83,0,61,2141710.7
20,83,0,48.5,1709460.8
21,83,1,19,727645.2
22,83,0,64.5,2702097.8
23,83,0,66,2560402
24,83,0,66,2105967.1
57,83,0,49,1638658.4
58,83,0,91,3301451.1
59,83,0,101.5,2792796.6
60,83,0,29,789847.3
14,84,1,9,328352.5
15,84,1,18,656705.1
16,84,0,62,1996980
17,84,0,83.5,1888338.7
18,84,1,20,765942.3
19,84,0,44,1685170.9
20,84,1,21,804239.4
22,84,1,6,203811.7
23,84,0,43,1640516.5
24,84,0,41,1630760.2
25,84,1,23,781278.2
26,84,0,49,1694788.1
29,84,1,2,62533
30,84,1,4,125066
56,84,1,2,71764.9
57,84,0,74.5,2350390.1
58,84,0,63.5,1744852.2
59,84,0,73,2128410.9
60,84,0,87.5,2931910.7
15,85,1,10,364836.1
16,85,0,83,1891298.6
17,85,0,189.5,4385101.3
18,85,0,82,1870705
19,85,0,68,2477479.4
20,85,0,56,2069431.3
21,85,0,102,4101434.3
22,85,1,13,441592
26,85,1,8,271748.9
27,85,1,4,125066
28,85,1,4,125066
29,85,0,77.5,1719718.4
30,85,1,40,1250660.4
31,85,1,2,62533
35,85,1,3,94575.7
57,85,0,105,3634232
58,85,0,60,2080664.6
59,85,0,96,2812801
60,85,0,63,2042876.6
16,86,1,101,2719322.3
17,86,0,185.5,4431090
18,86,0,66.5,1624493.6
19,86,1,4,117146.5
20,86,0,81.5,2494992.1
21,86,0,80,2702945.1
22,86,0,63.5,1925126
23,86,0,47,1943248.3
24,86,1,2,64254.7
28,86,1,2,58999.1
29,86,1,12,353994.8
30,86,1,6,176997.4
56,86,0,47,1577653.7
57,86,0,138,4307640.7
58,86,0,78.5,2734992.8
59,86,0,111,3420933.2
60,86,0,74,2689259.4
16,87,1,11,296163.8
17,87,1,26,761452.2
20,87,1,20,585732.5
21,87,0,44.5,1204213
22,87,1,4,128509.5
23,87,1,16,514037.8
24,87,0,145.5,4054465.3
25,87,1,2,64254.7
28,87,1,11,324495.2
29,87,1,10,294995.7
30,87,1,12,353994.8
56,87,1,29.5,929994.4
57,87,0,82,2864099.9
58,87,0,93,3879186.2
59,87,0,78,2706315
60,87,1,13,481533.5
21,88,0,45,1596755.1
22,88,0,47,1610803.9
23,88,1,3,96382.1
24,88,0,143.5,4485568
29,88,1,10,294995.7
30,88,1,2,58999.1
57,88,1,8,296328.3
58,88,0,73,2529409.7
59,88,0,67,2400475
60,88,1,30.5,1129751.6
5,89,0,50.5,1864851
6,89,0,48,1482979.2
22,89,0,73,2152438.4
23,89,0,37,1316407.5
24,89,0,70,2400750.2
25,89,1,11,353401
28,89,1,6,176997.4
30,89,1,14,412993.9
31,89,1,4,117998.3
59,89,1,4,148164.1
60,89,1,4,148164.1
5,90,1,50,1560317.4
6,90,1,14,436888.9
8,90,1,5,172950.3
22,90,0,33,1099268.1
23,90,0,74,2784846.3
24,90,1,4,128509.5
25,90,1,1,32127.4
28,90,1,1,29499.6
55,90,1,2,63050.5
4,91,1,4,144573.1
5,91,0,59,1992490.6
6,91,0,36.5,1160825.4
7,91,1,3,103770.2
23,91,0,50,1846425.2
24,91,0,56,1489581.2
29,91,1,3,88498.7
3,92,1,25,903582.1
4,92,0,40,1310916.9
5,92,0,75,2136611.3
6,92,0,104.5,2798697
7,92,1,16,553441.1
3,93,1,12,433719.4
4,93,0,38,1159169.7
5,93,0,67,1912402.4
6,93,0,39,1122579.1
7,93,1,2,69180.1
3,94,1,25,903582.1
4,94,0,68,2437987.1
5,94,0,108,3625712.2
6,94,1,16,578292.5
3,95,1,22,795152.2
4,95,0,83,2693709.9
5,95,1,9,325289.5
6,95,0,40,1421292.6
7,95,1,7,242130.5
28,95,1,1,29499.6
60,95,1,3,94575.7
61,95,1,3,94575.7
4,96,1,19,514538
17,96,1,4,132044.7
18,96,0,38,1823533.4
19,96,1,26,858290.5
20,96,1,15,495167.6
60,96,1,21,652866.6
61,96,0,49,1636045.6
62,96,0,55,2068191.2
5,97,1,3,81242.8
17,97,1,21,693234.6
18,97,0,82,2982029
19,97,0,91,2916929.7
20,97,0,50,1921265.2
60,97,0,58,2074917.7
61,97,0,106,3113236.7
62,97,0,105,3947913.7
63,97,1,27,1054524.7
17,98,1,10,330111.7
18,98,0,75,2607181.7
19,98,0,52,1752406.7
20,98,0,54,1653656.9
21,98,1,19,627212.3
60,98,0,63,2607452
61,98,0,75,2460487.4
62,98,0,69,1858341.9
63,98,0,47,1738684.8
10,99,1,4,108323.8
11,99,1,1,27080.9
16,99,1,4,121538.9
18,99,0,78,2938507.3
19,99,0,100.5,2974892.8
20,99,0,78,2170810.7
21,99,0,95.5,3135228.2
22,99,0,53,1865435.7
23,99,0,49,1476472.3
26,99,1,5,161327.6
28,99,1,2,60586.4
60,99,1,1,31088.9
61,99,0,78.5,2060317.3
62,99,0,89,2831354.5
63,99,1,10,390564.7
14,100,1,25,759618.3
15,100,0,50,1879055.5
16,100,1,14,425386.3
18,100,1,12,396134.1
19,100,0,61,2071168.5
20,100,0,71,1739636
21,100,0,115,3356900.5
22,100,0,80.5,2352631.7
23,100,1,50,1613275.6
61,100,0,51,1828745.8
62,100,0,51,1990053.4
14,101,1,13,508018.9
15,101,0,41,1683400.5
16,101,0,31,1166049.9
17,101,0,41,1461923
18,101,1,2,75428.4
19,101,0,128.5,4556471.7
20,101,1,10,377142.1
21,101,0,33.5,1203096
22,101,1,2,60586.4
27,101,1,8,233398.9
28,101,1,14,408448.1
67,101,1,2,78112.9
1,102,1,7,229005.8
3,102,1,3,81242.8
14,102,1,19,742489.2
15,102,0,37,1483943.5
16,102,0,126,3267617.3
17,102,1,31,1169140.5
18,102,1,2,75428.4
27,102,0,146,4047770.6
28,102,0,56,1879970.2
15,103,1,19,742489.2
16,103,0,28.5,805504.6
17,103,0,99,2673410.9
18,103,0,38.5,870634.6
19,103,0,30,1170638.2
26,103,1,15,454398.1
27,103,0,149,4801633.9
28,103,0,103,3195207.8
29,103,0,33,1058338.5
30,103,1,1,29174.9
0,104,1,1,32715.1
14,104,1,10,390783.8
15,104,0,28,971519.1
16,104,0,34.5,1155867.5
17,104,0,80,2158204.2
18,104,1,26,980569.5
27,104,0,82,2395781.9
28,104,0,96.5,2650684.8
29,104,0,127,3577144.7
30,104,0,82,2583463.6
32,104,1,7,221181.5
1,105,1,64.5,2110125.1
2,105,1,20.5,555159.4
14,105,1,21,820646
15,105,0,57,2081143.1
16,105,0,46.5,1934747.1
17,105,0,40.5,1608751
18,105,1,14,527998.9
25,105,1,9,272638.9
26,105,0,28,1046415.7
27,105,0,51.5,1822007.3
28,105,0,125.5,3506036
29,105,0,117,3417848.7
30,105,0,62.5,1913101.9
67,105,1,8,312451.8
1,106,0,62,2342282.1
2,106,0,65,2487436.2
3,106,1,24,708041.1
15,106,1,21,760616.5
16,106,0,41,1600540.7
25,106,1,6,214357.7
26,106,0,48,1636311.1
27,106,1,55,1602967.1
28,106,0,136,4283690.7
29,106,0,115,3927566.5
30,106,0,76,2312195.4
31,106,0,208,4065667.2
65,106,0,42,1708619.9
66,106,0,58.5,1941799.8
67,106,0,74,2557905.5
68,106,1,27,933356.6
0,107,1,10,399497.6
1,107,1,22,878894.8
2,107,0,50,2043775.1
3,107,1,1,29501.7
14,107,1,6,217319
24,107,1,8,285810.3
25,107,1,31,1107514.9
26,107,0,61,2028282.6
27,107,0,180,4213063
28,107,0,177.5,4268974.8
29,107,0,176,3964496
30,107,0,90,2465567.7
61,107,1,1,39056.5
63,107,1,11,349123.8
64,107,0,54,1427197
65,107,0,63,1783970.4
66,107,0,73,2084231.5
67,107,0,87.5,2343645.5
68,107,0,60,1908383.5
0,108,1,11,439447.4
1,108,1,5,199748.8
2,108,1,17,501529.1
13,108,1,1,36219.8
14,108,1,7,253538.8
24,108,0,70,1759310
25,108,0,60,1901720.6
26,108,0,79,2632542.8
27,108,0,239,5943689.2
28,108,0,204,5386895.5
29,108,0,180.5,5251630.3
30,108,0,59.5,1886030.2
63,108,1,5,158692.6
64,108,0,84,2374362.7
65,108,0,79,2395219.3
66,108,1,23,729986
67,108,0,39,1258840.7
68,108,1,2,69137.5
0,109,1,28,1118593.4
1,109,0,30,1040805.7
11,109,1,4,118006.9
12,109,1,3,108659.5
13,109,1,17,615737.2
14,109,1,4,144879.3
26,109,0,82.5,2760622.4
27,109,0,81,2544241.4
28,109,0,106,2981802.1
29,109,0,78.5,2787218.2
30,109,1,19.5,568324.7
63,109,1,4,126954.1
64,109,1,21,666509
65,109,1,14,444339.3
67,109,1,4,138275
0,110,0,67,2747731.2
1,110,0,65,2093458.5
11,110,1,10.5,309768
12,110,1,6,217319
14,110,1,3,108659.5
26,110,0,35,1098310.1
27,110,0,73,2132347.5
28,110,0,134,4393189.8
29,110,0,89.5,2232716.7
30,110,1,2,58289.7
0,111,0,62,2745858.7
1,111,1,27,1085545.2
10,111,1,7.5,245085.8
12,111,1,7,262335.9
14,111,1,2,74953.1
16,111,1,10,374765.6
26,111,1,15,504269.2
27,111,0,77,2446186.6
28,111,0,93,2762074.4
29,111,0,84,2255990.9
30,111,0,60,1553928.2
0,112,0,77,3196680.2
1,112,1,46,1849447.4
2,112,1,8,295462.3
4,112,1,12,443193.4
6,112,1,3,110798.4
7,112,1,6,196068.6
8,112,1,3,98034.3
9,112,1,9,294102.9
15,112,1,2,74953.1
16,112,1,47,1761398.5
17,112,1,15,648057.8
26,112,1,3,100853.8
27,112,0,134.5,4216177.1
28,112,0,65,1671941.8
29,112,0,60.5,1697853.5
30,112,1,7,252859
63,112,1,6,207412.6
0,113,0,44,1994858.4
1,113,0,53.5,2237759.1
2,113,0,54,2194643
3,113,1,16,590924.5
4,113,0,75,2801793.1
5,113,0,55.5,2055475.1
6,113,1,18,664790.1
7,113,1,15,490171.6
8,113,0,61.5,1818064.4
9,113,0,83,3296995
10,113,0,33,1163239.6
16,113,1,3,112429.7
17,113,1,18,777669.4
18,113,0,47,2007607.5
20,113,1,4,172815.4
27,113,0,26,728568.5
28,113,0,44,1090636.5
29,113,0,80,2487062.9
60,113,1,2,78112.9
0,114,0,95,2915232.6
1,114,0,58.5,2506424
2,114,0,58,2414764.6
3,114,1,24,886386.8
4,114,0,63,2122401.8
5,114,0,109,3808662.9
6,114,0,146,4146553.5
7,114,0,80,3096733.9
8,114,0,102,3928747.2
9,114,0,90,3286309.5
10,114,0,165.5,4876663.9
11,114,0,67.5,2274157.4
12,114,0,52,1573720.3
16,114,1,2,74953.1
18,114,0,26.5,888679.6
19,114,1,7,302427
20,114,0,46,1728101.1
21,114,1,4,172815.4
23,114,1,3,100853.8
24,114,1,18,605123.1
25,114,0,32,1089895.5
26,114,1,9,302561.5
27,114,1,33,1192049.5
28,114,1,7,252859
60,114,1,1,39056.5
0,115,0,185,6143532.1
1,115,0,194.5,6373364.1
2,115,0,134.5,4773730.1
3,115,0,46,2023345.6
4,115,0,83,3303191.4
5,115,0,208,6859392.5
6,115,0,153.5,4767139
7,115,0,85.5,3126292.6
8,115,0,56,1899119.4
9,115,0,154,4318844.7
10,115,0,116,3418121.3
11,115,0,91,3573464.6
18,115,1,5,216019.3
19,115,0,81,2033370.5
20,115,0,118.5,3566570.6
21,115,0,52,1665629.1
23,115,1,14,470651.3
24,115,0,90,3240705
25,115,0,56,2477935.7
26,115,0,54,1677467.6
1,116,0,129,3196081.7
2,116,0,232,7338962.6
3,116,0,244,6766179.1
4,116,0,124.5,4696490
5,116,0,186,5886092.4
6,116,0,223,6580251.3
7,116,0,105.5,3268641.4
8,116,0,110,3742474.6
9,116,0,175,3340074.1
10,116,0,396.5,7319488
11,116,0,61.5,1879126.6
12,116,1,4,142199.2
19,116,0,110,3279380.7
20,116,0,106.5,3047848.1
21,116,0,236.5,6366649.3
22,116,0,106,2866935.8
23,116,0,98,3064767.7
24,116,0,112.5,3216450.6
25,116,0,94,2946745.2
26,116,0,72.5,2202532.4
27,116,0,65,1596974.3
28,116,1,21,588800.6
29,116,1,2,56076.3
31,116,1,1,28038.1
0,117,1,10,207634.3
2,117,0,116.5,3383471
3,117,0,236.5,5029417.3
4,117,0,321.5,9304589.9
5,117,0,313.5,7737713
6,117,0,177.5,5844663.3
7,117,0,155,5090871.3
8,117,0,271.5,6609951.5
9,117,0,36,1047942.4
10,117,0,64,2198495.9
11,117,0,86,2833932.8
12,117,1,10,355498
17,117,1,5,203838.5
18,117,0,55,2014209.9
19,117,0,97.5,3502147.7
20,117,1,10,407677
21,117,0,127,3208481.5
22,117,0,98.5,2584486.3
23,117,0,128.5,3248143.2
24,117,0,152,4613806.8
25,117,0,63,1561146.9
26,117,0,114.5,3473161.2
27,117,0,114.5,3900874.2
28,117,0,208,4575128.6
0,118,0,311.5,7328475.5
1,118,0,233,5490151.8
2,118,0,130,2774588.2
3,118,1,18,361212.8
4,118,1,24,481617
5,118,0,176,3255618
6,118,0,326,7617321.9
7,118,0,302.5,9234697.6
8,118,0,205.5,5221384.5
9,118,0,157.5,3636425.6
10,118,0,116,3013360
11,118,0,49,1842971.2
12,118,1,5,177749
14,118,1,6,213298.8
16,118,1,3,106649.4
17,118,1,49.5,2018001
18,118,0,85,2910569.3
19,118,0,107,3292816.2
20,118,0,131,3779175.9
21,118,0,99.5,2696422
22,118,0,152.5,4299648.8
23,118,0,156,3770679
24,118,0,146,3654385.2
25,118,0,108,2793740.2
26,118,0,138,4034909.2
27,118,0,359.5,7391292.7
28,118,0,154,2927514.4
0,119,0,276,6977160.8
1,119,0,562.5,12641188.6
2,119,0,472,8360383.8
3,119,0,284.5,5121493.2
5,119,1,15,301010.6
6,119,0,145.5,3317246.6
7,119,0,195,5478155.8
8,119,0,311,6739491.2
9,119,0,297.5,6670980.9
10,119,0,114,3233057.3
11,119,0,86,3090304.4
12,119,0,40,1677087.4
16,119,0,19.5,589323.3
17,119,0,61,1994266.6
18,119,0,108,3720648.9
19,119,0,122.5,3217304.9
20,119,0,117.5,3728255
21,119,0,138,4737543.7
22,119,0,92,2795881.5
23,119,0,226.5,4753942.9
24,119,0,161,4271931.5
25,119,0,133,3077326.8
26,119,0,123,2620867.4
27,119,0,138,3685673.4
28,119,0,114.5,3514673.2
60,119,1,12,379168.3
0,120,0,287,7517733.5
1,120,0,262.5,7688349.5
2,120,0,402.5,8833950.5
3,120,0,248.5,3861871
4,120,0,333,5660623
5,120,0,96.5,1883656.8
6,120,1,4,80269.5
7,120,0,180,4060939
8,120,0,332,7463196
9,120,0,333.5,8070947.8
10,120,0,165,4601145.2
11,120,0,105.5,3968050.2
12,120,0,75,2526196.3
13,120,0,72,2499615.5
14,120,0,41,1463410.6
15,120,0,53,1970782.5
17,120,0,106,3471239.4
18,120,0,136,4686924.8
19,120,0,159,5029645
20,120,0,135,3944930.5
21,120,0,60,1867418.3
22,120,1,20,512343.5
23,120,1,78.5,2010948.1
24,120,0,108,2702956.2
25,120,0,120,3119153.7
26,120,0,106.5,3211503.8
27,120,0,107,3357791.4
28,120,0,90.5,3025420
29,120,1,20,560762.5
0,121,0,403.5,8433532.8
1,121,0,393.5,10210040
2,121,0,382.5,9208073
3,121,0,772.5,13624420.1
4,121,0,336,5675314.8
5,121,0,363,7136364.3
6,121,0,47,656558
7,121,1,10,242131.2
8,121,0,115,3858751.3
9,121,0,273,5643516.3
10,121,0,168.5,4642554.5
11,121,0,158,4547012.4
12,121,0,81,2782737
13,121,0,111,3309472
14,121,0,332.5,9037993.7
15,121,0,408.5,10402302.6
16,121,0,252,6762625.6
17,121,0,148,4584949.5
18,121,0,100.5,3721049.5
19,121,0,124,3612362.6
20,121,1,24,587683.1
21,121,1,8,195894.4
22,121,0,93,1724474.8
23,121,0,169,4818857.4
24,121,0,76,2214551.4
25,121,0,206,5536536
26,121,0,337,9085687
27,121,0,150,3859027.2
28,121,0,126.5,3527046.7
29,121,1,6,175099.1
30,121,1,3,87549.6
61,121,1,17,537155.1
62,121,1,3,90338.3
0,122,0,369,6716921.8
1,122,0,427.5,8878344.6
2,122,0,143.5,3659444.4
3,122,0,329.5,7522260.1
4,122,0,376.5,7674689.9
5,122,0,217.5,4116422.6
6,122,0,337.5,6633300.8
7,122,0,78,1485467.7
8,122,1,3,72639.3
9,122,0,140.5,2795014.8
10,122,0,266.5,4838854.3
11,122,0,362,9836381.1
12,122,0,51,1646105.4
13,122,0,48.5,1977881.1
14,122,0,174.5,4452649.3
15,122,0,548,13846710.1
16,122,0,145,3495155.7
17,122,0,34,1210672.3
18,122,1,8,195894.4
19,122,1,2,48973.6
20,122,1,13,318328.3
21,122,1,4,97947.2
22,122,1,2,55273.7
23,122,0,31,713127
24,122,1,6,165821.1
26,122,0,92,2832408.7
27,122,0,326,8959723
28,122,1,34,992228.5
30,122,1,4,116732.8
60,122,1,19,600349.8
61,122,0,48,1044395.6
62,122,0,50,1536240.9
63,122,1,27,813045.1
64,122,1,24,722706.7
65,122,1,13,391466.1
0,123,0,605.5,9704621.2
1,123,0,301,5450852.9
2,123,0,425.5,10036637
3,123,0,332.5,7564755.3
4,123,0,284,4402936.8
5,123,0,269.5,6131059.1
6,123,0,313,6014254.8
7,123,0,412.5,8002164
8,123,0,243.5,5463947.8
9,123,1,35,847459
10,123,0,124.5,2784262.1
11,123,0,195.5,3351223.2
12,123,0,91,2208612.3
13,123,0,78,1550482.9
16,123,1,15,378535
17,123,1,1,24486.8
22,123,1,9,248731.7
27,123,0,114,3379549.4
31,123,1,1,29183.2
59,123,1,4,126389.4
60,123,0,99,2799106.8
61,123,0,77,2525277.7
62,123,0,73,2326258.3
63,123,0,99,2863097
64,123,0,134.5,4165411.8
65,123,0,93,2235607.5
0,124,0,761,11769390.8
1,124,0,306.5,4705787.4
2,124,0,380.5,6011820.7
3,124,0,290.5,5700733
4,124,0,353,6317692.7
5,124,0,526,9157437.1
6,124,1,26,577850.2
7,124,0,124.5,1651574.5
8,124,0,144.5,3071336.2
9,124,0,299.5,6192201.9
10,124,0,32,775769.6
11,124,0,58,1233541.4
12,124,0,108.5,2350182.4
13,124,1,4,100942.7
15,124,1,2,50471.3
16,124,0,109.5,2733041.6
17,124,0,156.5,3134961.5
22,124,1,4,110547.4
25,124,1,1,27636.9
59,124,0,31,997325.3
60,124,0,89,2224726
61,124,0,78,2459392.3
62,124,0,105,3330296.1
63,124,0,118.5,3382450.5
64,124,0,55,1285041
65,124,1,15,451691.7
66,124,1,1,30112.8
67,124,1,2,60225.6
0,125,0,525.5,9068763.4
1,125,0,521.5,8202938.6
2,125,1,19,422275.1
3,125,0,196,6057025.9
4,125,0,83.5,1860049.5
5,125,0,179.5,2662539.1
6,125,0,339,5451120.8
7,125,0,620,8829022.9
8,125,0,180,2374106.6
9,125,0,41,816612.2
10,125,0,144,3135050.5
12,125,1,5,126178.3
13,125,1,9,227121
15,125,1,3,75707
16,125,0,34,789953.2
22,125,1,13.5,373097.5
61,125,1,9,284376.2
0,126,0,331,5150605.6
1,126,0,470,7980148.2
2,126,0,313,5869013.9
3,126,0,364.5,5393725
4,126,1,14,270417.9
5,126,0,349,4308278.2
6,126,0,105.5,2335424.1
7,126,0,310.5,4104561.3
8,126,1,3,68762.3
9,126,1,25,573019.5
10,126,0,137,3297870.4
11,126,0,54,1190586.1
13,126,1,6,115491.2
18,126,0,63,1540679.9
19,126,0,44,1121904.3
20,126,1,14,387066.7
61,126,1,5,157986.8
63,126,1,4,126389.4
66,126,1,2,63194.7
1,127,0,178.5,2593835.9
2,127,0,526,9652012
3,127,0,70,1457908.6
6,127,0,40,583030
7,127,0,149,3011883.8
8,127,0,484,7761636.6
9,127,0,307,4428998.9
10,127,1,31,710544.1
11,127,1,20,458415.6
17,127,0,221.5,3152098.2
18,127,0,233,3702558.2
19,127,0,78,1922019.2
20,127,0,93,2331265.6
0,128,1,11,180083.6
2,128,0,41,642684.9
3,128,0,149.5,3256550.5
6,128,0,32,610039.2
7,128,0,434.5,7820018.3
8,128,0,181,4129837.2
9,128,0,316,5896726.5
10,128,1,7,160445.5
11,128,1,2,45841.6
17,128,0,313,4350661.8
18,128,0,262.5,4749601
19,128,0,180.5,3941407
20,128,1,22,608247.6
2,129,1,16,309049
3,129,1,2,38631.1
6,129,0,44,1199694.8
7,129,0,69,1191861.2
8,129,0,412,6773809.5
9,129,0,82,1751546.9
10,129,1,1,22920.8
14,129,1,2,38497.1
15,129,1,4,76994.2
18,129,0,32,725880.8
19,129,0,135,3440745.7
20,129,0,30,1006234.6
21,129,1,24,663542.8
6,130,0,67,1493305.4
7,130,0,168,3993774
8,130,0,541,8695335.7
9,130,1,2,45841.6
13,130,1,4,76994.2
14,130,1,8,153988.3
15,130,1,5,96242.7
16,130,0,21.5,605412.6
17,130,1,11,304123.8
18,130,1,2,55295.2
19,130,1,23,635895.2
20,130,1,14.5,400890.5
2,131,0,151.5,2754610.1
3,131,1,19,576803.3
5,131,1,9,273222.6
6,131,0,181.5,4717410.4
7,131,0,46.5,1142180.2
8,131,0,77,2064137.7
9,131,0,324.5,6037934.6
15,131,1,14,269479.5
17,131,0,29,634038.9
2,132,0,296,5870895.5
3,132,0,59.5,1158860.7
5,132,0,31,676962.5
6,132,1,10,303580.7
7,132,0,70,1348616.2
8,132,0,105,2637729.2
9,132,0,109,3194029.8
10,132,1,15,339459.1
18,132,1,18,417300.1
19,132,1,24,556400.1
0,133,0,389,5227542.1
3,133,1,4,121432.3
5,133,1,21.5,652698.4
6,133,0,75.5,1423611.8
7,133,1,13,294197.8
8,133,0,109,2650634.5
9,133,0,67,1589438.1
17,133,1,4,92733.3
18,133,1,8,185466.7
0,134,0,120.5,2718760.8
1,134,0,100,2219629.1
2,134,1,6,182148.4
7,134,0,37.5,935199.3
8,134,0,375,6213343.9
9,134,0,29,804725.2
10,134,1,9,203675.4
18,134,1,5,115916.7
0,135,0,126.5,3195357.6
1,135,0,148,3655981
2,135,0,72.5,1515151.6
3,135,1,5,151790.3
7,135,0,34.5,767227.8
8,135,0,142.5,2864480.8
9,135,0,123,2871062.5
10,135,0,47,1372765.6
18,135,1,19,440483.4
19,135,1,5,115916.7
0,136,0,433,9284006.1
1,136,0,156.5,3927111.4
2,136,0,74,1938740.2
3,136,0,524,9625529.8
4,136,1,26,733455.6
5,136,0,80,2153806.1
6,136,1,15.5,437252.4
8,136,0,72,1699366.6
9,136,0,319.5,6718585.6
10,136,0,81,1617808.8
18,136,1,16,412489.4
19,136,1,18.5,476940.9
20,136,1,4,103122.3
59,136,1,7,191400.1
60,136,1,15,410143.1
65,136,1,2,68850.5
0,137,0,473.5,6998177.6
1,137,0,138,3005820.3
2,137,0,126.5,3154180.3
3,137,0,357.5,7898626.6
4,137,0,124,3147288.3
5,137,0,195.5,4906763.8
6,137,0,78,2115539.7
8,137,1,2,50429.4
9,137,0,128,2723549.8
10,137,1,4,100858.7
11,137,0,39,1272047.1
16,137,1,8,220386.4
17,137,1,5,128902.9
18,137,1,6,154683.5
19,137,1,4,103122.3
20,137,1,3,77341.8
59,137,0,42.5,1224932.1
60,137,0,74.5,2146379.7
61,137,1,29,792943.3
62,137,1,12,413102.8
63,137,1,11,378677.6
64,137,0,27,752855.2
65,137,1,2,68850.5
0,138,0,101,2530163.3
1,138,0,172,3572572.4
2,138,0,87,1817864.4
3,138,0,83.5,2368323.8
4,138,0,37,1130717.7
5,138,0,409,9192926.3
9,138,0,58.5,1486959
10,138,0,60,1910719.3
11,138,0,97,3277765.9
12,138,0,90,3090809
13,138,0,91.5,3120489.9
14,138,0,91,2579356.5
15,138,1,7,192838.1
18,138,1,4,103122.3
19,138,1,13,335147.6
20,138,1,3,77341.8
60,138,1,12,328114.5
61,138,0,36,928386.8
62,138,0,65,1704554.6
63,138,0,99,2810692.2
64,138,0,106,2680235.1
0,139,0,92.5,2757463.1
1,139,0,92.5,2151262.8
2,139,0,61,1786361.2
3,139,0,127.5,3114469.9
4,139,0,100,2087726.9
5,139,0,84,2182107.8
9,139,1,13,327790.9
10,139,0,56,1354488
11,139,0,42,1186236.7
12,139,0,85.5,2700500.7
13,139,0,69,2132501.1
14,139,1,9,247934.7
15,139,1,2,55096.6
16,139,1,6,165289.8
17,139,1,2,51561.2
61,139,0,28,715204
62,139,0,66,1855594.8
63,139,0,25,602824.9
64,139,0,69,1955460.1
65,139,0,104,2231954.1
0,140,0,151,4442924.8
1,140,0,132.5,4350542.1
2,140,0,105,2685069.7
3,140,0,224,5051406
4,140,0,278.5,6524749.3
5,140,0,403,7876872.3
9,140,1,25,630367.1
10,140,0,113.5,3026690
11,140,0,118.5,3288342.3
12,140,0,87.5,2876484.4
13,140,0,132,3924860.7
14,140,0,57.5,1580640.8
16,140,1,4,110193.2
17,140,1,11,283586.5
25,140,1,3,86983.3
60,140,1,18,492171.7
61,140,0,86,2739564.7
62,140,0,125.5,3141551.3
63,140,0,31,768666.7
64,140,0,236,5786202
65,140,0,110.5,1804791.8
0,141,1,33,1129119.7
1,141,0,100.5,2515448.2
2,141,0,127,3233339.8
3,141,0,107.5,2814273.7
4,141,0,167,3963644.6
5,141,0,302,7033622.3
9,141,1,8,292697.2
10,141,0,73.5,1884083.4
11,141,0,76,1800516.2
12,141,0,83,2439253.1
13,141,0,112,3111568.8
14,141,0,133,3099054.5
15,141,0,191.5,4064474.6
16,141,1,3,97955.4
17,141,1,3,108154
61,141,1,77.5,2365776.6
62,141,1,47,1422883
63,141,0,125.5,4099075.8
64,141,0,131,2624056.7
0,142,0,135.5,2775999
1,142,1,5,171078.7
2,142,0,51,1440481.4
3,142,0,109,3460162.3
4,142,0,154,4159023.5
5,142,1,16,513152.4
10,142,0,60,1666512.8
11,142,0,77.5,1880019.3
12,142,0,96.5,2711126.4
13,142,0,75,2075297.9
14,142,0,82,2777668.3
15,142,1,28,914250.8
16,142,1,1,32651.8
61,142,1,2,61052.3
62,142,1,4,121096.4
63,142,1,1,30274.1
0,143,0,324.5,6165775.2
1,143,0,74,1485384.9
2,143,0,50,1418395.6
3,143,0,37,1298259.6
4,143,1,15,481080.4
10,143,0,37,961686.9
11,143,0,146.5,4412792.4
12,143,0,113,3341961.3
13,143,0,81,2284151.9
14,143,0,77,2195919.1
15,143,0,161,4864579.6
0,144,0,145,3617648.6
1,144,0,122,2885014.5
3,144,1,1,32072
10,144,1,15,548807.2
11,144,0,125.5,3681294.2
12,144,0,143,4108822.4
13,144,0,74.5,2484762.8
14,144,0,165.5,5329478.6
15,144,0,119.5,3637654.7
16,144,1,15,489777.2
45,144,1,3,83528
0,145,0,103,2840052.3
1,145,0,107,2697109.6
3,145,1,6,192432.1
10,145,1,7,256110
11,145,0,58,1761175.6
12,145,1,21,685688.1
13,145,1,2,65303.6
14,145,0,90,2728387.2
15,145,0,135.5,3074626
16,145,0,216.5,3894011
17,145,1,32,1153642.4
45,145,1,1,27842.7
0,146,0,72,1878262.5
1,146,0,127,3100740.3
12,146,1,8,227679.3
13,146,0,43,1689598.4
14,146,0,118,3685761
15,146,0,113,3268328.5
16,146,0,122.5,3593153.6
17,146,0,58,1576170.1
0,147,0,87,2349188.3
1,147,0,472,9575234.2
12,147,1,5,142299.5
13,147,0,78.5,2437165.6
14,147,0,73.5,2334865.6
15,147,0,98,2794885.1
16,147,0,90,2665041.8
17,147,0,71.5,2048002.4
18,147,1,33,705198.3
19,147,1,8,170957.2
0,148,0,98,2900892.4
1,148,0,123.5,2765071.1
13,148,0,43,1269582.5
14,148,0,57,1839446
15,148,0,110,2749935.7
16,148,0,103,2460817.4
17,148,0,142,4223302.5
18,148,0,110.5,3596216.6
0,149,0,143.5,3171565.8
1,149,0,113,3401851.4
14,149,0,90.5,2713384.7
15,149,0,58,1628260.8
16,149,0,168.5,5431058.1
17,149,0,50,1244329.1
18,149,0,69.5,1869920.5
0,150,0,132,3577724.8
1,150,0,117,3247047.2
2,150,1,6,219522.9
12,150,1,3,85379.7
14,150,0,62.5,1999719.4
15,150,1,39,1109936.4
16,150,0,95,3402626.2
17,150,1,20,427392.9
62,150,1,2,55685.3
0,151,0,154,3802169.8
1,151,0,113,2358998.4
2,151,1,7,256110
14,151,1,9,260949.9
15,151,0,83,2418232.5
16,151,1,13,376927.6
61,151,1,2,55685.3
0,152,0,121.5,2811491.8
1,152,0,165.5,2668095.2
62,152,1,8,222741.3
63,152,1,3,83528
0,153,0,120,2962640.9
1,153,1,34,922595.5
18,153,1,2,57988.9
62,153,1,32,890965.3
63,153,1,4,111370.7
0,154,0,99.5,2090904.7
1,154,0,98.5,2849805.3
61,154,1,2,55685.3
62,154,0,35,1130450.7
63,154,1,21,584696
77,154,1,3,81100.2
0,155,0,78,1869473
1,155,1,1.5,40702.7
15,155,1,4,115977.7
17,155,1,18,521899.8
62,155,1,24,668224
63,155,0,36,937975.3
73,155,1,4,108133.6
74,155,0,84,2237771.5
75,155,1,69,1865304
77,155,1,5,135167
0,156,0,161.5,3551416.9
14,156,0,169,5822166.4
15,156,0,122,4180865.1
16,156,1,28,890716.8
17,156,0,66,1824295
18,156,0,28,919449.5
62,156,1,14.5,397348.8
63,156,0,34,1019246.5
74,156,1,18,561772.9
75,156,0,62,1716353.8
76,156,0,28,673851.3
77,156,1,1,30171.1
0,157,0,29.5,768365.9
14,157,0,148.5,4584104.9
15,157,0,45,1238615.1
16,157,0,72,2156796.4
17,157,0,93,2800766.5
18,157,0,30,1006858.1
62,157,1,21,575470.7
63,157,1,22,602874.1
67,157,1,22,677020.8
68,157,1,2,61547.3
75,157,0,101,2375280.8
76,157,0,87,2246322.1
0,158,0,93.5,2255196.4
6,158,1,22,621536.8
7,158,1,8,258846.6
9,158,1,9,291202.4
14,158,0,68,1857684.9
15,158,0,96,2493586.8
16,158,0,97.5,2628397.1
17,158,1,14,350406.3
63,158,1,20.5,561769
64,158,1,17,465857.3
65,158,1,26,712487.6
66,158,0,42,1139333.6
67,158,0,45.5,1246866.9
68,158,0,70,1982136.4
69,158,0,56,1232880.8
75,158,0,91,2475894.6
76,158,0,92,2730838.3
77,158,1,13,392223.7
0,159,0,124.5,2922625.3
1,159,0,66,1509622.2
5,159,1,20,565033.5
6,159,0,46,1276848
7,159,0,108,3022390.5
8,159,1,12,388269.9
9,159,1,16,517693.2
14,159,1,13,413547.1
15,159,0,96,2838554.1
16,159,0,75.5,1923886.1
17,159,1,7,175203.1
64,159,1,25,685084.2
65,159,0,62,1599444.4
66,159,0,108,2915753.1
67,159,0,86,2300367.6
68,159,0,43,1249431.6
69,159,1,16,492378.8
75,159,1,14,436934.5
76,159,0,83.5,2094094.2
77,159,1,15,452565.8
0,160,0,101.5,2349073.9
1,160,0,74.5,1904527.6
2,160,1,21,593285.2
4,160,1,4,113006.7
5,160,0,30,1009965.9
6,160,0,83,2471336.1
7,160,0,69,1560384.1
8,160,0,57.5,1487477.5
15,160,1,7,222679.2
16,160,0,87,1892550.7
17,160,1,13,325377.3
63,160,1,16,438453.9
64,160,0,77.5,2109731.8
65,160,0,60,1274137.4
66,160,0,58,1417187.8
67,160,0,104,2554500.6
77,160,1,13,392223.7
0,161,0,67,1556754.7
1,161,0,70,1749838
2,161,1,21,581611.8
5,161,1,11.5,318501.7
6,161,0,64,1591176.9
7,161,1,71,1619297.2
8,161,0,75,2006967.9
15,161,1,18,520978.2
16,161,0,71.5,1513043.3
17,161,1,5,144716.2
18,161,1,2,57886.5
63,161,1,18,616580.5
64,161,0,42,1174106.9
65,161,0,30,790883.8
66,161,0,71,1783066.2
67,161,1,53,1593411
77,161,0,38,1180485.6
0,162,0,93.5,2540274.2
1,162,0,37,1063154.9
4,162,1,5,138479
5,162,1,24,664699.2
6,162,0,101,2753511.7
7,162,0,98,3122084.7
8,162,0,81,2361884.1
9,162,1,1,22807
15,162,1,20,578864.6
16,162,0,47,1251551.3
17,162,1,7,202602.6
65,162,1,20,685089.5
66,162,0,29,847846.5
67,162,1,2,60128.7
77,162,1,31,986606.8
78,162,0,35,1105396.2
0,163,0,90.5,2133452.5
1,163,0,43,1221344.4
4,163,0,58,1625210.3
5,163,0,97,2791115.1
6,163,0,140.5,3948898.5
7,163,0,80.5,2381976.6
8,163,0,76,2028223.2
65,163,1,17,582326
66,163,1,14,479562.6
67,163,1,6,180386.2
78,163,0,18,676804.5
79,163,1,4,127304.1
0,164,0,84,2378392.4
4,164,0,31.5,895721.5
5,164,0,52.5,1334886.4
6,164,1,9,249262.2
67,164,1,4,120257.4
71,164,1,2,60128.7
78,164,1,8,254608.2
79,164,1,16.5,525129.5
0,165,1,24,595846.9
1,165,1,5,124134.8
78,165,0,24,807949.3
79,165,1,21,668346.6
0,166,1,14,425167
2,166,1,1,31959.2
79,166,1,1,32977.8
7,167,1,1,31959.2
8,167,1,4,127836.8
14,167,1,1,28943.2
7,168,1,4,127836.8
8,170,1,4,127836.8
67,171,1,3,97480.3
67,172,1,11,357427.9
69,172,1,10,324934.4
70,172,1,10,324934.4
1,173,1,3,95877.6
8,173,1,7,223714.3
67,173,0,67.5,1927389.7
68,173,0,129.5,3718350.6
69,173,0,65,1780902.1
70,173,1,8,259947.6
11,174,1,4,127836.8
67,174,0,54,1310065.8
68,174,0,73,1820286.4
69,174,0,32.5,756774.3
70,174,0,53,1493643.5
71,174,0,68,1791984.5
72,174,1,20,659555.1
65,175,1,4,129973.8
66,175,1,11,357427.9
67,175,0,58.5,1834454.4
68,175,0,30,736397.8
69,175,0,75,1849307.4
70,175,0,60,1756745.4
71,175,0,78,2085407.7
72,175,1,12,395733
65,176,1,2,49703
66,176,1,22,546733.2
67,176,0,41,1158705.1
69,176,1,26.5,658564.9
70,176,0,49,1378628.8
71,176,1,20,497030.1
0,177,1,3,67502.9
70,177,1,2,49703
0,178,1,25.5,573774.7
0,179,0,129,2711031.9
1,179,0,114.5,2846128.3
2,179,1,8,236287.1
0,180,0,131,2786048
1,180,0,179.5,4938546.5
2,180,0,157,4444414.8
3,180,0,94.5,2609965
4,180,1,33,974684.5
5,180,1,7,206751.2
38,180,1,1,30009.1
43,180,1,4,118728.4
0,181,0,38,705520.2
1,181,0,31,661311.5
2,181,0,166,3802106
3,181,0,97,2602412.8
4,181,0,86,2280907.8
5,181,0,46,1366684.8
7,181,1,23,692095.3
8,181,1,5,150455.5
9,181,1,22,662004.2
2,182,0,41,940321.9
3,182,0,60,1553541.4
4,182,0,131,2588795.1
5,182,0,67.5,1666375.6
6,182,1,4,90028.8
7,182,0,87,1861720.3
8,182,0,182,5236009.8
13,182,1,8,150466.9
39,182,1,2,60018.3
42,182,1,7,207774.7
43,182,1,22,653006.3
44,182,1,5,148410.5
1,183,1,3,69191.5
2,183,1,6,135043.2
3,183,0,92.5,2664524.7
4,183,0,49,1248586.8
5,183,1,10,225071.9
6,183,0,95.5,2289284.9
7,183,0,110.5,2673786.2
8,183,0,55,1362156.9
9,183,0,42.5,1081046
10,183,0,66,1759104.9
11,183,1,5,150455.5
12,183,1,2,37616.7
13,183,1,3,56425.1
14,183,1,4,75233.4
41,183,0,32,681873.8
42,183,0,78,2032583.7
43,183,0,93.5,2498394.2
44,183,0,29,738020.5
3,184,0,78,1648589.2
4,184,0,149.5,2871937.1
5,184,0,59,1197310.7
6,184,0,208.5,4038929.6
7,184,0,152,3402139
8,184,0,206,3420462.4
9,184,0,74,1722378.2
10,184,0,73,1990705.2
41,184,0,28,792999.9
42,184,0,66,1647876.5
43,184,0,87.5,2276874.3
44,184,0,40,961062.7
45,184,0,33,991405.9
46,184,1,6,178092.6
51,184,1,2,59364.2
1,185,0,59.5,1392045.9
2,185,0,183.5,4442245.3
3,185,0,102,2202999.1
4,185,1,15,337607.9
5,185,0,41,1171925.9
6,185,0,105,2443552.5
7,185,0,186,3857308.8
8,185,0,313.5,5678344
9,185,0,59.5,1577171.2
10,185,1,3,90273.3
41,185,1,25,750228.6
42,185,0,100,2130644.5
43,185,0,67.5,1654682.5
44,185,0,105,2499281.4
45,185,0,69,1750793.4
46,185,0,61,1767262.5
1,186,0,236.5,4784183.4
2,186,0,178.5,4378518.5
3,186,0,101.5,2829456.2
4,186,0,37.5,1028333.9
5,186,0,49,1444866.6
6,186,0,107,2787125.5
7,186,1,72,1981424.7
8,186,0,78.5,1939264.5
9,186,1,2,55039.6
41,186,1,2,60018.3
42,186,0,70.5,2417254.1
43,186,0,42,1253831.5
44,186,0,44,1341155.8
45,186,0,103.5,2842346.5
46,186,0,85.5,2394137.6
69,186,1,2,64699.1
1,187,0,286.5,4523687.2
2,187,0,111,3194306.6
3,187,0,49,1223516.4
4,187,0,68,2516527.9
5,187,0,89,1953414.6
6,187,0,76,2088571.1
7,187,0,70,1968631.6
8,187,1,5,137598.9
35,187,1,4,120036.6
42,187,0,43,1123486.7
43,187,0,68.5,2070525.3
44,187,1,10,286773.9
45,187,0,37,1084845.3
46,187,0,39,1269313
58,187,1,15,364303
1,188,1,26.5,675826.4
2,188,0,73,2190992.5
3,188,1,4,145822.9
4,188,1,5,182278.6
5,188,1,25,911392.9
6,188,1,7,255190
7,188,1,4,110079.1
42,188,1,1.5,43016.1
43,188,1,27,774289.5
44,188,1,4,114709.6
0,189,1,3.5,89260.1
4,189,1,7,255190
5,189,1,11,401012.9
5,190,1,2,72911.4
71,190,1,2,64699.1
72,190,1,2,55727.8
76,190,1,6.5,181115.4
77,190,1,39,1086692.3
27,191,1,2,37616.7
71,191,1,10.5,339670.5
72,191,0,42,1174722.4
73,191,0,34,891099.9
74,191,1,23,671193.5
75,191,1,25,729558.2
76,191,0,96,2564645.9
77,191,0,83,2269245
71,192,1,28,905787.9
72,192,0,71.5,2290263.5
73,192,0,72.5,1709206
74,192,0,56,1534472.4
75,192,0,91,2120243.6
76,192,0,77.5,1938687.5
77,192,0,81,2544740.6
78,192,0,43.5,1222941
69,193,1,6,194097.4
71,193,0,121.5,2892285.3
72,193,0,46,1391812.2
73,193,0,76,2222343.6
74,193,0,77,1890476.4
75,193,0,83,2060853.4
76,193,0,82,1936618.9
77,193,0,78.5,1886604.7
78,193,0,64,1713502.6
79,193,1,15,435689.7
6,194,1,14,407785
21,194,1,3,56425.1
22,194,1,3,56425.1
45,194,1,6,157610.5
50,194,1,7,183879
72,194,1,13,379370.3
73,194,0,120,3205077
74,194,0,35,850480.2
75,194,0,90,2308644.3
76,194,0,25,663189.6
77,194,1,19,551873.6
78,194,1,16,464735.6
6,195,1,21.5,626241.2
7,195,1,12,349530
45,195,1,5,131342.1
48,195,1,2,52536.8
49,195,0,33.5,1045284.6
50,195,0,31,852718.8
51,195,1,29,761784.3
52,195,1,17,412876.7
70,195,1,10,323495.7
73,195,1,13,379370.3
74,195,1,17,496099.6
75,195,0,33.5,676782.7
76,195,1,2,58364.7
6,196,1,15,445984.1
7,196,0,83,2077457
21,196,1,2,37616.7
46,196,1,2,52441.3
48,196,1,1,26220.7
49,196,0,91.5,2499953.6
50,196,0,57,1471506
51,196,0,41,1133987.8
75,196,1,7,184933.4
6,197,1,16,475716.3
7,197,1,18,600474.3
49,197,1,39,1022605.9
50,197,0,49,1348781.9
51,197,0,38,908319.9
4,198,1,6,178393.6
5,198,1,4,118929.1
6,198,1,5,148661.4
7,198,0,31,659617.3
8,198,1,7,233517.8
51,198,1,7,183544.6
4,199,1,7,208125.9
5,199,1,3.5,104062.9
7,199,0,137,3841139.4
8,199,0,46,1175620.4
3,200,1,23,683842.2
4,200,0,50,1291620
5,200,1,7,208125.9
7,200,0,69,1691403.6
8,200,0,55,1254681.7
9,200,1,6,200158.1
10,200,0,35,911856.6
11,200,0,36,847076.6
3,201,0,68.5,2003739.1
4,201,0,67,1878590.3
5,201,0,65,1691139
6,201,1,9,280645
7,201,0,146,3416973.2
8,201,0,68.5,1669971.6
9,201,0,50,1074658.7
10,201,1,1,24812.3
3,202,0,75,1413434
4,202,0,35,1013010.5
5,202,0,95,2098164.1
6,202,1,2,62365.6
7,202,0,59,1261679.3
8,202,0,120,2880223.1
9,202,0,75,2192122.7
10,202,1,2,49624.7
4,203,1,20,623655.6
5,203,0,73.5,2007104.2
6,203,0,56.5,1492474.8
7,203,1,22.5,558277.8
8,203,0,60,1464818.1
9,203,1,29,719558.1
5,204,1,11,343010.6
6,204,1,2,62365.6
8,204,1,23,570684
76,205,0,61.5,1521057
77,205,1,33,871828.7
79,205,1,2,52838.1
80,205,1,1,26419.1
81,205,1,7,184933.4
39,206,1,8,213487.6
40,206,1,15,400289.3
41,206,0,59,1819412
42,206,0,47,1342799.2
75,206,1,4,91925.9
76,206,1,24,551555.3
77,206,0,48,1177827.4
9,207,1,3,82815.9
40,207,1,15,400289.3
41,207,0,107.5,2998975.2
42,207,0,74,2007834.4
43,207,0,41,1139001.3
44,207,0,31,1004029.6
72,207,0,81,2542639.9
73,207,0,60,1622481.8
74,207,1,8,183851.8
75,207,0,41,1223609.4
76,207,0,38,990670.1
77,207,1,19,493903.9
6,208,1,1,23946.4
8,208,0,46,1350151.8
9,208,1,21,579711.2
39,208,1,8,213487.6
40,208,0,41.5,1015374.7
41,208,1,23,613776.9
42,208,0,65,1447510.4
43,208,0,68,1966990.7
44,208,0,109,2957767.2
45,208,1,8,234067
70,208,1,6,137127.8
72,208,0,53,1688689.7
73,208,0,83.5,2661328.6
74,208,0,111,2506088.2
75,208,0,54.5,1399996.2
76,208,0,88.5,1985913.7
77,208,0,112,3044387
78,208,1,5,129974.7
85,208,1,16.5,406507.3
3,209,1,2,47892.9
6,209,0,48,1412437.7
7,209,0,51,1548845
8,209,1,21.5,593513.8
9,209,0,47,1111008
39,209,1,8,213487.6
40,209,0,128,3527629.1
41,209,0,50.5,1118076.5
42,209,0,83.5,2211992.6
43,209,0,53.5,1523982.3
44,209,0,83,2186487.3
45,209,1,18,526650.8
72,209,0,41,1209730.2
73,209,0,35.5,1040020.4
74,209,0,88,1675227.1
75,209,0,58,1480312.1
76,209,0,68.5,1449715.6
77,209,0,64.5,1920648.1
78,209,1,18,467908.9
84,209,1,2,49273.6
85,209,1,15,369552.1
5,210,1,2,47892.9
6,210,1,28,670500.3
7,210,0,67,1743628.7
8,210,0,91,2325580.1
9,210,0,33,948363.3
10,210,1,4,110421.2
39,210,1,16,426975.2
40,210,0,51,1391271.8
41,210,0,39,1053818.8
42,210,1,18,526650.8
44,210,1,2,58516.8
65,210,1,2,45709.3
72,210,1,6,137888.8
73,210,0,118,3186834.2
74,210,0,61,1702734
75,210,0,49,1284751.5
76,210,0,72,1660456.4
77,210,0,85,2175822.3
78,210,1,10,259949.4
84,210,0,16,524626
4,211,1,8,217750.7
5,211,0,27,885972.3
6,211,0,61,1909683.4
7,211,0,79,1990524.6
8,211,0,63.5,1553419.2
9,211,0,42,1199204.1
39,211,1,12,320231.4
41,211,1,2,53371.9
56,211,1,1,22854.6
57,211,1,1,22854.6
73,211,0,65,1825593.1
74,211,0,55,1513825.7
75,211,0,32,815065.8
76,211,0,81,2083090.9
77,211,0,134,2917979.4
4,212,1,2,54437.7
5,212,1,2,54437.7
6,212,1,18,489939.1
7,212,1,23,654154.7
8,212,0,45,1010108.7
9,212,1,14,398181.1
52,212,1,6,137127.8
56,212,1,2,45709.3
57,212,1,7,159982.4
71,212,1,9,205691.7
73,212,1,4,94724.1
74,212,0,35.5,1204771.6
75,212,1,16,378896.5
76,212,0,70,1848727.2
77,212,0,44,1045347.4
7,213,1,9,255973.6
8,213,0,76,1888264.4
9,213,0,51,1175995.1
38,213,1,2,53371.9
74,213,1,8,189448.3
76,213,1,8,189448.3
77,213,1,2,56223.2
8,214,0,54.5,1239331.1
9,214,1,4,113766
75,214,0,96.5,3049195.8
76,214,1,14,331534.4
77,214,1,5,140558.1
79,214,1,3,84334.9
75,215,1,21,497301.7
76,215,1,26,615706.8
77,215,1,22,618455.7
78,215,1,23,646567.4
74,216,1,4,110436.9
75,216,1,12,331310.7
76,216,0,67,1658604.3
77,216,0,109.5,2625164.2
78,216,0,58,1269559.1
79,216,1,7,195095.5
75,217,1,17,469356.8
76,217,0,65,1491981.4
77,217,0,74.5,1706651.5
78,217,0,35,826702.2
79,217,1,11,306578.7
75,218,0,27,786221.4
76,218,0,58.5,1641028.1
77,218,0,36,1016955.7
78,218,1,27,752511.3
79,218,1,13,362320.2
82,218,1,10,268767.8
83,218,1,23,618166
2,219,1,11,317227
3,219,0,36,1335789.5
4,219,1,17,490259.9
5,219,1,13.5,389324.1
75,219,1,6,165655.3
76,219,0,76,2130180.5
77,219,0,78,2164471.5
82,219,0,50,1225720.2
83,219,0,132.5,3150595.9
84,219,1,24,645042.8
85,219,0,41,1109949.9
86,219,1,14,376274.9
87,219,1,4,109660.1
88,219,1,5,137075.2
2,220,1,28,807487
3,220,0,67.5,2020056
4,220,0,43.5,1033712.5
5,220,0,64,1799034.5
6,220,0,76.5,2155986.9
7,220,1,6,160094.9
76,220,1,20,552184.4
82,220,1,15,403151.7
83,220,1,24,645042.8
84,220,0,27,668665.3
85,220,0,27,725343.1
86,220,0,58,1444901.4
87,220,1,41,1124016.5
88,220,1,8,219320.3
3,221,1,12,320189.9
4,221,0,41,876030.9
5,221,0,26,514784
6,221,1,22,587014.7
7,221,1,4,106730
85,221,1,15,366185.6
86,221,1,17,415010.4
87,221,1,35,953999.5
88,221,1,8,218057
3,222,1,2,53365
4,222,1,14,373554.8
5,222,1,4,106730
47,222,1,1,25711.3
48,222,1,1,25711.3
63,222,1,23,789092.5
64,222,1,6,205850.2
47,223,1,14,359958.5
48,223,0,53.5,1428638.2
64,223,1,4,137233.5
44,224,1,1,23638.7
45,224,1,4,94554.8
46,224,1,11,260025.8
47,224,1,8,205690.6
48,224,0,86.5,2341252.4
49,224,0,22,574956.3
50,224,0,71.5,1959158.1
45,225,1,7,165470.9
46,225,1,51,1205574
47,225,0,39,1089160.4
48,225,0,67,1623688.4
49,225,0,78.5,1871156
50,225,0,30,894023.7
51,225,1,6,154267.9
13,226,1,4,100686
14,226,1,14,352401.1
15,226,1,20.5,516015.9
16,226,1,16,402744.2
17,226,0,35,942607.8
18,226,1,12,317089.9
44,226,1,1,30498
45,226,1,4,121991.9
46,226,0,49,1185176.6
47,226,0,71,1728159
48,226,0,47.5,1227927
49,226,0,57.5,1509085.3
50,226,1,7,178595.3
81,226,1,2,48824.7
13,227,1,4,100686
14,227,1,28,704802.3
15,227,0,96,2404179.4
16,227,0,42,1101689.2
17,227,0,60,1462307.2
18,227,0,55,1504514.6
36,227,1,2,60995.9
46,227,1,31,945437.1
47,227,1,6,153081.7
48,227,1,16,408217.9
49,227,1,12,306163.4
50,227,1,4,102054.5
5,228,1,1,29158.2
15,228,0,70,2108691.7
16,228,0,60,1401170
17,228,0,48,1251129.8
18,228,0,44,1025548.5
15,229,0,56,1439007
16,229,1,6,151029.1
17,229,1,4,105696.6
18,229,1,31,819149
19,229,1,11,290665.8
17,230,1,14,369938.2
18,230,0,33.5,801597
19,230,0,26,682752.6
20,230,1,1,26424.2
16,231,1,7,184969.1
17,231,0,111,3244329
18,231,0,71,2085606.2
19,231,0,132,3550097.1
20,231,0,33,775375.4
4,232,1,12,349898.4
17,232,1,14,394104.7
18,232,0,51.5,1214975.7
19,232,0,130.5,3412452.4
20,232,1,19.5,548931.5
18,233,1,4,112601.3
19,233,1,7,197052.3
21,233,1,4,112601.3
29,233,1,1,19383.4
20,234,1,4,112601.3
21,234,0,49.5,1449952.5
22,234,1,21,407050.4
19,235,1,3,84451
20,235,0,24,630194.7
21,235,0,83,1932586.2
22,235,0,41,1002996.7
23,235,1,12,232600.2
20,236,0,115,2839217.8
21,236,0,65,1722249.8
22,236,0,85,2080164.4
23,236,0,81,2045864.6
24,236,1,7,173042.7
20,237,0,37,1098995.2
21,237,1,13,350799.3
22,237,1,3,74161.2
23,237,0,72.5,1795084.2
24,237,0,33,835761.2
76,237,0,30,768569.6
23,238,0,66,1509651.6
24,238,0,45.5,1057243
25,238,1,2,49440.8
42,238,1,1,34308.4
75,238,1,8,194985
76,238,0,70,1996615.3
77,238,1,8,190089.2
78,238,1,5,118805.8
81,238,1,4,95044.6
22,239,1,2,49440.8
23,239,0,68,1612726
24,239,0,56.5,1347821.5
25,239,0,40,1260937.4
26,239,1,4,98881.6
57,239,1,8,198111.5
75,239,1,19,463089.3
76,239,0,101.5,2649772.1
77,239,0,55,1464746
78,239,0,46,913045.3
79,239,0,46,1128069.4
80,239,0,55,1453064.3
81,239,0,55,1479416.3
82,239,1,11,316201.5
20,240,1,15,404768.4
21,240,1,13,350799.3
22,240,1,14,346085.5
23,240,0,36.5,1020735
24,240,0,64,1621391.2
25,240,1,22,543848.6
26,240,0,43,1429328.8
27,240,1,10,280131.1
39,240,1,1.5,51462.6
59,240,1,6,148583.6
75,240,1,19,463089.3
76,240,0,41,1098768
77,240,0,64,1623715.3
78,240,0,67,1434043.4
79,240,0,66.5,1629393.3
80,240,0,39,1089229.3
81,240,1,23,546506.6
82,240,1,15,431183.9
6,241,1,1,25103.7
19,241,1,2,55349
20,241,1,11,304419.4
21,241,1,18,498140.9
22,241,1,5,140065.5
23,241,1,1,28013.1
24,241,0,103,2593000.2
25,241,0,60,1396783.4
26,241,1,3,84039.3
57,241,1,4,99055.8
58,241,0,72,2045812.2
59,241,1,8,198111.5
60,241,1,7,173347.6
76,241,1,39,1047000
77,241,0,52,1276856.1
78,241,1,18,505003.7
79,241,1,9,252501.9
94,241,1,4,110040.5
103,241,1,12,317069.3
24,242,0,108.5,2341327.3
25,242,0,43,805626.2
57,242,1,6,148583.6
58,242,0,55.5,1321465.5
59,242,0,62.5,1522055.4
60,242,1,20,495278.8
75,242,1,4,107384.6
76,242,1,6.5,174500
77,242,0,42,1042356.9
79,242,1,2,56111.5
101,242,1,21,577712.9
102,242,1,2,52844.9
103,242,0,74,2020157.7
1,243,1,2,50207.4
16,243,1,2,55349
23,243,1,1,28013.1
24,243,0,42,1218967.2
25,243,1,5,140065.5
57,243,1,15,371459.1
58,243,0,96,2396634.6
59,243,0,121,2771278.6
60,243,1,16,396223.1
77,243,1,2,56111.5
101,243,1,12.5,343876.7
102,243,1,31,819095.7
103,243,1,6,158534.7
3,244,1,2,50207.4
23,244,1,5,140065.5
24,244,0,67,1253524.2
57,244,1,24,594334.6
58,244,0,84,2134325.9
59,244,0,58,1250219.5
60,244,1,17,420987
99,244,1,20,550202.7
100,244,0,36,985848.1
101,244,0,37,1018063.2
18,245,1,3,83023.5
57,245,1,23,569570.6
58,245,0,86,2100257.2
59,245,0,56,1383352.3
60,245,0,34,853877
99,245,0,27,540495
100,245,1,16,440162.2
56,246,1,5,122368
57,246,1,34,1030555.8
58,246,0,98,2111843.1
59,246,0,57,1259288
60,246,0,61.5,1665850.3
23,247,1,2,67388.6
24,247,1,13,438026.2
25,247,1,6,202165.9
26,247,1,30,1010829.7
56,247,1,25,611840
57,247,0,55,1478882.2
58,247,0,77.5,1906510.7
59,247,0,60,1034662.8
60,247,1,12,363725.6
24,248,0,27.5,786634.3
25,248,0,53,1629855.7
26,248,0,108,2962909.4
27,248,1,5,130065.5
82,248,1,2,57924.7
96,248,1,6,158534.7
24,249,0,39,937692.7
25,249,0,34,974995.9
26,249,0,84,2206273.2
83,249,1,7,202736.5
84,249,1,33,955757.6
85,249,1,19,550284.7
86,249,1,2,57924.7
23,250,1,2,67388.6
24,250,0,79,1964762.9
25,250,0,128.5,2978489.8
26,250,0,48.5,980538.7
27,250,1,34,884445.4
82,250,0,34,817730.7
83,250,0,97,2300291.3
84,250,0,67.5,1435270.5
85,250,0,76,1664005
86,250,1,15,434435.3
87,250,1,26,747385.4
88,250,1,21,603657.4
23,251,1,4,113928.3
24,251,1,6,170892.5
25,251,0,73,1907262.9
26,251,0,44,1195083.3
27,251,1,19,494248.9
82,251,1,29,771887
83,251,0,46,1005119.5
84,251,0,55,1116979.6
85,251,0,62,1671934
86,251,0,94,2237901.7
87,251,0,67.5,1741098.4
88,251,1,21,541082.3
90,251,1,2,51531.6
102,251,1,2,52844.9
8,252,1,7,175725.7
23,252,1,4,113928.3
24,252,0,35,1061171.8
25,252,0,65.5,1847130
26,252,0,103,2989175.3
27,252,1,1,26013.1
59,252,1,4,97894.4
69,252,1,4,97894.4
82,252,1,5,133084
84,252,0,51,1184567.8
85,252,0,68,1652667.8
86,252,0,59,1592402.7
87,252,1,57,1468651.9
23,253,1,3,85446.2
24,253,1,15,427231.2
25,253,0,37,977637.7
26,253,1,12,341785
85,253,1,2,53233.6
87,253,1,5,128829.1
19,254,1,1,27674.5
19,255,1,7,193721.4
