x,y,imputed,ind,men,men_1ind,men_5ind,men_coll,men_fmp,men_mais,men_pauv,men_prop,men_surf
16,106,1,3,1.3,0.4,0,0.1,0.1,1.2,0.1,1.1,153.8
15,106,1,13.5,5.9,1.9,0.2,0.3,0.3,5.6,0.5,5,692.3
23,68,1,8,3.8,1.1,0,0,0.4,3.8,0.4,3.2,328.6
14,106,1,11,4.8,1.5,0.1,0.2,0.3,4.6,0.4,4.1,564.1
26,60,1,4,1.8,0.5,0.1,0.1,0.2,1.7,0.2,1.5,200.3
34,82,1,12,4.6,0.6,0,0,0,4.6,0.9,4.3,491.6
22,82,1,6,2.7,0.7,0.1,0,0.8,2.7,0.7,2.2,265.5
35,82,1,20.5,7.9,1,0,0,0,7.9,1.5,7.4,839.8
23,82,1,3,1.3,0.3,0.1,0,0.4,1.3,0.3,1.1,132.8
2,80,0,50,17,6,4,3,2,14,3,13,1916
34,80,1,4,1.5,0.2,0,0,0,1.5,0.3,1.4,163.9
28,96,1,11,4.8,1.2,0,0.3,0.2,4.5,0.2,4,655
3,50,1,4,1.7,0.5,0.1,0.3,0.3,1.4,0.2,1.2,212.1
22,68,1,5,2.4,0.7,0,0,0.2,2.4,0.2,2,205.4
9,98,1,3,1.3,0.4,0,0.1,0.1,1.2,0.1,1.1,153.8
3,80,1,13,5,1.1,0.6,0.3,0,4.7,0.6,4.7,765.9
29,96,1,6,2.6,0.7,0,0.1,0.1,2.5,0.1,2.2,357.3
17,96,1,1,0.4,0.1,0,0,0,0.4,0,0.3,56
24,68,1,4,1.9,0.6,0,0,0.2,1.9,0.2,1.6,164.3
1,80,1,3,1.2,0.3,0.1,0,0.1,1.2,0.3,1.1,157.6
64,92,1,9,3.9,1.5,0.3,0.8,0.5,3.1,0.8,2.1,425.1
69,92,1,2,0.8,0.2,0.1,0.1,0,0.7,0.3,0.5,92.8
12,2,1,3,1.3,0.1,0.1,0,0,1.3,0.1,1.2,146.3
23,106,1,5,2.3,0.9,0.3,0.4,0.2,1.9,0.3,1.7,298.9
39,106,1,2,0.8,0.2,0.1,0,0,0.8,0.2,0.7,101.3
4,80,1,4,1.5,0.3,0.2,0.1,0,1.4,0.2,1.4,235.7
65,92,1,3,1.3,0.5,0.1,0.3,0.2,1,0.3,0.7,141.7
40,106,1,3,1.2,0.3,0.1,0,0,1.2,0.3,1,151.9
53,96,1,5,2.3,0.6,0,0.1,0.1,2.2,0.4,2.1,261.6
66,92,1,11,4.8,1.8,0.4,1,0.6,3.8,1,2.6,519.6
7,51,1,22,9.2,2.6,0.6,1.5,1.5,7.7,1.1,6.8,1166.8
33,109,1,1,0.4,0.1,0,0,0,0.4,0,0.3,46.5
21,68,1,17,8.1,2.4,0,0,0.8,8.1,0.8,6.9,698.2
17,68,1,13,5.8,1.5,0.2,0,1.8,5.8,1.5,4.8,575.2
66,75,1,2,0.9,0.3,0.1,0,0,0.9,0.2,0.7,88.5
21,65,0,18,12,8,0,7,1,5,1,4,783
38,119,1,2,0.9,0.3,0,0,0,0.9,0,0.6,93
20,75,1,6,2.8,1,0.1,0,0.2,2.8,0.4,2.1,306.3
53,95,1,15,7,1.9,0,0.3,0.3,6.7,1.1,6.2,784.8
43,114,1,8,3.4,1.1,0,0,0,3.4,0,2.6,372
16,68,1,1,0.4,0.1,0,0,0.1,0.4,0.1,0.4,44.2
17,119,1,3,1.1,0.2,0.2,0,0.1,1.1,0,1,124.3
66,105,1,18,6.7,1.2,0.4,0,0.4,6.7,1.6,5.9,775.6
24,64,1,15,7.6,3.6,0,2,0,5.6,2,5.1,764.2
27,96,1,8,3.2,1.1,0.5,0,0,3.2,0.3,3.2,326.9
22,65,0,22,12,6,1,2,2,10,2,8,1185
23,67,1,4,2,0.9,0,0.5,0,1.5,0.5,1.4,203.8
23,64,0,41,22,9,0,0,0,22,5,20,2099
5,51,1,22.5,9.4,2.7,0.6,1.5,1.5,7.9,1.2,6.9,1193.3
24,116,1,2,0.9,0.4,0,0,0,0.9,0.1,0.7,106
31,105,1,6,2.6,0.7,0,0.1,0.1,2.5,0.1,2.2,357.3
44,105,1,6,3,1.2,0.1,0,0,3,0.4,3,349.4
21,116,1,11,5.2,2.2,0.2,0,0,5.2,0.4,4,583
21,75,1,1,0.5,0.2,0,0,0,0.5,0.1,0.4,51.1
38,105,1,4,1.6,0.3,0.2,0,0,1.6,0.3,1.4,202.6
40,105,1,13,5.1,1.1,0.6,0,0.1,5.1,1.1,4.5,658.3
64,63,1,10,5.2,1.4,0,0,0.5,5.2,0.5,5.2,660
13,105,1,1,0.4,0.1,0,0,0,0.4,0,0.4,51.3
39,105,1,17,6.6,1.5,0.7,0,0.2,6.6,1.5,5.9,860.8
23,116,1,11,5.2,2.2,0.2,0,0,5.2,0.4,4,583
21,67,0,56,26,10,1,4,2,22,5,19,2894
66,91,1,8,3.5,1.3,0.3,0.7,0.4,2.8,0.7,1.9,377.9
6,51,1,13,5.4,1.6,0.3,0.9,0.9,4.5,0.7,4,689.4
4,51,1,2,0.8,0.2,0.1,0.1,0.1,0.7,0.1,0.6,106.1
21,86,1,2,0.9,0.3,0,0,0,0.9,0.1,0.8,104.1
64,73,1,10,4.5,1.4,0.4,0,0,4.5,1.1,3.6,442.7
23,65,1,1,0.5,0.2,0,0.1,0,0.4,0.1,0.3,50.9
22,63,1,15,6.5,1.4,0.3,0.3,0,6.2,0.8,5.4,747.2
17,67,1,20,9.1,2.5,0.7,0.7,1.1,8.4,1.1,7.7,1001.4
28,6,1,11,4.6,1.8,0.2,0,0.2,4.6,0.5,2.8,470.5
35,127,1,4,1.7,0.6,0,0,0,1.7,0,1.3,186
63,63,1,4,2.1,0.6,0,0,0.2,2.1,0.2,2.1,264
22,116,1,16,7.6,3.2,0.3,0,0,7.6,0.6,5.8,848
25,67,1,1,0.5,0.2,0,0.1,0,0.4,0.1,0.3,50.9
27,6,0,33,12,7,1,0,1,12,3,11,1309
23,63,0,55,17,4,4,0,5,17,7,8,1449
22,67,0,39,17,6,2,1,0,16,4,13,1669
20,67,1,4,1.7,0.4,0.1,0.1,0,1.6,0.2,1.4,199.2
42,105,1,5,1.9,0.4,0.2,0,0.1,1.9,0.4,1.7,253.2
67,105,1,6,2.2,0.4,0.1,0,0.1,2.2,0.5,2,258.5
21,117,1,6,2.8,1.2,0.1,0,0,2.8,0.2,2.2,318
5,117,1,5,1.9,0.4,0.3,0,0.3,1.9,0.5,1.8,232.6
44,103,1,11.5,5.8,2.4,0.3,0,0,5.8,0.8,5.8,669.6
34,127,1,2,0.9,0.3,0,0,0,0.9,0,0.6,93
19,95,1,2,0.9,0.4,0.1,0.2,0.1,0.7,0.1,0.7,119.6
8,39,1,6,2,0.1,0.3,0,0.1,2,0.4,1.6,208.1
62,75,1,5,2.3,0.6,0,0.5,0.1,1.8,0.1,1.5,235.8
69,91,1,2,0.8,0.2,0.1,0.1,0,0.7,0.3,0.5,92.8
41,105,1,28,10.9,2.4,1.2,0,0.3,10.9,2.4,9.7,1417.9
3,78,1,3,1.1,0.3,0.1,0,0,1.1,0.1,1.1,176.7
65,91,1,18,7.9,2.9,0.7,1.7,1,6.2,1.6,4.3,850.3
26,6,0,27,11,5,2,0,0,11,5,9,1160
10,22,0,49,20,6,3,0,2,20,5,19,2169
29,6,1,4,1.7,0.7,0.1,0,0.1,1.7,0.2,1,171.1
65,73,1,3,1.3,0.4,0.1,0,0,1.3,0.3,1.1,132.8
43,103,1,7,3.5,1.4,0.2,0,0,3.5,0.5,3.5,407.6
62,73,1,9,4.2,1.2,0,0.9,0.2,3.3,0.2,2.8,424.4
63,73,1,17,7.6,2.4,0.6,0,0,7.6,1.8,6.1,752.6
52,95,1,4,1.9,0.5,0,0.1,0.1,1.8,0.3,1.6,209.3
22,76,1,19,8.8,3.1,0.3,0,0.7,8.8,1.4,6.8,970
18,67,1,12,5.2,1.1,0.2,0.2,0,5,0.7,4.3,597.7
34,81,1,3,1.2,0.1,0,0,0,1.2,0.2,1.1,122.9
16,107,1,17,7.5,2.4,0.2,0.4,0.4,7.1,0.6,6.3,871.8
27,95,1,4,1.6,0.5,0.3,0,0,1.6,0.1,1.6,163.5
25,6,1,5,2.4,0.9,0.2,0,0.2,2.4,0.5,2,250
22,64,1,6,2.6,0.6,0.1,0.1,0,2.5,0.3,2.2,298.9
70,91,1,1,0.4,0.1,0.1,0.1,0,0.3,0.1,0.2,46.4
18,95,1,17,8,3.2,1.1,1.6,0.5,6.4,1.1,5.8,1016.3
21,76,1,16,7.4,2.6,0.3,0,0.6,7.4,1.1,5.7,816.9
22,78,1,8,3.5,0.9,0.2,0,1.1,3.5,0.9,2.9,354
42,103,1,15.5,6,1.3,0.7,0,0.2,6,1.3,5.4,784.9
65,103,1,17,6.3,1.1,0.4,0,0.4,6.3,1.5,5.5,732.5
12,25,1,5,2.1,0.3,0,0.2,0.2,1.9,0.3,1.8,214.4
66,103,0,34,12,3,2,1,0,11,3,10,1468
16,95,1,6,2.5,0.6,0.2,0,0.2,2.5,0.2,2,336.1
64,91,1,3,1.3,0.5,0.1,0.3,0.2,1,0.3,0.7,141.7
5,52,1,25,10.5,3,0.6,1.7,1.7,8.8,1.3,7.7,1325.9
1,81,1,6,2.5,0.5,0.1,0,0.3,2.5,0.7,2.2,315.1
35,81,1,2,0.8,0.1,0,0,0,0.8,0.1,0.7,81.9
27,107,1,1,0.5,0.2,0.1,0.1,0,0.4,0.1,0.3,59.8
13,23,1,14,5.4,0.9,0.6,0.3,0.9,5.1,0.9,4.2,611.5
23,83,1,11,5.1,1.3,0,0,0.4,5.1,0.8,5.1,539.8
6,52,1,18.5,7.7,2.2,0.5,1.2,1.3,6.5,0.9,5.7,981.1
21,78,1,8,3.5,0.9,0.2,0,1.1,3.5,0.9,2.9,354
41,103,1,3,1.2,0.3,0.1,0,0,1.2,0.3,1,151.9
28,107,1,4,1.7,0.5,0,0.1,0.1,1.6,0.1,1.5,238.2
2,78,1,2,0.8,0.2,0,0,0.1,0.8,0.2,0.7,105
61,73,1,6,2.8,0.8,0,0.6,0.2,2.2,0.2,1.8,282.9
11,22,1,14,5.4,0.9,0.6,0.3,0.9,5.1,0.9,4.2,611.5
15,95,1,5,2.1,0.5,0.1,0,0.1,2.1,0.1,1.7,280.1
17,95,1,23.5,9.7,2.4,0.7,0,0.7,9.7,0.7,8,1316.3
9,23,1,4,1.7,0.2,0,0.1,0.1,1.6,0.2,1.5,171.5
14,107,1,20,8.8,2.8,0.2,0.5,0.5,8.3,0.7,7.4,1025.7
15,107,1,18,7.9,2.5,0.2,0.4,0.4,7.5,0.6,6.7,923.1
2,81,1,2,0.8,0.2,0,0,0.1,0.8,0.2,0.7,105
22,83,1,10,4.6,1.5,0,0,0,4.6,0.4,3.9,520.4
11,23,0,39,16,3,1,2,1,14,0,16,2039
20,1,1,3,1.5,0.4,0,0.2,0.1,1.3,0.2,1.3,184.9
12,23,0,41,12,4,3,0,0,12,2,12,1259
22,102,1,2,0.9,0.4,0.1,0.2,0.1,0.7,0.1,0.7,119.6
71,93,1,3,1.2,0.3,0.2,0.2,0.1,1,0.4,0.7,139.3
11,24,1,18,7.5,1.1,0,0.6,0.6,6.9,1.1,6.6,771.8
28,59,1,16,7.1,3.6,0.6,0,0,7.1,1.2,5.3,654.8
28,95,1,11,4.8,1.2,0,0.3,0.2,4.5,0.2,4,655
19,2,1,2,1,0.2,0,0.1,0.1,0.9,0.1,0.9,123.2
65,61,1,8,3.6,0.8,0,0,0.3,3.6,0,3,429.2
11,95,1,1,0.4,0.1,0,0,0,0.4,0,0.3,56
68,104,0,36,20,11,0,0,1,20,4,16,2260
27,59,1,11,5,1.4,0.4,0.4,0.6,4.6,0.6,4.2,550.8
54,95,1,7,3.2,0.9,0,0.1,0.1,3.1,0.5,2.9,366.2
56,103,1,3,1.3,0.5,0.1,0.3,0.2,1,0.3,0.7,141.7
29,58,1,2,0.9,0.4,0.1,0,0,0.9,0.1,0.7,81.9
20,66,1,1,0.4,0.1,0,0,0,0.4,0.1,0.4,49.8
13,24,1,5,1.9,0.3,0.2,0.1,0.3,1.8,0.3,1.5,218.4
21,66,0,52,27,14,2,5,2,22,3,17,2914
23,66,1,8.5,4.3,2,0,1.1,0,3.2,1.2,2.9,433.1
19,66,1,1,0.4,0.1,0,0,0,0.4,0.1,0.4,49.8
63,102,1,4,1.8,0.5,0,0.2,0,1.6,0.2,1.3,210.7
70,93,1,27,10.8,2.4,1.8,1.8,0.6,9,3.6,6.6,1253.4
18,0,1,1,0.5,0.1,0,0.1,0,0.4,0.1,0.4,61.6
23,85,1,1,0.5,0.1,0,0,0,0.5,0.1,0.5,49.1
64,61,1,2,0.9,0.2,0,0,0.1,0.9,0,0.8,107.3
10,23,1,15,6.2,0.9,0,0.4,0.5,5.8,0.9,5.5,643.2
29,59,1,1,0.4,0.2,0,0,0,0.4,0.1,0.3,40.9
18,66,1,14,6.1,1.3,0.3,0.3,0,5.8,0.8,5,697.4
61,74,1,3,1.4,0.4,0,0.3,0.1,1.1,0.1,0.9,141.5
61,102,1,6,2.8,0.8,0,0.3,0,2.5,0.2,2,316
19,0,1,4,2,0.5,0,0.3,0.2,1.7,0.3,1.7,246.5
12,24,1,23,9.6,1.4,0,0.7,0.7,8.9,1.4,8.5,986.2
22,85,1,2,0.9,0.3,0,0,0,0.9,0.1,0.8,104.1
21,85,1,12,5.5,1.8,0,0,0,5.5,0.5,4.7,624.5
61,71,1,8,4,1.5,0,0,0.2,4,0.2,3.8,448.5
63,103,1,2,0.7,0.1,0,0,0,0.7,0.2,0.7,86.2
63,64,1,7,3.7,1,0,0,0.3,3.7,0.3,3.7,462
21,84,1,20,9.1,3,0,0,0,9.1,0.9,7.8,1040.9
65,62,1,9,4,0.9,0,0,0.3,4,0,3.4,482.9
26,59,1,13,5.9,1.6,0.5,0.4,0.7,5.5,0.7,5,650.9
3,79,1,9,3.4,0.8,0.4,0.2,0,3.2,0.4,3.3,530.2
2,85,1,2,0.8,0.2,0.1,0.1,0,0.7,0.1,0.7,117.8
21,61,1,5,2.5,1.1,0.3,0,0.4,2.5,0.3,1,210.3
5,61,1,1,0.4,0.1,0,0,0,0.4,0,0.4,51.7
23,78,1,10,4.4,1.2,0.2,0,1.3,4.4,1.2,3.7,442.5
21,77,1,12,5.6,1.9,0.2,0,0.4,5.6,0.9,4.3,612.6
62,74,1,16,7.4,2.1,0,1.6,0.4,5.8,0.4,4.9,754.5
62,102,1,4,1.8,0.5,0,0.2,0,1.6,0.2,1.3,210.7
69,93,1,2,0.8,0.2,0.1,0.1,0,0.7,0.3,0.5,92.8
23,77,1,8,3.8,1.1,0,0,0.4,3.8,0.4,3.2,328.6
26,58,1,7,3.2,0.9,0.2,0.2,0.4,3,0.4,2.7,350.5
11,21,1,2,0.8,0.1,0.1,0.1,0.1,0.7,0.1,0.6,87.4
64,62,1,10,4.5,1,0,0,0.3,4.5,0,3.8,536.6
27,5,1,11,5.2,2,0.5,0,0.5,5.2,1,4.5,550
65,74,1,16,7.1,2.3,0.6,0,0,7.1,1.7,5.7,708.3
66,74,1,7,3.1,1,0.2,0,0,3.1,0.8,2.5,309.9
44,104,0,20,11,5,0,0,1,11,0,10,1200
22,66,0,46,19,8,1,4,0,15,5,12,2028
53,93,1,4,1.9,0.5,0,0.1,0.1,1.8,0.3,1.6,209.3
28,58,1,8,3.6,1.8,0.3,0,0,3.6,0.6,2.7,327.4
17,66,1,2,0.9,0.2,0.1,0.1,0.1,0.8,0.1,0.8,100.1
22,77,0,28,16,7,0,0,2,16,2,14,1640
45,104,1,3,1.5,0.6,0.1,0,0,1.5,0.2,1.5,174.7
4,79,1,5,1.9,0.4,0.2,0.1,0,1.8,0.2,1.8,294.6
7,53,1,8,3.4,1,0.2,0.6,0.5,2.8,0.4,2.5,424.3
64,74,1,1,0.4,0.1,0,0,0,0.4,0.1,0.4,44.3
64,104,1,3,1.1,0.2,0.1,0,0.1,1.1,0.3,1,129.3
24,78,1,3,1.3,0.3,0.1,0,0.4,1.3,0.3,1.1,132.8
43,115,1,5,2.1,0.7,0,0,0,2.1,0,1.6,232.5
67,104,0,42,20,10,3,0,0,20,3,16,2685
21,62,1,31,15.5,6.9,1.7,0,2.6,15.5,1.7,6,1303.7
18,121,1,1,0.4,0.1,0.1,0,0,0.4,0,0.3,41.4
10,21,1,8,3.1,0.5,0.3,0.2,0.5,2.9,0.5,2.4,349.4
15,93,1,3,1.2,0.3,0.1,0,0.1,1.2,0.1,1,168
10,20,1,2,0.8,0.1,0.1,0.1,0.1,0.7,0.1,0.6,87.4
20,77,1,2,0.9,0.3,0,0,0.1,0.9,0.1,0.7,102.1
1,79,1,1,0.4,0.1,0,0,0,0.4,0.1,0.4,52.5
28,7,1,4,1.7,0.7,0.1,0,0.1,1.7,0.2,1,171.1
2,79,1,30,12.3,2.7,0.7,0,1.4,12.3,3.4,10.9,1575.7
29,7,1,4,1.7,0.7,0.1,0,0.1,1.7,0.2,1,171.1
54,93,1,4,1.9,0.5,0,0.1,0.1,1.8,0.3,1.6,209.3
14,93,1,4,1.7,0.4,0.1,0,0.1,1.7,0.1,1.4,224.1
41,104,0,47,19,7,3,4,2,15,2,14,1934
66,104,0,33,14,3,0,0,0,14,4,11,1277
43,104,1,16,8.1,3.3,0.4,0,0,8.1,1.1,8.1,931.7
40,104,1,2,0.8,0.2,0.1,0,0,0.8,0.2,0.7,101.3
17,94,1,9,3.7,0.9,0.3,0,0.3,3.7,0.3,3.1,504.1
18,94,1,5,2.3,0.9,0.3,0.4,0.2,1.9,0.3,1.7,298.9
24,115,1,3,1.4,0.6,0.1,0,0,1.4,0.1,1.1,159
26,7,1,19,9.1,3.5,0.9,0,0.9,9.1,1.7,7.8,950
6,53,1,2,0.8,0.2,0.1,0.1,0.1,0.7,0.1,0.6,106.1
42,104,0,45,17,4,1,1,0,16,3,13,1870
60,72,1,8,4,1.5,0,0,0.2,4,0.2,3.8,448.5
3,20,1,3,1.3,0.4,0,0,0.3,1.3,0.4,1.2,137.7
62,72,1,7,3.5,1.3,0,0,0.2,3.5,0.2,3.3,392.4
61,72,1,6,3,1.1,0,0,0.2,3,0.2,2.8,336.4
59,72,1,3,1.5,0.6,0,0,0.1,1.5,0.1,1.4,168.2
22,84,0,29,11,3,2,1,0,10,0,10,1433
45,115,1,4,1.7,0.6,0,0,0,1.7,0,1.3,186
22,115,1,1,0.5,0.2,0,0,0,0.5,0,0.4,53
70,94,1,3,1.2,0.3,0.2,0.2,0.1,1,0.4,0.7,139.3
26,5,1,9,4.3,1.6,0.4,0,0.4,4.3,0.8,3.7,450
18,120,1,1,0.4,0.1,0.1,0,0,0.4,0,0.3,41.4
17,120,1,28,10.2,1.7,1.7,0,0.8,10.2,0,9.3,1159.9
23,115,1,5,2.4,1,0.1,0,0,2.4,0.2,1.8,265
66,102,1,2,0.9,0.2,0,0.1,0,0.8,0.1,0.7,105.3
26,94,1,4,1.6,0.5,0.3,0,0,1.6,0.1,1.6,163.5
54,94,1,13,6,1.6,0,0.2,0.2,5.8,0.9,5.3,680.2
71,94,1,5,2,0.4,0.3,0.3,0.1,1.7,0.7,1.2,232.1
64,102,1,8,3.7,1,0,0.4,0,3.3,0.3,2.7,421.3
15,94,1,14,5.8,1.5,0.4,0,0.4,5.8,0.4,4.8,784.2
28,94,1,6,2.6,0.7,0,0.1,0.1,2.5,0.1,2.2,357.3
55,94,1,2,0.9,0.2,0,0,0,0.9,0.1,0.8,104.6
14,94,1,1,0.4,0.1,0,0,0,0.4,0,0.3,56
16,94,0,24,11,3,1,0,0,11,1,9,1344
53,94,1,2,0.9,0.2,0,0,0,0.9,0.1,0.8,104.6
24,26,1,2,0.8,0.1,0.1,0.1,0.1,0.7,0.1,0.6,87.4
23,84,1,14,6.5,1.6,0,0,0.5,6.5,1.1,6.5,687.1
35,126,1,2,0.9,0.3,0,0,0,0.9,0,0.6,93
27,94,1,14,5.6,1.9,0.9,0,0,5.6,0.5,5.6,572.1
39,22,1,23,10.9,1.8,0,0.6,0,10.3,1.2,10.3,1197.2
101,53,1,12,5,0.7,0.7,0,1.1,5,1.1,5,548.8
44,22,1,13,6.3,2,0,0,1.2,6.3,0.4,4.3,617.3
43,22,1,16,7.8,2.4,0,0,1.5,7.8,0.5,5.3,759.8
58,26,1,9,2.8,0.4,0.6,0,0.4,2.8,0.4,2,337
119,13,1,9,3,0.6,0.2,0.2,0.2,2.8,0.4,2.8,411.4
59,26,1,2,0.6,0.1,0.1,0,0.1,0.6,0.1,0.4,74.9
122,97,1,1,0.4,0.1,0,0,0,0.4,0.1,0.4,47.6
118,13,1,2,0.7,0.1,0,0.1,0,0.6,0.1,0.6,91.4
38,22,0,42,18,5,1,0,1,18,4,18,1759
88,13,1,5,2.3,0.6,0,0.1,0.1,2.2,0.2,2.2,263.3
89,26,0,37,12,3,2,0,1,12,3,10,1357
116,64,1,12,4,0.9,0.2,0,0,4,0,4,476
71,31,1,2,0.9,0.2,0,0,0,0.9,0.1,0.8,112.9
86,26,1,6,3,0.9,0,0,0.4,3,0.1,2.9,375.9
107,31,1,4,1.7,0.5,0.2,0,0,1.7,0.2,1.6,212.7
88,93,1,3,1.3,0.5,0.2,0,0,1.3,0.2,0.8,127.6
57,26,1,2,0.8,0.2,0.1,0,0.1,0.8,0.1,0.5,87.3
40,26,1,5,2.1,0.5,0.2,0.1,0.1,2,0.3,1.8,254.1
89,13,1,2,0.9,0.3,0,0,0,0.9,0.1,0.9,105.3
38,21,1,3,1.4,0.2,0,0.1,0,1.3,0.2,1.3,156.2
102,53,1,9.5,4,0.6,0.6,0,0.9,4,0.9,4,434.4
116,108,0,26,14,5,0,1,2,13,1,13,1793
110,41,1,6,2.4,0.7,0.1,0.3,0.1,2.1,0.3,2,311.6
87,26,1,27,13.5,4.1,0,0,1.8,13.5,0.6,12.9,1691.6
69,31,1,13,5.9,1.4,0,0,0.3,5.9,0.8,5.3,733.6
90,108,1,2,0.9,0.4,0.1,0,0,0.9,0.2,0.6,85.1
49,26,1,15,5.7,2.2,1.3,0,0.3,5.7,1.3,5.4,580.2
116,13,1,4,1.5,0.3,0.2,0,0,1.5,0.1,1.1,195.9
37,26,1,1,0.5,0.2,0,0,0.1,0.5,0,0.3,47.5
41,32,1,2,0.7,0,0.1,0,0,0.7,0.1,0.5,69.4
39,26,1,16,6.6,1.8,0.7,0.2,0.4,6.4,0.9,5.9,813.2
52,6,0,40,19,7,1,1,1,18,7,13,2529
109,13,1,13,6.9,2,0,0,0,6.9,0.8,6.5,704.8
125,0,1,2,0.7,0.1,0.1,0,0,0.7,0.1,0.6,89.4
91,108,1,2,0.9,0.4,0.1,0,0,0.9,0.2,0.6,85.1
88,26,0,39,13,3,2,2,1,11,2,10,1453
127,87,1,11,4.5,1.3,0.6,0,0,4.5,1,4.2,589.5
124,0,1,1,0.4,0.1,0.1,0,0,0.4,0.1,0.3,44.7
39,21,1,10,4.7,0.8,0,0.2,0,4.5,0.5,4.5,520.5
126,0,1,17,6,1.1,0.9,0,0.4,6,1.1,5.3,760.2
85,17,1,3,1.3,0.5,0,0,0,1.3,0.3,1.2,150.9
90,26,1,20,9,3.1,0.4,0.8,0.4,8.2,0.8,7.8,910.6
69,32,1,9,4.1,0.9,0,0,0.2,4.1,0.6,3.7,507.9
66,6,1,2,0.8,0.2,0,0,0,0.8,0.1,0.8,88.3
67,31,1,1,0.3,0.1,0,0,0,0.3,0.1,0.3,44.9
117,108,1,6.5,2.6,0.4,0.2,0,0.4,2.6,0.2,2.2,276.2
92,108,1,1,0.4,0.2,0,0,0,0.4,0.1,0.3,42.5
89,106,1,6,2.7,1.1,0.3,0.1,0,2.6,0.4,1.6,255.1
115,64,1,5,1.7,0.4,0.1,0,0,1.7,0,1.7,198.3
106,30,1,4,1.7,0.5,0.2,0,0,1.7,0.2,1.6,212.7
53,6,0,28,12,4,0,0,0,12,1,9,1435
87,93,1,5,2.5,1.2,0,0.1,0.1,2.4,0.4,2.4,254.6
121,13,0,35,12,0,2,0,0,12,0,12,1533
91,26,1,3,1.4,0.5,0.1,0.1,0.1,1.3,0.1,1.2,136.6
97,45,1,2,0.9,0.3,0.1,0,0,0.9,0.1,0.8,106.4
86,17,1,13,5.8,2,0,0,0.2,5.8,1.2,5.4,653.8
68,32,1,4,1.8,0.4,0,0,0.1,1.8,0.3,1.6,225.7
82,8,1,4,1.8,0.6,0,0,0.1,1.8,0.4,1.7,201.2
120,13,0,64,23,3,1,2,2,21,4,21,3107
103,53,0,21,11,3,0,3,0,8,1,9,1451
43,41,1,8.5,3.2,0.6,0.5,0,0,3.2,0.2,3.2,334.3
71,30,1,5,2.3,0.5,0,0,0.1,2.3,0.3,2.1,282.2
68,28,1,5,2.3,0.5,0,0,0.1,2.3,0.3,2.1,282.2
104,55,1,29.5,10.5,1.8,0.9,0,0.6,10.5,0.6,8.2,1305.9
68,30,0,63,25,7,1,5,3,20,4,17,2928
42,41,1,4,2.1,0.8,0.1,0,0.1,2.1,0.2,1.8,189.5
102,87,1,4,1.5,0.4,0.1,0,0.1,1.5,0.5,1.3,197.4
124,97,0,26,11,1,1,0,0,11,1,10,1461
56,28,1,3,1.1,0.2,0.2,0,0.1,1.1,0.1,0.9,150.8
72,81,1,16,6.8,2.3,0.7,0.2,0.5,6.6,1.1,6.1,786.9
104,53,1,12,4.3,0.7,0.4,0,0.2,4.3,0.2,3.3,531.2
126,36,1,9,3.5,0.8,0.2,0.1,0.1,3.4,0.4,3.1,479.3
75,0,1,6,2.4,0.5,0.2,0,0.1,2.4,0.3,2.4,286.1
90,0,1,4,1.4,0.2,0,0,0,1.4,0.1,1.4,179.8
115,109,1,5,2,0.3,0.2,0,0.3,2,0.2,1.7,212.5
107,13,1,11,4.7,1.5,0.4,0,0,4.7,0.6,4.5,584.9
51,4,1,17,7.1,2.3,0.8,0.8,0.3,6.3,0.5,5.3,751.3
51,6,1,5,2.1,0.7,0.2,0.2,0.1,1.9,0.1,1.6,221
105,53,1,10,3.6,0.6,0.3,0,0.2,3.6,0.2,2.8,442.7
49,28,1,20,7.5,1.4,1.4,0,0.7,7.5,0.4,6.1,1005.4
50,28,0,40,17,4,0,3,3,14,1,13,1767
40,28,1,5,1.7,0.1,0.2,0,0.1,1.7,0.3,1.3,173.4
113,114,1,4,2.3,1.2,0,0,0.3,2.3,0.2,2,253.7
126,1,1,24,8.5,1.5,1.2,0,0.5,8.5,1.5,7.5,1073.2
100,50,1,3,1.5,0.6,0,0.2,0.2,1.3,0.1,1.1,136
89,25,1,11,5,1.7,0.2,0.5,0.2,4.5,0.4,4.3,500.8
67,30,0,47,17,0,1,0,1,17,0,15,2431
66,30,0,39,15,4,2,0,1,15,3,11,1775
68,31,1,11,5,1.2,0,0,0.2,5,0.7,4.5,620.7
123,96,1,4,1.8,0.4,0.1,0,0.1,1.8,0.3,1.4,190.4
103,96,1,7,3,1.3,0.3,0.4,0.2,2.6,0.5,2.4,320.9
101,50,1,3,1.5,0.6,0,0.2,0.2,1.3,0.1,1.1,136
58,29,1,3,1,0.2,0,0,0,1,0.2,1,134.8
95,42,1,1,0.4,0.1,0,0,0,0.4,0.1,0.4,53.2
120,34,1,2,0.8,0.2,0.1,0,0,0.8,0.1,0.7,106.5
48,6,1,21,8.8,2.8,0.9,1,0.3,7.8,0.6,6.6,928.1
108,13,1,19,10.1,3,0,0,0,10.1,1.2,9.5,1030.2
114,106,1,7,3.1,0.7,0,0,0,3.1,0.6,2.6,371
106,31,1,2,0.9,0.3,0.1,0,0,0.9,0.1,0.8,106.4
126,89,1,2,0.9,0.2,0,0,0,0.9,0.2,0.7,95.2
125,36,1,18,7,1.7,0.5,0.3,0.2,6.7,0.7,6.2,958.6
42,19,1,2,0.9,0.2,0,0,0,0.9,0.1,0.9,104.1
74,0,1,26,10.3,2.4,0.9,0,0.6,10.3,1.5,10.3,1239.7
86,93,1,16,8.1,3.8,0,0.3,0.3,7.8,1.4,7.6,814.6
70,30,1,19,8.6,2,0,0,0.4,8.6,1.2,7.8,1072.2
123,97,1,13,5.7,1.4,0.3,0,0.3,5.7,1.1,4.6,618.9
102,50,1,2,1,0.4,0,0.1,0.1,0.9,0.1,0.7,90.6
50,29,1,13,4.9,0.9,0.9,0,0.5,4.9,0.2,3.9,653.5
127,2,1,4,1.4,0.2,0.2,0,0.1,1.4,0.2,1.2,178.9
126,88,1,1,0.4,0.1,0,0,0,0.4,0.1,0.4,47.6
70,28,1,8,3.6,0.8,0,0,0.2,3.6,0.5,3.3,451.5
86,81,1,6,2.5,0.6,0.1,0.1,0.2,2.4,0.2,1.8,274.4
126,2,1,4,1.4,0.2,0.2,0,0.1,1.4,0.2,1.2,178.9
85,78,0,46,25,12,0,4,0,21,1,17,2616
127,3,1,2,0.7,0.1,0.1,0,0,0.7,0.1,0.6,89.4
45,24,1,25,10.1,4.3,2.2,0,0,10.1,5.1,8.7,1376.1
127,1,1,2,0.7,0.1,0.1,0,0,0.7,0.1,0.6,89.4
71,81,1,18,7.6,2.5,0.8,0.3,0.5,7.3,1.3,6.8,885.3
104,101,1,6,2.4,0.6,0.4,0.2,0,2.2,0.2,2.2,270.4
69,30,0,29.5,12,3,1,1,1,11,1,9,1284
125,90,1,2,0.9,0.2,0,0,0,0.9,0.2,0.7,95.2
98,48,1,1,0.5,0.2,0,0.1,0.1,0.4,0,0.4,45.3
117,63,1,7,2.4,0.5,0.1,0,0,2.4,0,2.4,277.6
125,1,0,50,21,7,2,0,1,21,3,17,2398
104,51,1,3,1.2,0.2,0.1,0.1,0.1,1.1,0.2,0.9,129.2
87,92,1,4,2,0.9,0,0.1,0.1,1.9,0.3,1.9,203.7
125,2,1,19,6.7,1.2,1,0,0.4,6.7,1.2,5.9,849.7
124,1,1,12,4.2,0.8,0.6,0,0.2,4.2,0.8,3.8,536.6
40,29,1,1,0.3,0,0,0,0,0.3,0.1,0.3,34.7
110,121,1,15,7.6,3,0,0,0.3,7.6,1.9,6.5,769.7
112,121,1,12,6.1,2.4,0,0,0.2,6.1,1.5,5.2,615.8
111,121,1,2,1,0.4,0,0,0,1,0.3,0.9,102.6
115,106,1,5,2.2,0.5,0,0,0,2.2,0.4,1.8,265
55,5,1,2,0.8,0.2,0,0,0,0.8,0.1,0.8,88.3
50,34,1,6,2.2,0.4,0.4,0,0.2,2.2,0.1,1.8,301.6
88,27,1,6,2.7,0.9,0.1,0.2,0.1,2.5,0.2,2.4,273.2
43,37,1,2,0.7,0,0.1,0,0,0.7,0.1,0.5,69.4
51,28,1,10,3.8,0.7,0.7,0,0.4,3.8,0.2,3,502.7
81,87,1,1,0.4,0.1,0,0,0,0.4,0,0.3,45.7
70,81,1,14,5.9,2,0.6,0.2,0.4,5.7,1,5.3,688.6
124,96,1,18,7.9,1.9,0.4,0,0.4,7.9,1.5,6.4,856.9
127,89,1,5,2.2,0.5,0.1,0,0.1,2.2,0.4,1.8,238
84,78,1,15,6.3,1.5,0.2,0.2,0.5,6.1,0.6,4.4,686.1
86,78,0,41,22,10,0,5,2,17,4,14,2197
76,3,0,31,13,1,0,1,1,12,0,11,1479
40,24,1,1,0.4,0.1,0,0,0,0.4,0.1,0.4,50.8
88,25,1,11,5,1.7,0.2,0.5,0.2,4.5,0.4,4.3,500.8
51,34,1,2,0.8,0.1,0.1,0,0.1,0.8,0,0.6,100.5
80,86,1,5,2.1,0.5,0.1,0.1,0.2,2,0.2,1.5,228.7
127,86,1,6,2.5,0.7,0.4,0,0,2.5,0.5,2.3,321.5
102,94,1,6,2.6,1.1,0.3,0.4,0.2,2.2,0.5,2,275.1
86,27,1,3,1.5,0.5,0,0,0.2,1.5,0.1,1.4,188
42,37,1,23,7.7,0.5,1,0,0.5,7.7,1.5,6.1,797.8
88,78,1,10,3.8,0.9,0.2,0,0.2,3.8,1.2,3.2,493.6
116,106,1,14,6.3,1.5,0,0,0,6.3,1.1,5.2,742
70,0,1,19,8.4,2.4,0.5,0,0.5,8.4,0,8.2,966.4
73,0,1,19,7.6,1.7,0.6,0,0.4,7.6,1.1,7.6,906
85,81,1,3,1.3,0.3,0,0.1,0.1,1.2,0.1,0.9,137.2
115,63,1,4,1.3,0.3,0.1,0,0,1.3,0,1.3,158.7
40,23,1,1,0.4,0.1,0,0,0,0.4,0.1,0.4,50.8
105,100,1,4,1.6,0.4,0.2,0.1,0,1.5,0.1,1.5,180.2
110,122,1,10,5,2,0,0,0.2,5,1.3,4.3,513.2
83,78,1,3,1.3,0.3,0,0.1,0.1,1.2,0.1,0.9,137.2
64,30,1,2,0.7,0.1,0,0,0,0.7,0.2,0.7,89.9
65,30,1,29,9.9,1.5,0,0,0,9.9,2.3,9.9,1303.5
46,24,1,1,0.4,0.2,0.1,0,0,0.4,0.2,0.3,55
39,23,0,57,29,10,0,5,2,24,1,21,3237
86,77,0,40,19,10,2,0,0,19,2,14,2247
37,25,1,2,1,0.3,0,0,0.2,1,0.1,0.7,95
125,37,1,6,2.3,0.6,0.2,0.1,0.1,2.2,0.2,2.1,319.5
105,56,1,4,1.4,0.2,0.1,0,0.1,1.4,0.1,1.1,177.1
85,93,1,15,7.6,3.6,0,0.2,0.3,7.4,1.3,7.1,763.7
123,14,1,15,5.8,1.2,0.6,0.6,0,5.2,0.3,5.8,656.2
84,77,0,23,15,9,0,0,1,15,3,14,1504
117,107,1,8,3.6,0.8,0,0,0,3.6,0.6,2.9,424
104,100,0,18,11,6,0,0,1,11,0,7,1252
45,2,1,2,0.8,0.3,0,0,0,0.8,0.1,0.5,85.5
123,56,1,2,0.8,0.2,0,0,0,0.8,0.2,0.6,98.7
72,0,1,16,7.1,2,0.4,0,0.4,7.1,0,6.9,813.8
93,40,1,1,0.4,0.1,0,0,0,0.4,0.1,0.4,53.2
66,31,1,3,1,0.2,0,0,0,1,0.2,1,134.8
81,24,1,2,1,0.3,0,0,0.1,1,0,1,125.3
88,16,1,5,2.3,0.6,0,0.1,0.1,2.2,0.2,2.2,263.3
81,86,1,4,1.7,0.4,0.1,0.1,0.1,1.6,0.2,1.2,183
86,94,1,1,0.5,0.2,0,0,0,0.5,0.1,0.5,50.9
44,23,1,1,0.4,0.2,0.1,0,0,0.4,0.2,0.3,55
70,82,1,18,7.6,2.5,0.8,0.3,0.5,7.3,1.3,6.8,885.3
111,77,1,3,1.2,0.4,0.2,0,0,1.2,0.3,1.1,160.8
127,36,1,30,11.6,2.8,0.8,0.4,0.4,11.2,1.2,10.4,1597.6
87,25,1,6,3,0.9,0,0,0.4,3,0.1,2.9,375.9
39,25,1,6,2.5,0.7,0.2,0.1,0.2,2.4,0.3,2.2,304.9
108,78,1,3,1.3,0.4,0,0.2,0.1,1.1,0.2,0.9,151.2
71,0,1,13,5.8,1.6,0.4,0,0.4,5.8,0,5.6,661.2
89,15,1,12,5.5,1.5,0,0.2,0.2,5.3,0.4,5.3,632
124,14,1,2,0.8,0.2,0.1,0.1,0,0.7,0,0.8,87.5
84,79,1,3,1.3,0.3,0,0.1,0.1,1.2,0.1,0.9,137.2
120,15,1,12,4,0.9,0.3,0.3,0.3,3.7,0.6,3.7,548.6
122,15,1,9,3,0.6,0.2,0.2,0.2,2.8,0.4,2.8,411.4
68,29,0,32,13,3,1,0,0,13,1,12,1581
67,25,1,3,0.9,0.1,0.2,0,0.1,0.9,0.1,0.7,112.3
85,92,1,4,2,0.9,0,0.1,0.1,1.9,0.3,1.9,203.7
43,40,1,19,7.2,1.4,1,0,0,7.2,0.3,7.2,747.3
54,31,1,2,0.8,0.1,0.1,0,0.1,0.8,0,0.6,100.5
38,24,1,15,6.2,1.6,0.6,0.2,0.4,6,0.8,5.5,762.3
101,89,1,3,1.3,0.6,0.1,0.2,0.1,1.1,0.2,1,137.5
89,107,1,4,1.8,0.7,0.2,0.1,0,1.7,0.3,1.1,170.1
87,16,0,40,20,8,0,1,2,19,2,15,2169
88,15,1,21,9.7,2.7,0,0.4,0.3,9.3,0.7,9.3,1106
102,88,1,12,5.2,2.2,0.6,0.8,0.4,4.4,0.9,4.1,550.2
114,113,1,2,1.2,0.6,0,0,0.2,1.2,0.1,1,126.8
107,125,1,1,0.4,0.2,0,0,0,0.4,0.1,0.3,42.5
106,99,1,2,0.8,0.2,0.1,0.1,0,0.7,0.1,0.8,90.1
95,110,1,2,0.9,0.4,0.1,0,0,0.9,0.2,0.6,85.1
102,89,1,2,0.9,0.4,0.1,0.1,0.1,0.8,0.2,0.7,91.7
56,0,1,1,0.5,0.2,0,0,0.1,0.5,0.1,0.5,56
52,7,1,3,1.3,0.4,0.1,0.2,0,1.1,0.1,0.9,132.6
90,107,1,14,6.3,2.4,0.7,0.4,0,5.9,1,3.8,595.3
86,92,1,11,5.6,2.6,0,0.2,0.2,5.4,0.9,5.2,560.1
87,78,0,47,18,4,2,0,3,18,2,14,1870
87,15,1,19,8.5,2.9,0,0,0.3,8.5,1.8,7.9,955.6
86,16,1,16,7.1,2.5,0,0,0.2,7.1,1.5,6.6,804.7
84,76,1,2,1,0.5,0.1,0.1,0,0.9,0.2,0.6,92.3
45,25,1,6.5,2.6,1.1,0.6,0,0,2.6,1.3,2.3,357.8
40,25,1,6,2.5,0.7,0.2,0.1,0.2,2.4,0.3,2.2,304.9
113,113,1,1,0.6,0.3,0,0,0.1,0.6,0,0.5,63.4
104,56,1,10.5,3.7,0.6,0.3,0,0.2,3.7,0.2,2.9,464.8
126,35,1,3,1.2,0.3,0.1,0.1,0,1.1,0.1,1,159.8
37,5,1,5,2.1,0.8,0.1,0,0.1,2.1,0.2,1.2,213.9
73,1,1,5,2,0.5,0.2,0,0.1,2,0.3,2,238.4
102,52,1,11,5.4,2.1,0,0.6,0.6,4.8,0.3,3.9,498.6
104,52,1,6,2.3,0.4,0.2,0.2,0.3,2.1,0.4,1.8,258.4
108,11,1,7,3.5,1.2,0,0,0.8,3.5,0.2,3.5,340.2
51,27,1,3,1.1,0.4,0.3,0,0.1,1.1,0.3,1.1,116
86,15,1,3,1.3,0.5,0,0,0,1.3,0.3,1.2,150.9
121,15,1,3,1,0.2,0.1,0.1,0.1,0.9,0.1,0.9,137.1
124,15,1,2,0.8,0.2,0.1,0.1,0,0.7,0,0.8,87.5
67,29,0,24,11,2,0,0,2,11,1,9,952
42,40,1,6,3.1,1.2,0.2,0,0.2,3.1,0.3,2.7,284.2
118,64,1,15,5.6,1.3,0.3,0,0.3,5.6,1.9,4.8,740.4
85,16,1,5,2.2,0.8,0,0,0.1,2.2,0.5,2.1,251.5
38,23,1,5,2.1,0.5,0.2,0.1,0.1,2,0.3,1.8,254.1
127,88,1,2,0.9,0.2,0,0,0,0.9,0.2,0.7,95.2
103,51,1,5,1.9,0.4,0.1,0.1,0.2,1.8,0.4,1.5,215.3
38,25,1,10,4.1,1.1,0.4,0.1,0.3,4,0.5,3.7,508.2
85,94,1,1,0.5,0.2,0,0,0,0.5,0.1,0.5,50.9
49,5,0,28,11,2,0,0,2,11,1,10,1357
52,5,1,4,1.7,0.5,0.2,0.2,0.1,1.5,0.1,1.3,176.8
85,79,1,8,3.4,0.8,0.1,0.1,0.2,3.3,0.3,2.3,365.9
97,79,1,1,0.4,0.1,0,0,0,0.4,0.1,0.3,49.4
62,11,1,4,1.4,0.4,0.2,0,0.2,1.4,0.1,1.4,175.4
54,0,1,2,1,0.3,0,0,0.1,1,0.1,1,112
84,93,1,2,1,0.5,0,0,0,1,0.2,0.9,101.8
116,107,0,41.5,20,7,1,1,4,19,4,15,2227
66,11,1,13,4.4,1.2,0.5,0,0.5,4.4,0.2,4.4,570
41,30,1,2,0.7,0,0.1,0,0,0.7,0.1,0.5,69.4
104,99,1,7,2.8,0.7,0.4,0.2,0,2.6,0.2,2.6,315.4
111,76,1,7,2.9,0.8,0.4,0,0,2.9,0.6,2.7,375.1
103,52,1,53,20.6,4,1.6,1.6,2.4,19,4,15.8,2282.2
115,113,1,3,1.8,0.9,0,0,0.2,1.8,0.1,1.5,190.2
108,37,1,1,0.4,0.1,0,0,0,0.4,0,0.3,51.9
103,99,1,13,5.3,1.2,0.8,0.4,0,4.9,0.4,4.9,585.8
127,35,1,3,1.2,0.3,0.1,0.1,0,1.1,0.1,1,159.8
54,5,1,18,7.6,1.4,0,0,0,7.6,0.7,7.2,794.9
120,14,1,7,2.3,0.5,0.2,0.2,0.2,2.1,0.3,2.2,320
85,77,0,49,19,4,1,0,4,19,0,19,2397
57,27,1,27,10.2,2.8,1.9,0,1.9,10.2,1.9,6.5,1178.7
115,107,1,4,1.8,0.4,0,0,0,1.8,0.3,1.5,212
107,11,1,8,3.5,1.1,0.3,0,0,3.5,0.5,3.3,425.4
53,0,1,5,2.4,0.8,0,0,0.3,2.4,0.3,2.4,280
117,64,1,25.5,8.6,1.9,0.5,0,0,8.6,0,8.6,1011.4
85,76,1,8,4.2,1.9,0.3,0.3,0,3.9,0.6,2.6,369.3
100,52,1,5,2.4,0.9,0,0.3,0.3,2.1,0.1,1.8,226.6
65,11,0,50,18,4,3,1,2,17,3,17,2215
118,111,1,32,12.4,2,0.7,0,1.3,12.4,2,11.1,1262.4
109,78,1,15,6.5,2,0.2,0.9,0.7,5.6,0.9,4.7,756.2
87,77,1,14,7.3,3.4,0.6,0.6,0,6.7,1.1,4.5,646.2
103,77,1,3,1.1,0.3,0.1,0,0.1,1.1,0.4,1,148.1
64,11,0,31,14,2,1,0,1,14,0,14,1689
119,11,1,3,1.2,0.4,0.1,0,0,1.2,0.2,1.2,165
44,38,0,24,11,4,0,0,0,11,1,10,1163
126,38,0,48,20,5,2,0,0,20,3,16,1976
107,12,1,5,2.2,0.7,0.2,0,0,2.2,0.3,2.1,265.9
91,107,1,5,2.2,0.9,0.2,0.1,0,2.1,0.4,1.4,212.6
123,15,1,33,12.7,2.5,1.3,1.3,0,11.4,0.6,12.7,1443.8
101,52,1,8,3.9,1.5,0,0.4,0.4,3.5,0.2,2.8,362.6
101,51,1,4,1.9,0.8,0,0.2,0.2,1.7,0.1,1.4,181.3
102,51,0,35,15,2,0,0,1,15,1,13,1995
39,24,0,27,12,4,0,0,1,12,6,10,1215
121,14,0,63,22,4,2,4,2,18,3,17,2527
86,79,1,10,4.2,1,0.2,0.1,0.3,4.1,0.4,2.9,457.4
43,39,0,37,13,4,2,1,0,12,2,12,1230
50,0,0,29,11,0,0,0,0,11,0,11,1190
69,82,1,1,0.4,0.1,0,0,0,0.4,0.1,0.4,49.2
122,14,0,58,23,8,1,0,0,23,4,19,2478
101,88,1,10,4.3,1.8,0.5,0.6,0.3,3.7,0.8,3.4,458.5
110,77,1,7,2.9,0.8,0.4,0,0,2.9,0.6,2.7,375.1
60,27,1,2,0.6,0.1,0.1,0,0.1,0.6,0.1,0.4,74.9
124,98,1,10,4,1.3,0.7,0,0.7,4,0.7,3.3,483.3
43,38,0,23,11,4,0,3,3,8,2,5,944
42,39,1,9,4.6,1.8,0.3,0,0.3,4.6,0.5,4.1,426.3
119,113,1,4,1.6,0.2,0.1,0,0.2,1.6,0.2,1.4,157.8
106,14,1,11,4.7,1.5,0.4,0,0,4.7,0.6,4.5,584.9
111,122,0,31,12,1,0,0,2,12,0,11,1251
118,11,1,2,0.8,0.3,0.1,0,0,0.8,0.1,0.8,110
123,98,1,16,6.4,2.1,1.1,0,1.1,6.4,1.1,5.3,773.3
65,10,1,21,7.1,2,0.8,0,0.8,7.1,0.4,7.1,920.8
108,79,1,11,4.8,1.5,0.1,0.7,0.5,4.1,0.7,3.5,554.5
89,66,1,2,0.8,0.1,0.1,0,0.2,0.8,0.2,0.8,91.5
116,113,0,34,16,7,1,1,2,15,1,10,1556
118,112,1,2,0.8,0.1,0,0,0.1,0.8,0.1,0.7,78.9
41,38,1,2,1,0.4,0.1,0,0.1,1,0.1,0.9,94.7
42,38,1,14,7.2,2.8,0.4,0,0.4,7.2,0.8,6.4,663.2
108,12,0,41,21,8,0,4,3,17,5,18,2234
103,54,1,4,1.4,0.2,0.1,0,0.1,1.4,0.1,1.1,177.1
102,54,1,10,4.2,0.6,0.6,0,0.9,4.2,0.9,4.2,457.3
122,98,1,1,0.4,0.1,0.1,0,0.1,0.4,0.1,0.3,48.3
121,98,1,3,1.2,0.4,0.2,0,0.2,1.2,0.2,1,145
117,111,1,15,6,0.9,0.5,0,0.9,6,0.5,5.1,637.4
110,78,1,1,0.4,0.1,0,0,0,0.4,0.1,0.3,50.4
109,12,1,21,10.5,3.8,0,0,2.2,10.5,0.8,10.5,1020.8
58,27,1,29,9,1.3,1.9,0,1.3,9,1.3,6.4,1085.9
105,54,1,8,2.9,0.5,0.2,0,0.2,2.9,0.2,2.2,354.1
49,0,1,8,3.3,1.1,0.2,0,0,3.3,0.2,2.9,373.6
53,5,1,19,8,1.5,0,0,0,8,0.8,7.6,839
109,79,1,22,9.6,2.9,0.3,1.3,1.1,8.3,1.3,6.9,1109.1
100,88,1,25,10.8,4.6,1.2,1.6,0.8,9.2,1.9,8.5,1146.2
71,29,1,2,0.9,0.2,0,0,0,0.9,0.1,0.8,112.9
70,29,0,27,11,1,0,0,1,11,1,11,1361
118,113,1,11,4.3,0.7,0.2,0,0.4,4.3,0.7,3.8,433.9
104,54,1,23,8.2,1.4,0.7,0,0.5,8.2,0.5,6.4,1018.1
108,38,1,8,3.2,1,0.2,0.4,0.2,2.8,0.4,2.7,415.4
127,38,1,25,10.1,3,0.6,1.2,0.6,8.9,1.2,8.3,1298.2
88,14,1,12,5.5,1.5,0,0.2,0.2,5.3,0.4,5.3,632
112,122,1,13.5,6.8,2.7,0,0,0.2,6.8,1.7,5.8,692.8
69,29,1,17,7.7,1.8,0,0,0.4,7.7,1.1,7,959.3
44,27,1,1,0.4,0.2,0.1,0,0,0.4,0.2,0.3,55
116,12,1,5,1.9,0.4,0.3,0,0,1.9,0.1,1.4,244.9
117,113,1,14,8.2,4.1,0,0,1.2,8.2,0.6,7,887.8
63,11,1,9,3.1,0.8,0.3,0,0.3,3.1,0.2,3.1,394.6
39,27,1,8,3.3,0.9,0.3,0.1,0.2,3.2,0.4,3,406.6
113,123,1,2,1,0.4,0,0,0,1,0.3,0.9,102.6
89,14,1,6,2.8,0.8,0,0.1,0.1,2.7,0.2,2.7,316
118,12,1,8,3.3,1.1,0.3,0,0,3.3,0.6,3.3,440
50,27,1,15,5.7,2.2,1.3,0,0.3,5.7,1.3,5.4,580.2
111,79,1,5,2.2,0.7,0.1,0.3,0.2,1.9,0.3,1.6,252.1
115,112,1,4,1.6,0.2,0.1,0,0.2,1.6,0.1,1.4,170
120,12,1,10,4.1,1.4,0.3,0,0,4.1,0.7,4.1,550
45,39,1,7,2.6,0.5,0.4,0,0,2.6,0.1,2.6,275.3
119,12,1,3,1.2,0.4,0.1,0,0,1.2,0.2,1.2,165
49,27,1,14,5.4,2.1,1.2,0,0.3,5.4,1.2,5.1,541.5
107,14,1,2,0.9,0.3,0.1,0,0,0.9,0.1,0.8,106.4
117,12,1,26,9.7,2.2,1.5,0,0,9.7,0.7,7.4,1273.3
126,37,0,50,22,7,1,3,2,19,2,13,2121
127,39,1,1,0.4,0.1,0,0,0,0.4,0,0.3,51.9
110,79,1,16.5,7.2,2.2,0.2,1,0.8,6.2,1,5.2,831.8
66,10,1,3,1,0.3,0.1,0,0.1,1,0.1,1,131.5
121,12,1,3,1.2,0.4,0.1,0,0,1.2,0.2,1.2,165
37,20,1,1,0.5,0.2,0,0,0.1,0.5,0,0.3,47.5
85,20,1,2,1,0.3,0,0,0.1,1,0,1,125.3
44,39,1,21,7.9,1.5,1.1,0,0,7.9,0.4,7.9,826
80,85,1,3,1.3,0.3,0,0.1,0.1,1.2,0.1,0.9,137.2
113,112,1,2,0.8,0.1,0.1,0,0.1,0.8,0.1,0.7,85
121,33,1,2,0.8,0.2,0.1,0,0,0.8,0.1,0.7,106.5
87,14,1,2,0.9,0.3,0,0,0,0.9,0.2,0.8,100.6
124,57,1,6,2.2,0.5,0.1,0,0.1,2.2,0.8,1.9,296.1
81,85,1,4,1.7,0.4,0.1,0.1,0.1,1.6,0.2,1.2,183
123,57,1,15,5.6,1.3,0.3,0,0.3,5.6,1.9,4.8,740.4
85,74,1,1,0.5,0.2,0,0,0,0.5,0.1,0.3,46.2
111,123,1,1,0.5,0.2,0,0,0,0.5,0.1,0.4,51.3
127,37,0,54,21,6,2,0,4,21,4,17,2299
50,5,1,17,7.1,2.3,0.8,0.8,0.3,6.3,0.5,5.3,751.3
122,33,1,2,0.8,0.2,0.1,0,0,0.8,0.1,0.7,106.5
51,5,0,36,17,6,1,0,2,17,3,15,1940
87,80,1,4,1.7,0.4,0.1,0.1,0.1,1.6,0.2,1.2,183
125,39,1,1,0.4,0.1,0,0,0,0.4,0,0.3,51.9
111,80,1,8,3.5,1.1,0.1,0.5,0.4,3,0.5,2.5,403.3
84,80,1,13,5.5,1.3,0.2,0.2,0.4,5.3,0.5,3.8,594.6
110,80,1,1,0.4,0.1,0,0,0,0.4,0.1,0.3,50.4
83,80,1,6,2.5,0.6,0.1,0.1,0.2,2.4,0.2,1.8,274.4
72,80,1,4,1.7,0.6,0.2,0.1,0.1,1.6,0.3,1.5,196.7
117,112,0,19,12,8,0,0,0,12,3,10,1676
85,80,1,18,7.6,1.8,0.3,0.3,0.6,7.3,0.7,5.3,823.3
67,12,1,3,1,0.3,0.1,0,0.1,1,0.1,1,131.5
86,80,1,24,10.2,2.4,0.4,0.4,0.7,9.8,0.9,7,1097.7
34,33,1,4,1.3,0.1,0.2,0,0.1,1.3,0.3,1.1,138.8
