x,y,imputed,ind,log_45_70,log_70_90,log_ap90,log_av45,log_inc,log_soc
0,24,14,71.5,3,10.5,18.3,1.6,1.1,0
0,25,2,2,0,0.6,0.4,0.2,0,0
0,29,4,37,3.9,3.9,3,7.1,0,0
0,30,2,6,0.1,0.8,1.2,0.4,0,0
0,33,17,104,7.1,10.9,24.9,0,0,0
0,34,1,3,0.1,0.2,0.4,0.5,0,0
0,35,9,27,1,1.7,3.4,4.7,0,0
0,36,6,19,1.9,1.9,2.1,5.1,0,0
0,37,9,42.5,0,7,2.9,9,0,0
0,39,4,10,1,1,1.6,2,0,0
0,40,2,5,0,1.1,0.2,2,0,0
0,41,6,54,0,5.2,6,10.9,0,0
0,42,1,3,0,0.4,0.5,0.1,0,0
0,43,6,36,0,4.9,6.4,0.8,0,0
0,44,12,41,0,6.1,11.2,3,0,0
0,45,57,873.5,5,112.2,179.6,30.7,2,0
0,46,34,963.5,10,122.8,218,37,0,0
0,47,24,403.5,1,39.9,85.8,22.8,0,0
0,48,72,1005,4.7,139.5,213.4,9.1,1,0
0,49,53,768,14,108.1,167.2,11.6,0,0
0,50,42,492.5,6.1,48.2,113,8.4,2.1,0
0,51,19,284,2,13.1,48.6,52.7,1.1,4
0,53,1,2,0.3,0.2,0.2,0.7,0,0
0,55,9,66,8.5,7.3,4.1,22.7,0,0
0,56,1,4,0.1,0.4,0.2,1.5,0,0
0,58,1,1,0,0.2,0.1,0.4,0,0
0,59,3,5.5,0,1.3,0.6,2.2,0,0
0,60,10,79.5,1.9,10.1,4,33,0,0
0,61,5,22,0,4.1,1.1,7.9,0,0
0,63,6,33,3,0.9,2.1,10.9,0,0
0,64,1,1,0,0.1,0.3,0.1,0,0
0,75,1,1,0,0.1,0.1,0.4,0,0
0,76,1,2,0,0.2,0.4,0.3,0,0
0,78,15,198.5,2,14,32.8,38.9,8.1,0
0,79,24,290,2.7,52.9,53.1,2,5.3,0
0,80,7,22,1,3.5,3.7,0.9,1.9,0
0,81,24,214.5,0,41,49.1,0.8,1,0
0,82,28,493,13.3,85.8,69.2,68.7,7.2,15
0,83,11,236,8.9,29.9,78.2,2.9,6.2,1
1,24,3,7,0,2.1,1.7,0.7,0,0
1,25,1,3,0,0.9,0.7,0.3,0,0
1,27,1,4,0,1,0.4,0.2,0,0
1,28,5,34,0,5,5.1,10,0,0
1,29,5,23,0.9,2.9,4.1,4,1.1,0
1,30,9,32.5,0.7,4.3,6,2.4,0,0
1,33,20,61,2.8,5.9,19.2,2.8,0,0
1,34,6,17,0.6,1.1,2.2,2.9,0,0
1,35,10,34,0,3.8,10,1.2,0,0
1,36,18,41,4,5.1,13,5.7,0,0
1,37,5,7,0.7,0.7,1.2,1.4,0,0
1,38,1,3,0.3,0.3,0.4,0.6,0,0
1,40,7,27,0,5.9,1,10.9,0,0
1,41,13,71.5,0,8.8,21.1,5.9,0,0
1,43,8,51,0,7.8,10.1,3,0,0
1,44,5,16,0,1.8,3,4.1,0,0
1,45,20,192.5,2.9,16.9,46,0.9,1,0
1,46,14,88,4.9,9.9,15.1,8.9,0,0
1,48,6,48,0,6.2,7,6,0,0
1,49,29,296.5,0.9,31,75.1,6.9,1.2,0
1,50,56,719.5,9.3,88.8,148,36,0,0
1,51,5,15,0,0.7,4.5,0.5,0,0
1,54,1,1,0.1,0.1,0.1,0.4,0,0
1,57,7,51,1.8,4.7,2.7,18.6,0,0
1,74,1,4,0,0.2,0.4,1.7,0,0
1,78,26,1059.5,27.1,160,155.1,154.1,16.9,54
1,79,8,38,2,3,9.9,0.8,2.1,0
1,81,1,2,0.1,0.3,0.3,0.1,0.2,0
1,82,7,27,1.1,3.9,7,0,0,0
1,83,18,336.5,25.9,38.9,68.9,20.9,9.3,0
2,22,1,4,0.4,0.7,0.7,0.4,0,0
2,24,1,1,0.1,0.1,0.3,0,0,0
2,25,7,27,1.8,2.8,6.8,1.1,0,0
2,29,3,15,0,1.4,2.8,3.3,0,0
2,30,3,10,0,1.4,1.4,0.6,0,0
2,31,12,835.5,4,202.1,128,0,3,111
2,32,8,1712.5,103,268.1,323,174,4,92
2,33,38,259.5,0,40.2,69.5,0.9,1.1,0
2,34,2,10,0,3.3,0.8,0.7,0,0
2,35,2,5,0,1.7,0.4,0.3,0,0
2,36,4,11,0.5,1.7,1.7,1.2,0,0
2,37,12,36,1.1,5.5,5.8,4.4,0,0
2,38,2,5,0,0.5,1.2,0.5,0,0
2,39,6,45,0.8,4.2,10.8,4.2,0,0
2,40,5,43,1.6,3.2,2.2,16.5,0,0
2,41,2,3,0.3,0.3,0.3,0.7,0,0
2,45,29,289.5,2.8,46.2,44.3,36.9,1,0
2,46,28,157.5,3.4,10.2,39.7,3.9,0,0
2,47,4,27,0,4.7,4.7,0.4,0.6,0
2,48,6,61,3.1,11.9,5.1,5.9,0,0
2,49,12,93.5,9.1,10.8,16.1,8,0,5.9
2,50,27,184,1.8,14.4,35.1,13.9,0,0
2,51,22,169.5,7.9,18.9,35,2.2,0,0
2,52,6,91.5,2.9,11,20.1,6,0,0
2,55,1,2,0.3,0.2,0.2,0.7,0,0
2,56,4,49,1.9,2.1,2.1,23.9,0,0
2,59,3,11,0,2.5,1.2,4.4,0,0
2,60,1,1,0.2,0.2,0.1,0.1,0,0
2,79,14,198,0,11.7,21.8,60.6,0,0
2,80,10,87,2,6.9,16.2,17.8,0,0
2,81,17,288.5,3.9,40.1,38,72.1,2,15
2,82,26,232,2,17.7,36.2,60,3.1,0
2,83,22,122,0,30.1,28,1,7.1,0
2,84,29,197,17.2,48.9,28,0.8,3.9,0
3,25,10,39,0,3,12.9,0,0,0
3,26,1,2,0,0.5,0.2,0.1,0,0
3,27,6,21.5,0,5.6,2.2,0.8,0,0
3,28,2,7,0,0.7,1.2,1.6,0,0
3,29,5,24,0,2.9,3,6.9,0,0
3,30,4,14,0,1.8,2,1,0,0
3,31,24,376.5,6,55.5,86.7,4.2,1,0
3,32,38,491,13.1,86,92.9,5.1,4.9,0
3,33,19,141,3,36.1,27.1,0,0,0
3,34,21,413,11.2,50.3,32.1,100.8,1,17
3,35,4,80,1,4.9,3.9,35.9,0,0
3,36,14,135.5,0.8,13.9,19.1,34.7,1.3,0
3,37,1,1,0,0.2,0.2,0.1,0,0
3,38,2,4,0,0.4,0.9,0.4,0,0
3,39,8,140.5,0,9.2,9,52.8,2,0
3,40,2,7,0.8,0.6,0.6,1.7,0,0
3,41,6,55,1.9,0.9,0.9,25.1,1.1,0
3,43,1,6,0,0.8,1.1,0.1,0,0
3,45,26,665.5,17,68,89,117,0,17
3,46,14,102,0,14.8,20.2,9.1,0,0
3,47,9,30,0,5.2,5.4,0.3,0.6,0
3,49,3,236,14,21,15.1,66,0,7
3,50,11,119,1,8.1,10,50.8,0,0
3,51,15,53,1,7.9,9.1,3.2,0,0
3,52,20,195.5,0,38.5,24.9,12.7,0,0
3,53,8,49,1,7.1,8,2,0,0
3,54,1,2,0.3,0.2,0.2,0.7,0,0
3,55,2,2,0.2,0.2,0.2,0.8,0,0
3,56,7,29,0.8,2.4,2.7,8.6,0,0
3,57,1,5,0.2,0.4,0.4,1.5,0,0
3,59,4,27,1,3,3.1,9,0,0
3,60,11,96,7.7,10,5,29.7,0,0
3,79,8,251,3.1,17.9,42.9,43,3,0
3,80,11,195,4.8,14.1,12,74.1,2.1,0
3,81,10,62.5,3,4.9,17.1,8,0,0
3,82,14,274,6,49,23,36.1,1.9,24
3,83,11,67.5,1.4,4,8,18.8,0,0
3,84,36,546.5,12,46.6,96.8,83.9,9.2,0
4,22,1,1,0.1,0.1,0.2,0.1,0,0
4,23,9,44,3.1,8.9,8.1,1.9,0,0
4,24,1,3,0.2,0.3,0.3,0.7,0,0
4,25,3,6,0.4,0.6,0.6,1.4,0,0
4,26,8,38,0,3,5.9,8,0,0
4,27,10,63,0,9.1,11.8,10,1.2,0
4,28,8,34,0,6.9,3.1,3,0.9,0
4,29,11,37,0,11.1,2.9,0.8,0,0
4,30,7,21,1.2,1.9,3,2.3,0,0
4,31,2,10,0.6,0.8,1.4,1,0,0
4,32,16,193,1.1,11.8,33.1,36.9,0,0
4,33,13,44,0,8.2,8.8,4.4,0,0
4,36,11,130,2.1,10.9,21.1,35.9,0,0
4,37,9,27,4.9,4.9,3.2,2.7,0,0
4,41,4,39,0,3,1.1,15.9,0,0
4,42,6,76,0.7,7.8,8.4,26.1,0,0
4,43,1,10,0.3,1.2,0.6,2.9,0,0
4,45,4,9,0,0.8,1.8,1.4,0,0
4,47,6,144,7.8,8.8,13.6,41.4,0,0
4,48,7,33,1.3,3.3,8.6,3.3,0,0
4,51,5,17,0.7,1.7,4.4,1.7,0,0
4,52,14,90,0,7.2,23.1,8.7,0,0
4,53,11,132,2.9,9,20.2,29.9,1,0
4,55,1,3,0.1,0.4,0.5,0.4,0,0
4,56,7,24,1.4,2.1,0.6,9.6,0,0
4,57,7,28,0,0.9,2.9,11.1,0,0
4,59,7,62,4.1,7,2.1,24,0,0
4,60,4,48,0.9,2,3.1,25.1,0,0
4,80,13,181.5,3,7.9,22.1,50.8,1.1,0
4,81,6,30,0,0.9,7.6,1.5,0,0
4,82,4,10,0,0.4,2.9,0.8,0,0
4,83,21,688,20.8,110.9,78.1,94.9,21,23
4,84,40,1350,36.9,182.1,344.2,23.9,18.4,37
4,85,9,1733,133.8,225,336.2,182,23,32
5,23,2,5,0.5,0.8,0.9,0.5,0,0
5,24,3,7,0.4,0.7,0.7,1.7,0,0
5,25,2,2,0.2,0.2,0.2,0.4,0,0
5,28,13,494,46.1,95.9,40,52,0,29
5,29,29,1716.5,73.2,249.2,107.9,370.8,2,71
5,30,18,77,0,8.1,7,13,0,0
5,31,2,5,0.3,0.5,0.7,0.5,0,0
5,32,2,5,0,1.2,1.6,0.2,0,0
5,33,5,17,0,3.9,5.4,0.8,0,0
5,34,3,10,0.4,0.5,2,1.5,0,0
5,37,1,1,0.2,0.2,0.1,0.1,0,0
5,38,26,408.5,22.5,60.6,34.6,87.1,0,0
5,39,2,3,0.1,0.5,0.6,0.3,0,0
5,40,1,2,0,0.4,0.2,0.5,0,0
5,41,2,9,0,1.6,0.8,2.5,0,0
5,42,11,228.5,3,21.8,23.1,61.2,0,0
5,43,17,262,9.2,37.9,35.9,30,2,0
5,45,2,4,0,0.3,0.8,0.6,0,0
5,46,2,3,0.2,0.2,0.4,0.6,0,0
5,48,5,75,1,3.2,11.9,32,0,3
5,52,11,248,8.1,14.2,20.9,78.1,0,0
5,53,14,55,0,10.1,6,4,0,0
5,54,1,1,0.1,0.1,0.2,0.1,0,0
5,57,5,11,0.6,1.1,0.1,4.4,0,0
5,59,4,23,1,0,3,11.1,0,0
5,68,2,21,1,1,2,11,0,0
5,80,7,72,2,3.2,12.4,23.3,0,0
5,82,4,6,0,0.2,1.8,0.4,0,0
5,83,12,69,0,3.8,16.6,8,2,0
5,84,34,1305.5,7.9,177.9,309.2,56.6,24.2,0
5,85,6,478.5,18.9,94.1,84,8,7,0
6,21,1,1,0.1,0.1,0.2,0.1,0,0
6,22,4,15,0,0.6,3.1,0,0.4,0
6,23,6,39,1,8.8,9.1,0,0,0
6,25,2,2,0.2,0.2,0.2,0.4,0,0
6,27,5,19,1.1,1.9,1.9,4.6,0,0
6,28,5,55,0,8.9,12.1,0,0,0
6,29,17,88.5,2.8,14.2,12.1,5.2,0,0
6,30,5,10,0.4,0.6,1.4,2.6,0,0
6,31,4,11,0.3,0.8,1.6,2.8,0,0
6,32,7,129,2,6.8,22.1,22.7,0,0
6,33,11,173,5.1,14,13,45,0,0
6,34,3,11,0.4,0.6,2.2,1.6,0,0
6,37,2,12,2.1,2.2,1.5,1.2,0,0
6,38,9,55.5,4.7,9.3,8,9.7,0,0
6,39,3,5,0.5,0.7,1,0.3,0,0
6,41,7,114.5,3,6,6,43,0,1
6,42,5,61,1,1,13.6,7.8,0,0
6,43,12,186,7,11.1,21.8,47.9,1,0
6,44,2,19,1.4,1.4,1.7,5.5,0,0
6,46,2,10,0,0.7,2,1.7,0,0
6,47,3,15,0,1.2,2.9,2.5,0,0
6,52,16,264.5,4.6,16.4,28.6,74.9,0,0
6,53,6,22,0.4,2.4,4.4,4.4,0,0
6,54,7,19,0.9,2.6,3.2,2.5,0,0
6,57,16,66,7,5.1,3,23,0,0
6,67,9,29,0,3.9,9.4,1.2,0,0
6,68,20,171,7,20,26.3,30.7,1.1,9
6,81,24,333.5,4,21.2,37,99.6,6.1,0
6,82,11,31,0.3,1.9,6.2,3.1,0,0
6,83,11,37,0,0.7,7.9,5.1,1.1,0
6,84,6,20,0,3.7,2.7,1.5,0.3,0
6,85,7,19,0,3.5,2.5,1.4,0.3,0
7,20,1,5,0.5,0.9,0.9,0.4,0,0
7,21,4,6,0.6,0.8,1.2,0.6,0,0
7,22,10,47,0,2.2,9.5,0,1,0
7,23,6,240,18,33,21.1,60.9,0,0
7,27,1,1,0.1,0.1,0.1,0.2,0,0
7,29,11,44,0,6,9.7,2.1,0,0
7,30,14,68.5,0.7,13,6.9,12.3,0,0
7,31,5,7,0.2,0.5,0.9,1.9,0,0
7,32,1,6,0,0.2,0.7,1.5,0,0
7,34,3,19,0.9,1,3.8,2.8,0,0
7,39,20,236,14,27.9,13.9,76.3,1,0
7,40,5,16,0.5,2.6,2.6,2.3,1,0
7,41,3,16,0.6,2.5,2.5,2.4,1,0
7,42,11,88.5,1.1,6.1,13.8,22,0,0
7,43,2,5,0,0.2,1.4,0.1,0,0
7,44,13,157,6.5,13.6,11.4,59.4,0,0
7,47,1,3,0,0.2,0.6,0.5,0,0
7,53,18,259,5.3,28,27,73.9,0,0
7,54,13,52,4.2,10.7,6,5.1,0,0
7,67,9,97,2,8.1,10,33.9,0,0
7,68,28,227,19.8,27.3,22.2,56.9,1,0
7,69,5,64,0,0.9,4,28.1,0.9,0
7,78,2,5,0,0.3,0.5,2.1,0,0
7,79,16,103,2.1,5.8,11.7,37.8,0,0
7,80,1,4,0,0.1,0.7,1.5,0,0
7,81,12,164,0,4.9,18.3,68.5,0,0
7,82,14,40,2,0.8,8.7,7.2,3.3,0
7,83,6,24,0.3,1.4,4.8,2.2,0,0
7,84,29,132,0,11.9,38.8,1.1,4.1,0
7,85,10,31,1.9,6.2,9.9,0,0,0
8,20,18,50,3.1,7.4,11.3,0.6,0.7,0
8,21,13,168,7.9,36.3,14,17,7.9,26
8,22,20,168.5,8.8,15.2,26.2,24.1,1.9,0
8,25,2,25,3,2,2,10,0,0
8,26,2,18,1.2,1.8,3.1,3.1,0.7,0
8,29,1,4,0.1,0.6,0.2,1,0.1,0
8,30,4,9,0,0.6,2.1,2.7,0,0
8,31,12,48,2,2.4,7.8,13.6,0,0
8,32,2,9,0.6,0.3,2.1,2.7,0,0
8,33,3,5,0.3,0.2,1.2,1.5,0,0
8,34,9,46,2,9.9,1.1,13,0,0
8,35,5,28,0,1.6,3.2,12.8,0,0
8,41,1,1,0,0.1,0.2,0.2,0,0
8,44,8,36,0.7,4.6,3.6,12.7,1.7,0
8,49,5,35,0.6,1.9,3.7,12.8,0,0
8,50,3,112.5,3,7,13,37,0,0
8,54,1,9,0.3,1.1,0.4,2.2,0.7,0
8,68,4,11,0.6,1.5,1.6,3.3,0,0
8,69,8,76,4,12,9.9,25.1,1,0
8,75,3,80,2.9,9,5,28,0,0
8,79,6,78,0,16.1,12.1,17.9,2,13
8,81,1,2,0.1,0.1,0.4,0.3,0.1,0
8,82,7,268.5,0,31.9,12,68,5.1,12
8,83,1,3,0.3,0.1,0.6,0.5,0.1,0
8,84,5,13,0.1,1.7,4.9,0,1.2,0.2
8,85,9,43.5,0.7,6,15.9,0,3.8,0.7
9,20,2,7,0.4,0.9,1.6,0.1,0.2,0
9,21,21,225,10.2,37.6,33.5,22.8,6,0
9,22,8,16,0,4.9,6.2,0,0,0
9,23,4,21,2,2.1,3.1,4.8,0,0
9,24,2,6,0.4,0.6,1.1,1.1,0.2,0
9,29,7,24,0.5,3.3,1.4,6.1,0.7,0
9,30,1,4,0,0.2,0.9,1.3,0,0
9,31,1,1,0,0.1,0.2,0.3,0,0
9,32,1,12.5,0.9,0.5,2.8,3.8,0,0
9,33,22,348,5,21.9,39.1,110.2,1.9,0
9,34,5,44,3.1,7.1,1.9,11,0,0
9,36,7,17,0.8,1.7,2.2,7.3,0,0
9,37,2,2,0.2,0.2,0.2,0.8,0,0
9,41,15,228,18,25.9,22.9,53.8,0,0
9,42,1,4,0,0.6,0,1.3,0,0
9,43,6,51.5,0,7.8,0.7,16.5,0,0
9,44,2,4,0.1,0.5,0.4,1.4,0.2,0
9,49,2,20,0.4,1.1,2.1,7.3,0,0
9,50,6,167,6,7.1,17.9,58.9,1.1,0
9,54,33,361.5,14.9,33.3,30.5,106.6,0,0
9,55,3,16,0.7,1.8,0.7,3.9,1.1,0
9,69,7,57.5,1.4,3,5.2,25.7,1,0
9,78,6,22,0,1,2.1,10,0,0
9,82,4,64,1.2,0.6,3.2,29.6,1.6,0
9,85,1,1,0,0.1,0.4,0,0.1,0
10,18,1,3,0,0.3,0.4,0.2,0.2,0
10,20,2,5,0.4,0.6,0.7,0.4,0,0
10,21,3,7,0.6,0.8,1,0.5,0,0
10,22,3,21,0,0.6,4.5,0,2,0
10,23,20,190.5,6.8,16,48.3,11,1.9,0
10,28,1,3,0.1,0.4,0.2,0.7,0.1,0
10,29,2,5,0.1,0.7,0.3,1.2,0.2,0
10,30,1,1,0.2,0.1,0.1,0.2,0,0
10,31,11,36,0.9,8.1,3.1,12,0,0
10,32,2,3,0.1,0.7,0.1,0.8,0.2,0
10,33,3,13,0.5,2.9,0.5,3.6,0.7,0
10,34,1,5,0,0.3,0.5,2.3,0,0
10,36,10,61,5.1,4.8,7.2,19.1,0,0
10,37,10,120,13,7,7.1,32.9,0,0
10,38,1,1,0.1,0.1,0.1,0.4,0,0
10,42,1,1,0,0.2,0,0.3,0,0
10,44,5,27,3.7,0.7,3.7,6.4,0,2.2
10,45,6,77,3.9,6.9,11.1,14.1,0,0
10,81,2,2,0.2,0,0.4,0.4,0,0
10,85,1,3,0.3,0.2,0.5,0.2,0.1,0
10,86,4,18,1.7,1.1,2.8,1.6,0.3,0
11,17,5,33.5,0,3.4,4.5,2.5,1.8,0
11,18,1,2,0,0.2,0.3,0.1,0.1,0
11,20,2,5,0.4,0.6,0.7,0.4,0,0
11,21,23,452,2.7,105.2,56.5,13.7,6.8,79
11,22,4,20,0,0.5,4.3,0,2,0
11,23,4,36,4,2,6.1,0.9,0,0
11,24,2,5,0.3,0.5,1,0.8,0.2,0
11,30,1,7,1.1,0.7,0.8,1.5,0,0
11,31,4,32,3.9,3.1,1.1,12.3,0,0
11,32,3,6,0.2,1.4,0.2,1.6,0.4,0
11,33,11,387,21,30.2,38.8,113,0,0
11,34,1,2,0,0.1,0.3,0.9,0,0
11,36,11,57,2.1,4.9,6.1,23,0,0
11,38,1,1,0.1,0.1,0.1,0.4,0,0
11,40,1,3,0,0.5,0,1,0,0
11,44,1,3,0.4,0.1,0.4,0.7,0,0.2
11,45,2,7,0.9,0.2,0.9,1.7,0,0.6
11,46,13,96,3,12.3,13.5,29.2,0,0
11,47,3,11,0.2,1.5,1.7,1.6,0,0
11,76,2,35,0.7,2,2.7,13.4,0.7,0
11,77,6,82,4.9,6,3.1,25,0,0
11,78,3,17,0.2,1,1.4,6.6,0.3,0
11,82,1,2,0.1,0.1,0.4,0.3,0.1,0
11,84,1,3,0.3,0.2,0.5,0.2,0.1,0
11,85,5,9,0.9,0.5,1.3,0.9,0,0
12,16,8,26,0,0.8,5.3,2.6,1.2,0
12,17,13,57,0,8.1,10.4,0.3,2.3,0
12,21,6,32,0,6,5.1,7,0,0
12,22,29,198,4.7,23,43.4,8.4,8.4,0
12,23,16,148.5,6,15.2,19.7,15.1,9.9,0
12,24,2,11,0,0.6,2.4,0.4,0.7,0
12,26,1,1,0,0.1,0.1,0.3,0,0
12,30,2,8,1.8,1.1,0.8,1.4,0,0
12,31,7,36,7.9,4.9,3.9,6.5,0,0
12,32,4,40,3.7,3.2,1.7,14,0,0
12,33,10,74,0.9,9.9,10,9,0,0
12,34,15,106,4.6,16.9,13.3,23.1,0,0
12,36,9,47,1.2,6.8,3.1,14.9,1,0
12,37,19,139,20.2,14.8,17.9,23.8,0,0
12,38,1,2,0.1,0.6,0.2,0.1,0.2,0
12,44,6,143,6,8.8,9.1,62,0,2
12,45,6,29,1,4.8,5.1,3.3,0,0
12,46,7,34,3.2,3.2,6.9,6.9,0,0
12,47,2,18,0,0,6,5,0,0
12,56,3,6,0,0,1.2,2.6,0.4,0
12,57,2,4,0,0,0.8,1.8,0.2,0
12,58,1,5,0,0,0.9,2.2,0.3,0
12,66,1,5,0.1,0.3,1.5,0,0,0
12,70,1,3,0.2,0.4,0.2,0.6,0,0
12,71,3,30,1.8,3.5,2.4,5.9,0,0
12,73,4,43,0,1.1,4,19,0,0
12,74,3,13,0.5,0,4.2,2.1,0,0
12,75,1,1,0,0,0.3,0.2,0,0
12,76,25,213,10.1,12.9,43.7,26.2,2.1,0
12,77,11,165.5,8.1,14.8,25.3,40.6,0,0
12,78,5,28,0,2.8,8.4,0.8,1.1,0
12,82,4,65,2,4,7.1,26.9,3,0
12,83,1,1,0,0,0.4,0,0.1,0
12,84,3,8,0.8,0.5,1.3,0.6,0.2,0
13,15,4,11,0,1.2,2.9,0,0.7,0
13,16,51,1577.5,16.6,159.8,182.1,274.8,45.2,74
13,17,42,283,0,24.2,87.2,1,10.5,0
13,21,5,33,0,3,8.1,0.9,1,0
13,22,3,14,0,2.3,0.9,2.8,0.5,0
13,23,16,94,0,7.6,18.1,8.2,3.6,0
13,24,8,43,0,2.3,9.4,1.7,2.6,0
13,25,15,126,2.1,14.9,25.2,7.1,3,0
13,26,9,113,2.7,20.1,10.8,13.8,0,0
13,30,1,1,0.2,0.1,0.1,0.2,0,0
13,32,2,7,0.2,1,0.2,1.9,0,0
13,33,9,48,6,4.1,4.9,10.9,0,0
13,34,9,29,2.9,1.9,3.8,3.8,0.2,0
13,35,5,29,3,2,3.5,3.5,0.4,0
13,36,6,161,3.1,20,18,32,0.9,1
13,38,1,1,0,0.3,0.1,0.1,0.1,0
13,39,1,1,0,0.3,0.1,0.1,0.1,0
13,46,14,175.5,15,13.3,20,41.8,0,6
13,47,2,25,1,0,2,13,0,0
13,48,1,12,1.2,2.3,0.6,2.9,0,0
13,58,11,54,23,5,4.1,4.9,0,0
13,60,1,1,0.1,0.1,0.1,0.3,0,0
13,63,1,3,0.2,0.3,0.2,1,0,0
13,65,2,5,0,0.5,1.2,0.1,0,0
13,66,28,3011,89.9,460,396.1,451.9,16.1,218
13,67,18,1729,73.9,199.3,378.7,190.1,6,16
13,68,3,11,0,1.1,1.8,2.6,0,0
13,69,3,29,0,2.9,4.4,7.2,0,0
13,70,11,114,1,11,10,29,2,0
13,71,4,18,1.1,2.1,1.5,3.5,0,0
13,73,2,28,0.4,1,3.2,13.6,0,0
13,74,1,1,0,0,0.3,0.2,0,0
13,76,3,98,0,23.9,17.1,0,0,0
13,78,1,2,0,0.2,0.6,0,0.1,0
13,81,1,3,0.1,0.1,1.1,0,0.2,0
13,82,4,9,0.3,0.3,3.3,0,0.6,0
13,83,3,9,0.4,0.4,3.2,0,0.5,0
14,15,19,76,1.3,6.7,15.9,2,7,0
14,16,29,288.5,3.9,55.2,46,2,14,25
14,17,45,316,0,28.5,80,1.6,21.6,0
14,18,11,82.5,0,10.8,15.4,1.6,3.9,0
14,21,1,18,0.4,2.2,3.1,0.4,0.9,0
14,22,17,163,5,19.2,17.1,20.7,8.9,0
14,23,6,28,1.1,1.8,4.1,4,1.1,0
14,24,19,210,8.9,23.6,33.4,28.2,8.1,0
14,25,8,69,0,1,16.1,3,4.9,0
14,26,18,171.5,0,20.7,41,5,9.1,0
14,27,16,176,12.2,20.8,41,7.8,1.1,0
14,28,9,58,1.8,5.8,16.2,2.8,0,0
14,30,6,65,5,6.2,2.8,17.2,2,0
14,31,4,13,1.4,1.5,1,1.3,0,0
14,34,6,38,1.8,6,2.9,9.8,0,0
14,35,1,1,0,0.1,0.1,0.3,0,0
14,36,14,52,0.9,13.5,9.7,1.8,3.2,0
14,37,1,1,0,0.3,0.1,0.1,0.1,0
14,47,2,6,0.2,1,1,0.8,0,0
14,48,10,77.5,5.9,10.8,6.6,18.8,0,0
14,59,10,194.5,1,17.1,17.9,71,0,11
14,61,3,7,0.5,0.7,0.5,2.3,0,0
14,62,14,411,13,32.3,48.4,109.8,1.1,0
14,63,27,626.5,12,51.3,97.6,137.9,5,0
14,64,21,367.5,5.2,35.1,71.9,60.8,2,0
14,65,1,4,0,0.4,1.1,0.4,0,0
14,66,22,147,0,17.9,35.7,3,0,0
14,67,2,5,0,0.5,1.2,0.1,0,0
14,68,11,45,0,4,15,0.9,0,0
14,69,9,86,0,0,24.1,4,0,0
14,70,4,21,0.3,0.7,6.9,1.2,0,0
14,71,4,35,0.6,1.3,11.2,1.9,0,0
14,73,2,10,0.5,0.6,0.9,2.1,0,0
14,74,6,59,1.9,5.1,6.1,19,0,0
14,76,6,26,1.6,2.7,6.2,1.5,0,0
14,78,2,3,0,0.3,1.2,0,0,0
14,79,3,21,0,1.7,8,0.5,0,0
14,80,15,321,15.8,16.9,51,67.1,5.2,0
14,81,5,84,0,6,16,21,4,0
14,82,4,128,2,14,19.1,25.9,1,0
14,83,5,26,0,4.1,4.9,4,0,0
15,15,14,38,0,4.6,10.1,0,2,0
15,16,26,145.5,0,23.4,31.2,0.6,1.7,0
15,17,20,115.5,2.2,11.6,19.1,0,23.2,0
15,18,1,3,0,0.4,0.6,0.1,0.1,0
15,20,7,23,0.6,2.8,4,0.6,1.2,0
15,23,19,93,0,18,13,11,3.1,0
15,24,14,116,0,4.7,40.1,1.9,3.2,0
15,25,12,45,0.9,3,15,0,2.1,0
15,26,27,378.5,5.9,39.6,83.6,16.9,2.2,0
15,27,26,644.5,17,50,172.1,25,6.9,0
15,28,14,86.5,0,3.9,25.9,4.1,2,0
15,29,1,3,0.1,0.3,0.8,0.2,0,0
15,31,1,4,0.4,0.5,0.3,0.4,0,0
15,54,2,4,0.5,0.9,0.8,0.2,0,0
15,55,11,146.5,18.4,20.2,6.3,38.8,4,0
15,57,1,1,0,0,0.2,0.4,0.1,0
15,60,3,26,1.4,2.5,1.9,8.8,0,0
15,61,1,4,0.2,0.4,0.3,1.3,0,0
15,62,1,2,0,0.2,0.6,0.3,0,0
15,63,3,12,0,1.3,3.4,1.7,0,0
15,64,4,12,0,1.2,3.4,1.2,0,0
15,65,7,15,0,1.5,4.4,1.5,0,0
15,66,2,13,0,1.4,3.1,0.3,0,0
15,67,2,15,0,1.6,3.5,0.4,0,0
15,68,2,53,0,1,7,17,1,0
15,70,9,152.5,4.1,15,18,39,0,0
15,71,8,189.5,4.9,24.9,27,15,0,0
15,72,9,144.5,6.1,13,11.3,25,1,0
15,73,4,8,0.2,0.6,0.8,1.6,0,0
15,74,11,47,0.9,7,7.8,5,1.2,0
15,75,14,698.5,24.1,107.1,137.8,38.9,4,36
15,76,20,72,4.2,8,15.9,1.8,0,0
15,77,4,11,0.7,1.2,2.6,0.7,0,0
15,79,2,13,0,1.1,4.9,0.4,0,0
15,80,5,58,3,7,13,3.9,1.1,0
15,85,1,1,0.1,0.1,0.1,0.1,0,0
15,86,2,3,0.3,0.2,0.4,0.3,0,0
16,16,6,40.5,0,8.3,5.3,0,0,0
16,17,4,13,0,2.6,1.7,0,0,0
16,20,3,4,0.1,1.1,0.7,0.4,0,0
16,21,5,17,0.5,4.5,2.9,1.7,0,0
16,22,10,82,4,7.2,18.9,5,2,0
16,23,6,30,0,4,5,3,2,0
16,24,2,16,0,0.7,2.9,1.6,0.9,0
16,25,27,236.5,11,27,49.9,12.1,4.8,0
16,26,16,121.5,3,12,31.9,3,0,0
16,27,28,363,11.8,34.1,90.2,3,7.7,0
16,28,15,149.5,4.1,11.8,25,10.8,9.1,0
16,29,18,113.5,0,9.9,33.1,3.1,1.9,0
16,32,1,4,0,0,1.6,0,0.2,0
16,60,5,59,1.9,2.1,5,19.9,0,0
16,62,1,3,0.1,0.2,0.9,0.1,0,0
16,63,3,4,0.1,0.3,1.2,0.1,0,0
16,65,6,26,0.8,3.2,4.8,2.5,0,0
16,67,3,11,0.2,0,0.2,5.4,0.5,0
16,68,6,36,1,0,4.9,13.1,0,0
16,74,2,3,0.1,0.3,0.4,1.1,0.2,0
16,75,1,2,0.1,0.2,0.3,0.7,0.1,0
16,76,2,7,0.3,0,0.8,2.9,0.4,0
16,86,11,43,0.7,2.3,8,9.7,0,0
16,87,1,4,0.1,0.3,0.4,0.6,0,0
17,20,1,3,0.1,0.8,0.5,0.3,0,0
17,21,5,15,0.5,3.9,2.5,1.5,0,0
17,22,2,2,0,0.2,0.6,0,0,0
17,23,4,30,0,3.8,8.4,0,0,0
17,24,25,547.5,14,54.8,139.4,2,3,0
17,25,22,202.5,1.9,21.2,53.3,3.4,5.1,0
17,26,30,403,5.9,53.1,86.1,5,5.9,0
17,27,27,784.5,7,150,169.1,2.7,10.4,1
17,28,27,441.5,8.5,51.8,108,2.8,4.1,39
17,29,37,498,8.8,45.9,131.2,4.5,9.5,0
17,30,14,142.5,1,13,28.9,10.9,4,0
17,39,1,4,0.6,0.5,0.4,0.1,0,0
17,45,14,56,3.1,5,10.8,17.9,0.7,0
17,49,5,19,0,3.9,1.1,5.9,0,0
17,59,8,207,9,23,11.1,70,2,0
17,60,4,18,0.7,1.1,5.6,0.7,0,0
17,62,1,3,0.1,0.2,0.9,0.1,0,0
17,64,1,1,0,0.1,0.2,0.1,0,0
17,65,1,5,0.2,0.6,0.9,0.5,0,0
17,67,3,24,0.6,0,0.6,11.7,0.8,0
17,69,2,34,1,1,0,16,0,0
17,70,1,2,0.1,0.1,0.1,0.9,0,0
17,71,5,16.5,1.1,0.5,0.5,7.8,0,0
17,72,2,12,0.7,1.1,1.4,4.4,0.8,0
17,74,3,4,0.1,0.4,0.5,1.5,0.3,0
17,75,5,12,0.6,1.2,1.7,4.3,0.6,0
17,83,7,107,1,7.1,3,42,0,0
17,85,1,2,0.1,0.1,0.2,0.3,0,0
17,86,15,55,1,7,12,3.8,1.1,0
18,23,1,2,0.1,0.5,0.3,0.2,0,0
18,24,43,322,3,56.2,93.8,1,4.1,0
18,25,25,426,7.7,36.2,119.9,0.7,7.2,0
18,26,19,1427.5,8,321.1,185.7,1.8,5,302.9
18,27,23,3052,337.1,439.8,419,132,53,51
18,28,48,1006,22.1,101.4,262.4,0,27.8,0
18,29,35,645,6.9,74.5,143.9,19.1,15.8,0
18,30,22,142,0.9,17,30.3,6,3.1,0
18,31,7,84,1,2.8,26,2,2.1,0
18,45,2,2,0.2,0.2,0.4,0.6,0,0
18,48,11,74,11.1,8,9,16,1,0
18,49,11,64,8.6,10.7,5.6,14.2,1,0
18,50,5,36,2.9,2.1,5,17,0,0
18,51,6,17,0,3.3,1.7,5.4,0,0
18,52,3,3,0,0.3,0,2.1,0,0
18,55,3,12,0,0.3,0.9,5.5,0.3,0
18,57,1,3,0.2,0.4,0.3,0.8,0,0
18,58,7,63,3.4,8,5.5,19.2,0,0
18,62,1,3,0,0.2,0.4,1,0,0
18,64,3,82,0,12.1,5,27.9,1,0
18,66,4,35,0,3.9,3.1,3.9,0,0
18,67,5,53,1,3.1,3.9,20,0,0
18,70,6,26,0.9,5.1,2.9,5,0,0
18,71,7,29,0,0,4.9,10.2,0.9,0
18,72,4,17,0,1.2,0.5,10.2,0,0
18,73,2,10,0,0.7,0.4,5.9,0,0
18,75,5,45,1,4.2,9,13.8,1,0
18,76,22,261.5,4.1,15.9,66.1,26.2,0,8
18,77,9,58,1.3,3.6,8.9,17.4,0,0
18,78,2,53.5,2,2.1,0,28.9,1,0
18,82,6,78,2.9,8.5,4.7,27.4,0,0
18,83,7,118,3,16,8.1,35,0,0
18,86,1,1,0,0.1,0.4,0,0,0
18,87,3,12,0.5,1,4.4,0,0,0
18,88,2,4,0,0.4,0.7,1.2,0,0
19,24,1,2,0,0.2,0.5,0,0.2,0
19,25,31,142.5,1.1,7.4,45.7,0,8.2,0
19,26,17,73.5,0,7.1,16.6,0,3.2,0
19,27,18,91,0.9,17,17.1,0,0,0
19,28,19,147.5,3.2,21.1,31.6,0,0,0
19,29,27,210,0.9,17.1,58.1,2.9,1,0
19,30,26,327.5,3.2,30.2,78,4,4.7,0
19,31,35,310,8.2,29.9,62,2.7,11.9,0
19,32,13,309.5,7,21.8,71,15,10.2,11
19,33,10,221,8,17,55,6,5.6,0
19,34,2,6,0,0,2.4,0,0.3,0
19,48,1,3,0.3,0.5,0.3,1,0,0
19,49,11,103,0.8,10.9,14.1,23.3,0,0
19,50,14,51.5,4,5.2,8.8,16,0,0
19,51,2,4,0,0.8,0.4,1.2,0,0
19,52,2,18.5,0.9,2.5,0,12,0,0
19,53,9,89,5,8.9,2.2,32,1,0
19,54,4,19,0,0.6,1.3,8.5,0.6,0
19,56,2,4,0.3,0.5,0.4,1.1,0,0
19,61,1,1,0,0.1,0.3,0,0,0
19,62,1,3,0,0.2,0.4,1,0,0
19,63,6,56,1,3.7,6.1,23.9,0,0
19,66,19,102.5,1,6.9,4.1,40.9,1.1,0
19,67,6,37,1.8,0.9,3,17.2,0,0
19,69,3,15,0.9,0.3,0.6,7.2,0,0
19,70,7,26,1.9,1,2.1,13,0,0
19,71,7,67,2,3.9,9,13,0,0
19,72,5,40,0.9,1,5,17,0,0
19,73,7,60,0,1,2.1,32,0,0
19,74,13,107,2.1,5.1,11.7,37.2,1,0
19,75,9,29,0,1.2,3,12,0,0
19,76,10,109.5,1,7.1,24.9,6,0,0
19,77,5,17,0.7,0.5,2.9,2.7,0,0
19,78,1,12,0.6,0,1.3,5.1,0.6,0
19,79,5,32,0,0,6.1,13.8,0,0
19,82,24,212.5,10,23.8,30.1,41.1,1.9,0
19,83,1,3,0.1,0.4,0.4,0.6,0,0
19,85,2,7,0.2,0.4,0.7,1.1,0,0
19,86,6,38,1.4,3.1,14.2,0,0,0
19,87,18,929.5,72,145,173.1,84.9,3.1,78
20,25,17,49,0,6.3,13.8,0,0.9,0
20,26,18,88,0.8,10.4,25.1,0.4,1.2,0
20,27,10,44.5,1,11.1,8.9,0.8,1.2,0
20,28,5,14,1.6,2,2.2,0,1.2,0
20,29,18,152,5,39.9,25.9,0,1,0
20,30,15,147,0,17.8,38.1,0,11.1,0
20,31,13,87,1.1,9.8,24.1,2.9,1.1,0
20,32,18,152,2.9,7,35.1,10.1,3.8,0
20,33,18,184,3.1,22.9,46.2,0,4.9,0
20,34,2,7,0.1,0.9,1.4,0.6,0.2,0
20,35,23,497.5,34.3,89.8,46.1,54.5,6.2,25
20,40,1,2,0.1,0.3,0.5,0.1,0,0
20,44,13,73.5,6.1,7.1,10.8,16.9,4,0
20,46,7,41,0.9,4,2,17.8,0,0
20,48,4,20,0.5,2.3,1.7,3.9,0.6,0
20,49,6,37.5,9.1,2,5,4.8,0,0
20,50,9,70.5,13.5,3.7,2.6,21.8,0,0
20,51,2,7,0.7,0.3,0.4,3,0,0
20,56,1,1,0,0.1,0.1,0.2,0,0
20,58,3,14,0.4,2.1,1.7,1.7,0,0
20,59,1,2,0.1,0.3,0.2,0.2,0,0
20,61,3,11,0.8,0.5,1,2.3,0,0
20,62,4,41,1,3.9,4.1,15,0,0
20,63,3,30,1,3,2,10,0,0
20,66,3,7,0,0.5,0,5,0,0
20,73,2,5,0,0.2,1,1.2,0,0
20,74,2,7,0,0.4,0,3.7,0,0
20,75,10,60,0,6.5,3.1,23.3,0,0
20,76,12,123,2,9.1,10.2,41.7,1,0
20,77,3,8,0.5,0.6,0.2,3.4,0,0
20,78,2,14,0.5,1.1,1.1,5.9,0,0
20,79,6,42,0,4,5,20,0,0
20,81,8,404,11,42.1,45.1,98.9,1,0
20,82,10,99,3.2,21.9,11.9,8.1,0,0
20,83,2,7,0.1,0.3,2.4,0.9,0,0
20,84,9,32,1,3.8,8.1,0,0,0
20,85,7,42,0,4.8,12.1,0,0,0
20,86,24,338,1.9,34,125.2,0.8,2,0
20,87,15,271.5,5.9,33,73.4,8.4,1.1,0
20,88,12,176,5.1,40.9,38.9,0,5.1,0
20,89,2,4,0.1,0.7,0.9,0,0,0
20,95,4,5,0,0.1,0.5,2,0.4,0
20,96,4,26,1.4,3.6,2.2,11.2,0,0
21,27,9,28,4.2,5.8,1,1,0,0
21,28,8,26,3,3.8,4,0,2.2,0
21,29,8,94,3.1,36.9,12.9,0,3.1,0
21,30,33,195,2.2,18.9,70.3,3.4,3.3,0
21,31,19,53,2,7.7,16.4,1.9,0,0
21,32,21,243,1,13.9,71,1,2,16
21,33,38,672.5,9.7,61.9,154.2,31.1,12.3,0
21,34,3,14,0.2,1.9,2.8,1.2,0.2,0
21,35,9,52,0.5,7.2,10.6,4.5,0.9,0
21,40,1,1,0.1,0.2,0.2,0,0,0
21,44,5,23.5,0.5,2.7,6.8,1.1,0.6,0
21,45,6,18.5,0.3,2.1,5.3,0.9,0.6,0
21,46,1,2,0,0.2,0.1,0.9,0,0
21,48,4,16,0.4,1.7,1.3,3.1,0.5,0
21,49,19,231,3.7,25.9,42,14.2,4,0
21,50,20,195,2.2,25.7,43.2,6.9,1.8,0
21,51,17,112.5,2.9,13.2,23,5,3.1,0
21,52,1,2,0.3,0.2,0.4,0.3,0,0
21,54,4,22,3.6,1.8,4.7,2.7,0,0
21,57,4,24,0.9,1.9,2.9,4.8,0,0
21,59,9,152,9.4,17.5,17.3,44.1,0,0
21,61,1,3,0.2,0.2,0.3,0.6,0,0
21,62,3,40,0,1.9,5,18.1,1,0
21,63,3,18,0,2.1,8.1,0.9,0.9,0
21,64,3,18,0,2,0,11.9,0,0
21,65,1,2,0,0.2,0,1.4,0,0
21,66,2,5,0,0.4,0,3.6,0,0
21,70,5,40,0,4.9,2.1,20.1,0,0
21,71,6,33,0.9,3,3,18.1,0,0
21,72,5,36.5,0,1.8,7.1,8.8,0,0
21,73,9,201.5,10.9,9.9,8,71.1,2,0
21,74,11,71,0,8.1,6,24,0,0
21,75,14,122,0.8,5.9,11.1,43.1,1.2,0
21,76,7,47,2.2,2.7,1.8,20.5,0,0
21,77,8,89,1,2.9,4.9,39.2,0,0
21,78,3,12,0.4,0.9,0.9,5.1,0,0
21,79,3,99,1,6,6.9,32,0,0
21,82,12,65,0.8,2.7,22.5,8.4,0,0
21,83,9,221.5,9.1,32,18.1,42.9,0.9,16
21,84,20,398.5,3.9,54.8,71.2,46,2.1,14
21,85,28,300,2.1,40,80.1,17,0,0
21,86,4,16,0.9,1.2,3.8,0.8,0,0
21,87,5,8,0.6,0.7,1.8,0.2,0,0
21,88,10,86,3.1,10.5,21.7,1.6,0,0
21,89,3,5,0.1,0.9,1.1,0,0,0
21,90,18,82,1.1,12.2,19.3,1.8,0,0
21,91,2,6,0,0.8,1.6,0.1,0,0
21,92,3,18,0,4.9,0.6,3.5,0,0
21,93,6,53,4,7.1,2.3,18.6,0,0
21,94,4,44.5,2,8.2,2.9,6,0,0
21,95,2,29,0.8,0.8,2.5,12,0.9,0
21,96,11,178,25,20,16.1,46,0,17
21,97,5,17,0.5,3.4,2.9,2.9,0,0
21,98,3,19,1.1,1.1,0.5,7.3,0,0
21,99,1,17,0.9,1,0.5,6.6,0,0
21,100,9,118,1,16,7.1,39.8,0,0
21,103,6,52.5,0.8,0,9.1,18,0,0
22,30,19,74,2.5,4.4,25.9,0,0,0
22,31,6,22,0.4,1.5,7.3,0,0,0
22,32,34,245.5,2.1,33.2,66.5,3,2.9,0
22,33,37,308.5,5.8,34,67,2.3,2.9,0
22,37,2,3,0,1.2,0.5,0,0,0
22,40,8,109,3,12.2,23.2,17.8,2.9,0
22,41,8,43,2.9,6.5,10.1,1,0,0
22,42,1,4,0.2,0.9,1,0,0,0
22,43,1,3,0.2,0.7,0.7,0,0,0
22,44,19,97,5,12.9,19.2,1,0,0
22,45,29,1266,18.8,255.4,175.7,3,13.1,0
22,46,14,129,0,19,37,0,0,0
22,47,18,133,6.2,15.9,24.7,1.7,0.9,0
22,48,19,135,4.2,5,42.1,1.8,2.1,0
22,49,15,394,32,44.7,66,11,19,19
22,50,21,756.5,48,114.1,149.3,14.9,5.7,0
22,51,9,22,4,4.8,2.2,0,0,0
22,52,13,132.5,4.1,8.8,33,0,4.1,0
22,53,29,388,17.6,34,61,36.1,9.3,0
22,54,21,205.5,18.2,30.1,33,10.8,3,0
22,55,15,202.5,12.9,37.2,29.3,5,0.7,0
22,56,3,19,0,3.8,2.1,3.8,0,0
22,57,2,5,0,1,0.5,1,0,0
22,58,1,27,2.1,1.7,2.8,0.3,0.4,0
22,61,5,55,2.6,3.9,5.3,14.8,0,0
22,62,2,35,0,3,2,14,0,0
22,63,5,20,0,4.6,5.7,1,0,0
22,64,8,67,0,3.8,5.1,26.9,0,0
22,65,4,16,0,2.7,1,5.5,0,0
22,66,3,14,0,2.1,3,5.9,0,0
22,68,2,12,0,0.7,0.7,6.5,0,0
22,69,7,35,0,1.9,2.9,17,0,0
22,70,19,117,1.8,6,0.9,57.4,0,0
22,71,6,51,0.9,3,5.1,20,1,0
22,72,7,68,0,1.9,1.9,34,1.1,0
22,73,9,47,0,4,2.9,16,0,0
22,74,7,55,0,3,7.1,14.9,0,0
22,75,6,29,0,2,3.8,12.1,0,0
22,76,3,4,0,0.1,0.1,1.5,0,0
22,77,8,56,1.1,8,11.9,10,0,0
22,78,9,86,5,1.9,6,21,4.1,0
22,79,8,106,0,11.9,8.1,30.1,0,0
22,81,6,111.5,8,10.9,11.2,23.9,1,0
22,82,13,161,4.1,27.2,28,7.9,1.9,0
22,83,8,128.5,0.7,6.9,36.9,3.5,1.1,0
22,84,5,171,4,27,12.1,33.9,1,8
22,85,17,169.5,2,6.9,35.3,36,0,0
22,86,1,3,0,0.2,0.7,0,0.1,0
22,87,6,57,0,3.8,13.3,0,1,0
22,88,32,809,21.1,72.6,189.1,66.5,1.9,0
22,90,11,86,2,1.8,12.1,29,0,0
22,92,4,100,2,6.8,3,42.1,1,0
22,94,3,60,0,3.7,8.4,20.7,0,0
22,97,2,19.5,0,1,6,4,0,0
22,98,7,38,0,3.1,3.9,15.9,0,0
22,100,6,21,1.2,1.9,2.3,5.1,0,0
22,101,5,39,0,2,4,9,0,0
22,102,11,71.5,1.8,8.2,6.2,28,0,0
22,103,21,141.5,2.8,16.2,22.2,29.8,0,0
22,104,3,11,1,1.5,2,2.5,0,0
23,32,5,22,2.1,3.9,5,0,0,0
23,33,16,116,0.9,21.2,28.9,0,2.1,0
23,34,10,42,0,8.7,7.3,0,0,0
23,35,11,58,5,6.8,11.4,2.9,0,0
23,36,10,39,0,15.6,6.6,0,0,0
23,37,22,72,5.4,17,17.6,1.9,0.9,0
23,38,10,30,0.8,7.2,6,0,3,0
23,39,11,36,5.4,4.7,3.6,0.7,0,0
23,40,5,38,0,14.1,5.9,0,0,0
23,41,9,414,23.9,65,67.1,10.9,7.2,64
23,42,10,364,30,78.8,75,11.1,2,17
23,43,22,228.5,3.6,53.6,46.4,0.9,3,0
23,44,18,165,3,44.8,25.8,2.1,2.3,0
23,45,8,314,21.1,13,80,9,2,54
23,46,1,1,0.1,0,0.2,0,0,0
23,47,24,191.5,12,43.1,28.8,5.8,2.1,0
23,48,20,177,14.2,22.7,25.2,10.1,0.9,0
23,49,45,1306,50.9,224.8,258.3,28.8,10.9,52
23,50,19,1246,178,181,101.1,71.9,15,62
23,51,24,817,31.9,114,186.3,10,3.1,33
23,52,8,54.5,6,5,11.9,0,0,0
23,53,9,29,5.1,1.9,3.9,0,0,0
23,54,6,83,8.8,4.7,0.9,0.8,0,0
23,55,5,20,2,1.1,0.5,0,0,0
23,56,5,21,0,4.2,2.4,4.2,0,0
23,58,13,50,3.9,3.5,5,0.4,0.7,0
23,59,1,1,0.1,0.1,0.1,0,0,0
23,60,2,6,0.4,0.4,0.6,1.2,0,0
23,63,2,5,0,1.2,1.4,0.2,0,0
23,65,5,33,0,5.4,2.1,11.5,0,0
23,67,11,58,3.1,4.7,2,16.1,0,0
23,68,5,29,0,2.3,0.3,15.2,0,0
23,69,2,2,0,0,0.2,1,0,0
23,70,11,54,1.8,1,3.1,23.8,0,0
23,71,4,45,1,1,4,17,0,0
23,72,8,41,1.5,3,2.5,13.4,0,0
23,73,5,13,1.6,2.1,0.4,1.4,0,0
23,74,4,33,2,3,2,13,0,0
23,75,7,75,1.1,0,6.9,27.1,0,0
23,76,4,33,0.8,0.9,0.9,11.7,0,0
23,77,9,116.5,1.9,4,6.1,47.1,1,0
23,78,18,104,0.9,9,27.4,5.8,0,0
23,79,9,70,2.2,6.9,6.1,28,0,0
23,83,7,23,0.5,3.1,4.1,1.5,0,0
23,88,3,29,0.8,1.5,7.1,0.4,0,0
23,99,12,91,0,5.1,14.1,35.8,0,0
23,100,1,15,0.8,1.3,1.7,3.7,0,0
23,103,7,58,0,3,4,26,0,0
23,105,4,11,1,1.5,2.1,2.4,0,0
24,49,5,22,2.5,3.7,2.8,0,0,0
24,50,12,229,3.9,40.8,50.3,0,0.9,0
24,51,15,107,3.1,18.7,17.9,0,0,0
24,52,10,49,8.2,2.7,5.8,0,3.1,0
24,53,5,29,4.7,2.9,1.4,0,0.6,0
24,54,5,26,3.5,1.9,0.7,1,0,0
24,55,8,91,9.1,7,12.1,10,2,0
24,57,4,22,1.1,4.4,4,0.4,0,0
24,58,4,14,1.7,2.8,1.4,0.8,0.3,0
24,59,12,48,6.1,9.6,4.7,3,0.6,0
24,60,1,3,0,0.6,0.3,0.1,0.2,0
24,62,11,75.5,1,5.8,8.4,28.1,0,0
24,63,0,72,3,16,4,23,0,0
24,64,4,20,0,0,2.9,6.4,0,0
24,65,11,53,0.9,4.1,6.1,22.7,0,0
24,67,15,87,3.9,4.9,5.1,34.1,0,0
24,68,8,33,0,1,3.8,13.1,0,0
24,69,5,23,1,1,2.1,11.9,0,0
24,70,1,1,0,0,0,0.7,0,0
24,72,13,98.5,0.8,8,6.1,28,0,0
24,73,6,23,0.4,2.1,2.8,5.4,0,0
24,74,10,137,2,6,11.1,57.9,0,0
24,75,3,9,0,0.6,1.2,2.4,0,0
24,76,3,40,1,3,5.1,13,0,0
24,77,4,69.5,3.1,0,1,35,0,0
24,78,14,52,0.8,8,8,2.4,0,0
24,79,2,7,0.1,1.1,1.1,0.3,0,0
24,80,19,564,9,66.8,53.3,118.9,3.9,0
24,81,3,170,0,1,54,0,0,0
24,82,12,482.5,2.9,84,81.1,10.9,2,0
24,83,7,318.5,0,27.9,78.1,0.9,0,0
24,84,20,1477,4,250.6,291.3,32,8.4,0
24,85,17,916.5,0,202.9,171.9,0.9,1,0
24,86,31,1306.5,13,189.9,239.3,55.9,4,0
24,87,32,805.5,6.7,78.8,278.2,10.1,0,3
24,88,8,190,6,32.9,15,24,0,0
24,89,4,47,0,2.9,14.9,1.1,0,0
24,91,3,79,1.9,16,10.1,3,0,0
24,94,2,13,0.2,3,0.9,1.3,0,0
24,95,2,6,0.1,1.4,0.4,0.6,0,0
24,96,3,129.5,4,20,11,29,0,0
24,97,4,35,2.4,4.6,3.1,6.1,0,0
24,98,4,19,0,1.9,3.1,5.9,0,0
24,99,15,289,1.3,21.1,42.9,65.7,0,14
24,102,11,176.5,2.7,10.1,11.1,64.1,1,0
24,103,2,6,0.2,0.3,1.9,0.3,0,0
24,105,3,17,0,5.9,1,5,0,0
25,49,7,43,2.1,13.2,3.5,0,0,0
25,50,5,24,2.9,4,4.1,0,1,0
25,52,1,2,0.3,0.2,0.1,0,0.1,0
25,53,8,36,2,3.8,5,0,2.1,0
25,54,2,17,2.3,1.3,0.4,0.6,0,0
25,55,3,8,1,0.7,0.1,0.4,0,0
25,56,1,2,0.1,0.4,0.4,0,0,0
25,57,20,147,11.2,13.1,29.8,6.2,2,0
25,58,13,69,2.1,12,6.9,6.1,0,0
25,59,1,2,0.3,0.4,0.2,0.1,0,0
25,61,7,33,0,6.3,3.7,1,1.8,0
25,62,2,3,0,0.5,1.1,0.1,0,0
25,63,3,13,0,2,4.7,0.5,0,0
25,66,5,96,0,10.2,6,45.8,0,0
25,69,3,19,0,0,0,13.3,0,0
25,72,3,61,0.6,5,7.1,16.6,0,0
25,73,10,65,2.2,15.9,9.9,8,0,0
25,74,3,31,0,0,0.9,15,0,0
25,75,6,29,0,2.3,3.8,7.7,0,0
25,76,16,256,8.1,15,18.1,87.9,0,0
25,77,26,756.5,6.1,43,136.3,134.9,3,0
25,78,31,957.5,9.9,140.9,169.1,31.8,4.1,58
25,79,30,760.5,50,95.9,153.9,8.3,3.8,74.1
25,80,34,3015.5,62.6,341.4,896.8,29.1,18,101
25,81,25,2364.5,15,186,705.9,16.1,3,59
25,82,31,1266.5,15.8,78.1,373.1,17,2.2,0
25,83,28,978.5,9.2,42.8,272,3,10.3,0
25,84,20,2955.5,79.9,464.3,667.2,14.6,9,88
25,85,22,1852.5,8.1,326.7,424.1,5.8,6.2,84
25,86,33,2803,46,358.1,810.1,8,9,215.9
25,87,22,13164.5,1514.2,3357.8,1335,176.8,6,3516
25,88,33,15336.5,1238.3,1008.4,1854.2,3425.5,12,677
25,89,16,3883,146.1,794,789.1,132.8,5,102
25,90,13,362.5,0.9,31.1,62,58.9,0,24
25,91,23,607.5,3.2,117.8,76.1,37.9,0,0
25,93,3,29,0.7,6.6,1.8,3,0,0
25,94,15,166,9.8,9,14.1,46.1,0,0
25,95,9,88.5,3.9,15,8.1,15.9,1,0
25,96,10,108.5,3,9,16,30.8,1,0
25,97,2,10.5,0.7,1.4,0.9,1.9,0,0
25,98,9,68,2,9.8,8.1,15.2,0,0
25,99,7,94,2,9.9,22.1,21,0,0
25,101,1,2,0,0.8,0.4,0.1,0,0
25,102,20,265,7,35.3,51.2,30.8,1.8,0
25,103,5,29,1,1.6,9,1.6,0,0
26,52,2,8,1.3,0.8,0.4,0,0.2,0
26,53,4,21.5,3.6,2.1,0.9,0,0.5,0
26,54,5,19,1.6,2.8,2.3,0.7,0,0
26,55,15,132.5,5,8.1,27.9,3.2,5.8,0
26,56,11,82,3.9,11,14.7,3.2,0,0
26,57,16,158.5,8.1,16.9,23.7,15,2.9,0
26,59,1,2,0,0.3,0.3,0.1,0.1,0
26,60,3,11,2.1,1,1.2,0.8,0,0
26,61,12,59,7.3,3.3,4.7,5.4,2.1,0
26,62,2,2,0,0.2,0.6,0.2,0,0
26,63,2,14,0,1.9,3.8,1.3,0,0
26,64,7,77,1,7.1,6,34,0,0
26,65,10,78,0,4,2.1,38.9,0,0
26,66,1,14,0,1,1.9,4.8,0,0
26,67,6,74,0,4.8,15.1,15.1,0,0
26,69,2,14,0,0.8,1,7.8,0,0
26,70,8,60,0,2.8,6,18.2,0.9,0
26,71,1,23.5,0,2.3,0,7.7,0,0
26,72,7,104,1,3,7,42,0,0
26,73,7,104,0,6,5,35.1,1,0
26,74,12,54,0,13.1,8.7,2.1,0,0
26,75,20,319,6,23.1,25.8,109.9,0,4
26,76,20,445,14,45.1,70.8,90.1,2.9,0
26,77,38,1750.5,180.9,204.2,292.9,30,6.8,157
26,78,35,363,11.2,45.7,60.2,12,1,0
26,79,36,791.5,15.8,68.1,205.9,12,5.1,0
26,80,32,479,13.2,54.7,101.1,2.5,6.8,0
26,81,10,758.5,0.9,40.1,227,1,1,0
26,82,18,301.5,9.5,21.2,70.1,0.5,2.6,0
26,83,6,32,2.4,0,6.6,0.2,0.6,0
26,84,3,19,0.5,5.7,1.4,0,0,0
26,85,9,101,2.5,30.1,7.6,0,0,0
26,88,2,582.5,145,45,40,77,0,2
26,89,2,1845,258,323,194,141,4,1
26,90,12,1394.5,111.1,223.8,259.1,41.1,3,9
26,91,24,1056,95.2,190,139.7,28.1,0,0
26,92,35,1191,43.9,155.4,205.1,146.9,5.9,0
26,93,4,44,0,3,3.1,14,0,0
26,94,13,258.5,2.9,31,62.9,32.2,0,0
26,95,5,87,1.8,6.5,13.8,7.8,0,0
26,96,22,255,5.1,24,89.1,3,0,0
26,98,13,77,0,12,33.3,1,0,0
26,99,5,103.5,3,20,15,17,0,0
26,100,2,3,0,1.2,0.6,0.1,0,0
26,101,7,66,1,13.8,8.2,19.8,0,0
26,102,5,153,7.1,39,13,18.9,0,12
26,103,2,25,0,6,4,1,0,0
27,55,6,71,15.5,4.4,3.6,9.2,0,0
27,56,16,148,2.8,11.1,38.3,7.1,5.7,0
27,57,11,65.5,6.9,3.2,13.7,1,1.3,0
27,58,9,32,0,5.4,4.2,1.9,1.3,0
27,59,4,13,0,2.3,1.6,0.8,0.5,0
27,60,2,4,0.8,0.4,0.4,0.3,0,0
27,61,2,5,1,0.5,0.5,0.3,0,0
27,62,2,6,0,0.8,1.6,0.6,0,0
27,63,10,33,8,4.1,1.1,0,0,0
27,64,8,34,1.2,8.3,5.9,0.7,0,0
27,65,20,69,0,10.2,15.2,8.8,0.9,0
27,66,15,45.5,0,6.1,2,14.5,0,0
27,67,25,222.5,2.7,28,38.2,40.5,0,0
27,68,20,805.5,44.7,115.8,88.3,157,2.1,30
27,69,6,40,0,4.1,6.2,11.2,0,0
27,70,17,144,6,12,10.1,48.9,0,0
27,71,8,91,0,11.1,6.9,27.9,0,0
27,72,11,98,4.9,13.9,11.2,27.2,0,0
27,73,5,63,1,6.9,3.1,21,0,0
27,74,24,621.5,5,97.2,135.9,14.8,4.2,0
27,75,43,549,12.1,50.8,139.3,14.7,2.9,0
27,76,38,653,14.3,58.2,167.8,29.3,2.8,0
27,77,20,241.5,7.9,33.9,51.2,4.2,0,0
27,78,24,134.5,5.9,15.2,14.2,10.5,0,0
27,79,14,89,4.2,15.2,13.9,3,1.9,0
27,80,2,15,1.8,1.5,1.1,0.4,0,0
27,82,2,286.5,0,138,26,0,3,0
27,83,8,517,0,93.9,134.1,2,4,0
27,84,1,1,0,0.3,0.1,0,0,0
27,92,3,66,6.9,7.1,5,16,1,0
27,93,9,123,3.8,13,27,6.1,0,0
27,94,14,319,17.9,30.2,74.2,9.7,3,0
27,95,3,6,0.3,0.6,1.2,0,0,0
27,96,4,60,3.8,15.6,7.6,1.8,0,0
27,97,1,2,0.2,0.4,0.4,0.1,0,0
27,98,5,38.5,1,3.7,2.6,14.4,0,0
27,99,1,4,0.1,0.4,0.3,1.5,0,0
28,55,11,140,11,13.9,12.1,25.7,2.2,0
28,56,22,988,36,221.1,129.1,16.9,16.9,73
28,57,7,32,1.8,6.3,6.4,1.5,0,0
28,58,9,21,3.9,2.7,2.1,2.1,0,0
28,59,6,38,0,4.5,7.7,0,0,0
28,60,4,15,0.9,2.3,2.7,1.8,0,0
28,61,5,18,1.2,2.6,3.2,2.2,0,0
28,62,15,46,4.6,6.1,5.1,0,0,0
28,63,13,59,9.2,8.1,2.7,0,0,0
28,64,26,165.5,10,19.9,26.5,0.7,6,0
28,65,27,133.5,15.1,17,16.6,11.2,0,0
28,66,10,25,0,4.1,4.5,3.6,0,0
28,67,41,186,3.5,41.9,30.4,4.9,4.4,0
28,68,17,67.5,1.9,10.4,15.8,0,0,0
28,69,36,362,2.8,60.7,92.3,1.7,2,17
28,70,45,1246.5,50.9,155,359.3,12.7,4.3,83
28,71,40,464,10.4,54.2,138.4,7.5,3.3,10
28,72,10,74,0.9,11.1,17.8,0,0,0
28,73,39,449.5,3.6,48.9,118.2,6.1,0,0
28,74,32,2001,43,205.2,619.2,44.8,2,58
28,75,10,32,3.9,8.1,3.1,0.9,0,0
28,76,13,87,0,11.9,13.1,1.9,1,0
28,77,1,22,0,10.6,0,0,0,0
28,78,3,68,0.9,33.4,8,0.4,0.6,0
28,79,3,7.5,0.4,2.8,0.7,0.2,0.2,0
28,80,7,463.5,3,94.9,103.9,0,4.3,0
28,81,3,257,2,64.9,34,4,0,0
28,82,1,1,0.1,0.4,0,0,0,0
29,56,2,4,0.3,0.8,0.8,0.1,0,0
29,58,5,16,0,1.8,3.2,0,0,0
29,59,2,5,0,0.6,1,0,0,0
29,60,18,208.5,7.9,31.2,45.1,0,0.9,0
29,61,25,144,5.8,17.1,33.2,5,5.1,0
29,62,16,73,3,10.2,9,1.7,8.1,0
29,63,18,79,12.1,15,11.9,1,0,0
29,64,24,239,12.3,44.2,41.7,1.9,0,0
29,65,6,25.5,6.2,4,2.4,0.7,0,0
29,66,22,86,3.9,18.9,10.8,0.9,2.3,0
29,67,28,391.5,8.1,46.8,107.2,16.1,1,10
29,68,15,129,3.1,25,34.1,1.6,0,0
29,69,14,220,8.9,53,44.1,1.1,0,0
29,70,3,666.5,27,92,216,5,2.9,56
29,71,14,485,33.1,71.9,115.1,1,2,0
29,72,27,417,7.8,104.2,69.9,10.2,1,0
29,73,11,138,9.9,27,25.1,0,0,0
29,74,8,69,0,27.1,5.8,1.1,1.1,0
29,76,2,3,0,1.5,0,0,0,0
29,79,3,13,0.6,4.9,1.3,0.3,0.3,0
29,80,6,271.5,18,52.9,52.1,0,2,0
29,81,2,22,2.9,7.6,1,0,0,0
30,60,5,45,2.7,11.4,7,0,0.9,0
30,61,1,1,0.1,0.2,0.2,0,0,0
30,63,2,5,0.3,1.3,0.8,0,0.1,0
30,64,1,1,0.2,0.2,0.1,0,0,0
30,65,2,4,0.9,0.7,0.4,0.1,0,0
30,66,1,2,0.5,0.3,0.2,0,0,0