x,y,imputed,ind,ind_snv
0,144,1,1,21406.8
0,154,1,4,78881.2
0,157,0,20,338685.5
0,170,1,2,44249.2
0,180,1,15,326400.4
0,181,1,22,430389.8
0,191,1,12,196461.5
0,196,1,1,21370
0,197,1,9,192330
0,198,0,28,455310.3
0,199,0,30,464450.5
0,222,1,1,20421
0,229,1,7,144806.1
0,251,1,4,81388.9
0,252,1,9,183124.9
1,55,1,1,16640.8
1,153,1,5,107432.3
1,154,1,2,42972.9
1,155,1,11,236351.1
1,156,1,15.5,321114.5
1,157,1,11,227887.7
1,180,0,44.5,809698.9
1,181,0,60.5,1186805.3
1,197,0,30,653995.3
1,198,1,14,262413.6
1,199,1,4,74975.3
1,200,1,8,149950.6
1,237,1,5,97287.4
1,251,1,2,40694.4
2,147,1,4,78881.2
2,148,1,5,98601.5
2,149,1,1,19720.3
2,150,1,14,276084.2
2,152,0,39,791662.8
2,153,0,39,708324
2,154,0,22,373249
2,155,1,30,644593.8
2,156,1,15,310756
2,178,1,4,72477.9
2,179,1,5,90597.3
2,180,0,62,924414.3
2,181,0,52,1057401.1
2,182,1,7,152729.9
2,195,1,2,32743.6
2,197,1,8,149950.6
2,198,1,23,431108
2,199,1,4.5,84347.2
2,217,1,1,20421
2,249,1,1,20347.2
3,148,1,8,157762.4
3,149,0,27.5,517618.5
3,150,1,4,78881.2
3,151,1,21,451215.7
3,152,0,50,1069484.5
3,153,0,25,494741.3
3,154,0,47,1030474.8
3,155,1,4,85945.8
3,156,1,9,186453.6
3,164,1,4,82868.3
3,178,1,3,54358.4
3,179,1,21,380508.7
3,180,1,3,54358.4
3,181,1,8,174548.5
3,182,1,5,109092.8
3,198,1,7,131206.8
3,223,1,7,142947
4,103,1,3,60004.8
4,127,1,2,29819.3
4,146,1,3,59160.9
4,147,1,1,19720.3
4,149,0,45,876922.5
4,150,0,93.5,1515765.1
4,151,0,80.5,1493835.5
4,152,0,23,519723.8
4,153,1,4,85945.8
4,154,1,11,236351.1
4,179,1,4,72477.9
4,181,0,45.5,856648.1
4,182,1,17,370915.5
4,183,1,6,130911.4
4,192,1,5,81858.9
4,238,1,4,77830
4,239,1,3,58372.5
5,103,1,5,100007.9
5,127,1,1,14909.6
5,150,0,39,720775.1
5,151,0,27,608598.1
5,152,0,31,715198
5,153,1,8.5,182634.9
5,179,1,1,18119.5
5,181,1,12,261822.7
5,182,1,3,65455.7
5,184,1,10,218185.6
5,192,1,2,32743.6
5,236,1,2,38915
6,101,1,5,110779.9
6,102,1,1,22156
6,103,1,8,177247.9
6,151,1,4,78179
6,152,0,44.5,816704.2
6,153,1,9,175902.8
6,182,1,4,73370.5
6,183,1,20,366852.4
6,184,1,7,128398.3
6,211,1,5,93716.6
6,214,1,1,18743.3
6,242,1,9,212964.8
7,101,1,4,88624
7,102,1,25,553899.7
7,103,1,4,88624
7,127,1,4,59638.6
7,149,1,4,62289.9
7,152,1,2,39089.5
7,153,1,13,254081.8
7,154,1,4,78179
7,182,1,2,36685.2
7,183,1,9,165083.6
7,203,1,3,56230
7,250,1,1,19457.5
7,251,1,3,58372.5
8,101,0,41,842091.6
8,102,1,13,288027.9
8,127,1,2,29819.3
8,149,1,4,62289.9
8,166,1,1,18043.4
8,211,1,13,243663.1
8,216,1,8,165492.7
8,228,1,4,84417.9
8,248,1,4,77830
8,250,1,3,58372.5
9,75,1,4,82798.7
9,76,1,6,124198.1
9,77,1,5,103498.4
9,101,0,37,624046.2
9,102,0,26,514724.4
9,103,0,19,305239.7
9,137,1,3,64220.3
9,138,1,4,85627
9,150,1,1,15572.5
9,166,1,8,144346.9
9,211,0,33,628151.1
9,212,1,1,18743.3
9,213,1,1,18743.3
9,216,1,4,82746.3
9,234,1,4,84417.9
9,248,1,12,233489.9
10,101,1,5,110779.9
10,102,1,16,354495.8
10,103,1,12,265871.9
10,139,1,4,85627
10,140,1,5,107033.8
10,184,1,3,55027.9
10,185,1,6,110055.7
10,195,1,2,32743.6
10,205,1,6.5,121831.6
10,222,1,1,20686.6
10,223,1,9,186179.2
10,234,1,9,189940.3
10,240,1,5,118313.8
10,249,1,2,38915
11,101,1,1,20001.6
11,102,0,33,650364.8
11,103,0,22,453513.7
11,139,1,1,21406.8
11,154,1,2,31145
11,160,1,8,144346.9
11,230,1,4,84417.9
11,233,1,11,259801.5
11,242,1,4,94651
11,244,1,2,47325.5
11,249,1,3,69716.3
12,103,0,26,522424.7
12,154,1,7,109007.4
12,159,1,4,72173.4
12,182,1,3,55027.9
12,210,1,2,37486.6
12,213,1,1,18743.3
12,220,1,4,82746.3
12,221,1,4,82746.3
12,230,1,6,126626.9
12,231,0,35,637713.5
12,232,1,4,94473.3
12,233,1,4,94473.3
12,243,1,4,94651
12,254,1,4,77830
13,103,1,12,240019.1
13,104,1,15,300023.8
13,137,1,1,21406.8
13,150,1,1,15572.5
13,153,1,2,31145
13,154,1,19,295877.1
13,159,1,2,36086.7
13,202,1,1,18743.3
13,220,1,1,20686.6
13,221,1,5,103432.9
13,230,1,7.5,158283.6
13,231,0,50.5,906166.6
13,232,1,2,47236.6
13,234,1,11,259801.5
13,242,1,6,141976.5
13,243,1,7,165639.3
13,244,1,3,70988.3
13,245,1,1,23662.8
13,248,1,21,488014.2
14,137,1,1.5,32110.1
14,150,1,13.5,210228.5
14,154,1,2,31145
14,158,1,10,180433.6
14,176,1,6,110055.7
14,243,1,17,402266.9
14,245,1,15,354941.3
14,246,1,5,116193.9
14,248,1,5,116193.9
15,55,1,4,66563.1
15,162,1,5,90216.8
15,209,1,2,37486.6
15,215,1,2,37486.6
15,218,1,3,62059.7
15,223,1,1,20686.6
15,225,1,2,41373.2
15,227,1,3,63313.4
15,243,1,4,94651
16,55,1,1,18160.3
16,84,1,14,272590.5
16,85,1,11,214178.3
16,107,1,5,85716.4
16,154,1,3,46769.8
16,162,1,2,32796.3
16,174,1,1,14174.4
16,176,1,3,59219.6
16,179,1,2,39479.7
16,223,1,3,61434.5
16,229,1,2,36689.4
16,244,1,10,212012.1
16,245,1,3,63603.6
17,85,1,2,38941.5
17,115,1,4,68573.1
17,116,1,2,29894.9
17,154,1,7,109129.6
17,157,1,1,16398.2
17,176,1,23,454017
17,177,1,4,78959.5
17,185,1,3,53689.5
17,208,1,3,52639.8
17,230,1,6,110068.3
17,244,1,1,21201.2
17,245,1,4,84804.8
18,116,1,22,328843.4
18,154,1,2,31179.9
18,171,1,2,28348.7
18,175,1,3,42523.1
18,176,1,10,197398.7
18,185,1,1,17896.5
18,243,1,9,190810.8
18,244,1,20,424024.1
18,245,1,11,233213.3
18,246,1,5,92429.1
19,115,1,2,34286.6
19,116,1,1,14947.4
19,156,1,1,16398.2
19,171,1,5,70871.9
19,172,1,4,56697.5
19,173,1,2,28348.7
19,174,1,10,141743.7
19,175,1,9,127569.4
19,176,0,52,863299.8
19,177,1,10,197398.7
19,178,1,2,39479.7
19,179,1,8,157919
19,212,1,1,17546.6
19,218,1,3,61434.5
19,229,1,7,128413
19,231,1,2,36689.4
19,233,1,2,36689.4
19,236,1,12,168587.4
19,237,1,3,42146.8
19,241,1,9,190810.8
19,244,0,35,689131.6
19,245,1,21,445225.3
19,246,1,2,36971.6
19,251,1,4,82374.6
19,253,1,2,41187.3
20,171,1,5,70871.9
20,175,1,10,141743.7
20,176,0,67,1089112.4
20,177,0,40,680767.2
20,178,1,8,157919
20,179,1,2,39479.7
20,212,1,3,52639.8
20,235,1,13,238481.2
20,236,1,4,56195.8
20,241,1,2,42402.4
20,244,1,20,424024.1
20,245,1,7,148408.4
20,246,1,30,554574.6
20,251,1,12,247123.7
20,252,1,12,247123.7
20,253,1,3,61780.9
21,153,1,3,46769.8
21,175,1,1,14174.4
21,176,0,44,767996
21,177,0,17,361664.5
21,178,1,16,286344
21,192,1,3,45225.8
21,203,1,2,43204.1
21,218,1,5.5,112629.9
21,234,1,47,743771.4
21,235,1,10,158249.2
21,244,1,2,28097.9
21,245,1,1,14048.9
21,246,1,30,511372.9
21,253,1,4,82374.6
22,118,1,4,70320.3
22,119,1,2,35160.1
22,176,1,7,125275.5
22,177,1,5,89482.5
22,178,1,14,250551
22,213,1,1,17546.6
22,216,1,2,40956.3
22,217,1,4,81912.7
22,233,1,2,31649.8
22,234,1,2,31649.8
22,245,1,1,14048.9
22,246,1,4,68183.1
23,101,1,2,35060.2
23,118,1,11,193380.7
23,119,1,7,123060.4
23,177,1,4,71586
23,214,1,24,421118.1
23,215,1,2,35093.2
23,228,1,1,18344.7
23,246,1,23,392052.6
23,247,1,2,34091.5
24,101,1,2,35060.2
24,102,0,28,486859.9
24,103,1,8,140240.9
24,152,1,6,93539.7
24,154,1,3,46769.8
24,179,1,1,17896.5
24,180,1,4,71586
24,187,1,4,60301.1
24,190,1,1,15075.3
24,213,1,3,52639.8
24,214,0,44.5,1071742.1
24,215,1,7,122826.1
24,245,1,3,42146.8
25,102,0,17,293208.9
25,103,0,36,710569.6
25,104,1,24,420722.6
25,105,1,4,70120.4
25,117,1,4,70320.3
25,178,1,3,53689.5
25,188,1,4,60301.1
25,189,1,14,211054
25,190,1,4,60301.1
25,245,1,2,28097.9
25,246,1,1,17045.8
25,252,1,9,185342.8
26,92,1,3,51495.5
26,102,1,5,110163.5
26,103,1,3,66098.1
26,104,1,11,242359.7
26,105,1,8,176261.6
26,106,1,2,34286.6
26,107,1,4,68573.1
26,116,1,1,16616.6
26,161,1,2,32796.3
26,186,1,1,18069.3
26,189,1,3,54207.9
26,192,1,1,18069.3
26,200,1,10,134375.6
26,201,1,1,13437.6
26,211,1,3,64806.2
27,91,1,6,102990.9
27,92,1,26,446294
27,106,1,8,137146.2
27,107,1,1,17143.3
27,180,1,2,30150.6
27,200,1,3,40312.7
27,201,1,7,94062.9
28,106,1,7,120002.9
28,112,1,5,85716.4
28,123,1,8,132933
28,124,1,8,132933
28,125,1,5,83083.1
28,126,1,2,33233.2
28,127,1,1,16616.6
28,204,1,4,53750.2
29,107,1,4,68573.1
29,108,1,3,51429.8
29,109,1,3,51429.8
29,159,1,2,32796.3
29,231,1,2,40956.3
30,164,1,5,81990.9
30,186,1,3,54207.9
30,193,1,1,18069.3
30,210,1,3,64806.2
30,243,1,20,381625.4
30,244,1,9,171731.4
31,119,1,5,83083.1
31,120,1,3,49849.9
31,160,1,2,32796.3
31,176,1,2,30150.6
31,193,1,13,259088.3
31,208,1,11,237622.8
31,209,1,19.5,421240.3
31,210,1,4,86408.3
31,238,1,3,57243.8
31,243,1,17,360901.6
31,244,0,38,625447.9
32,121,1,1,16616.6
32,122,1,11,182782.8
32,160,1,1,16398.2
32,165,1,8,131185.4
32,169,1,4,67595
32,176,1,2,30150.6
32,193,1,7,139509.1
32,208,1,3,64806.2
32,214,1,2,43204.1
32,216,1,2,40956.3
32,243,1,15,318442.6
32,244,1,12,254754.1
32,245,1,7,148606.5
33,102,1,2,52759
33,103,1,1,26379.5
33,155,1,1,15589.9
33,156,1,6,98389
33,165,1,9,147583.6
33,169,0,20,467773.3
33,170,0,20,291611
33,171,1,10,160450.7
33,172,1,2,32090.1
33,173,1,2,32090.1
33,175,1,3,48135.2
33,177,1,4,60301.1
33,203,1,11,211899.6
33,204,1,6,115581.6
33,205,1,3,57790.8
33,229,1,1,20478.2
33,230,1,1,20478.2
33,243,1,2,42459
33,244,1,8,169836
34,102,1,14,369313
34,150,1,2,31179.9
34,151,1,1,15589.9
34,169,1,14,236582.5
34,170,1,20,337975
34,171,1,3,48135.2
34,175,1,1,16045.1
34,176,1,6,90451.7
34,177,1,3,45225.8
34,185,1,1,15075.3
34,187,1,4,72277.2
34,192,1,7,139509.1
34,194,1,8,159439
34,202,1,2,38527.2
34,203,0,28,653896.8
34,204,1,10,192636
34,205,1,3,57790.8
34,224,1,4,81912.7
34,243,1,2,42459
35,100,1,2,44065.4
35,101,0,42.5,853747.3
35,102,0,40,711309.8
35,103,1,2,52759
35,151,1,7,109129.6
35,152,1,6,93539.7
35,186,1,5,90346.5
35,187,1,5,90346.5
35,190,1,7,126485
35,192,1,15,298948
35,193,1,15,298948
35,194,1,9,179368.8
35,202,1,8,154108.8
35,203,1,3,57790.8
35,223,1,2,40956.3
35,224,1,5,102390.9
35,232,1,2,40956.3
35,243,1,3,63688.5
36,100,1,1,17892.3
36,101,1,11.5,205761.2
36,102,1,14,250491.8
36,103,1,12,214707.3
36,104,1,6,107353.6
36,105,1,2,35784.5
36,176,1,4,71528
36,183,1,2,35764
36,185,1,2,35764
36,186,1,21,419690.5
36,189,1,2,39970.5
36,190,1,3,59955.8
36,191,1,19,377877.2
36,194,1,3,59664.8
36,199,1,2,38743.4
36,236,1,5,94307.8
36,241,1,2,37723.1
36,252,1,3,67250.8
37,101,1,4,71569.1
37,102,1,19,339953.2
37,104,1,4,71569.1
37,153,1,6,115729.7
37,154,1,6,115729.7
37,176,1,2,35764
37,177,1,4,71528
37,184,1,7,125174
37,186,1,14,279793.7
37,188,0,42,742674.3
37,189,0,34,627576.6
37,190,0,31,484821.3
37,191,0,68.5,1219169.4
37,192,0,15,352251.9
37,193,1,10,198882.8
37,194,1,11,218771
37,197,1,2,38743.4
37,198,1,2,38743.4
37,200,1,1,19371.7
37,218,1,2,37516
37,236,1,3,56584.7
37,243,1,2,37723.1
38,101,1,1,17892.3
38,102,1,8.5,152084.3
38,190,1,10,199852.6
38,191,0,119.5,2170134.2
38,192,0,81,1516897.6
38,193,1,5,99441.4
38,198,1,3,58115.1
38,199,1,5,96858.5
38,217,1,2,37516
38,218,1,2,37516
38,224,1,2,37516
39,90,1,16.5,243400.8
39,91,1,12.5,184394.6
39,113,1,1,13041.6
39,114,1,1,13041.6
39,157,1,2,25311.1
39,172,1,1,12655.5
39,191,0,63,922344.8
39,192,0,36,631961.8
39,193,0,62,1201990.2
39,194,1,2,39776.6
39,224,1,5,93790
39,250,1,3,67250.8
39,254,1,4,89667.7
39,255,1,7,156918.5
40,114,1,1,13041.6
40,193,0,50.5,1014718.3
40,246,1,1,22416.9
40,254,1,2,44833.9
40,255,1,3,67250.8
41,189,1,7,159256.8
41,190,1,4,91003.9
41,193,0,23,555110.9
41,237,1,1,18861.6
41,240,1,6,113169.3
41,241,1,5,94307.8
42,94,1,1,11271.2
42,193,1,23,523272.3
42,215,1,2,38743.4
42,237,1,4,75446.2
43,50,1,2,36320.5
43,192,1,1,22751
43,198,1,2,38743.4
43,200,1,3,58115.1
43,238,1,2,37723.1
43,239,1,8,150892.5
43,252,1,2,44833.9
44,50,0,17,380476.1
44,93,1,28,315594.5
44,94,1,3,33813.7
44,150,1,16,308612.4
44,161,1,2,25311.1
44,167,1,2,25311.1
44,194,1,1,22751
44,254,1,1,22416.9
45,49,1,8,145282.1
45,50,1,10,181602.7
45,66,1,10,194707.5
45,67,1,2,38941.5
45,102,1,1,17892.3
45,103,1,5,89461.4
45,149,1,3,57864.8
45,150,1,5,96441.4
45,161,1,6,75933.3
45,162,1,4,50622.2
45,184,1,4,71528
45,192,0,28,674791.9
45,193,1,3,68252.9
45,254,1,3.5,78459.3
46,64,1,1,19470.8
46,103,1,11,251211
46,149,1,5,81353.3
46,174,1,2,33022.5
46,190,1,2,32432.6
46,192,1,5,81081.4
46,208,1,2,38743.4
46,210,1,4,77486.8
47,103,1,8,182698.9
47,148,1,3,48812
47,149,1,7,113894.6
47,158,1,3,46003.4
47,159,1,12,184013.5
47,174,0,29,473546.4
47,175,1,14,231157.8
47,176,1,11,196702
47,189,1,2,32432.6
47,190,1,35,567569.9
47,191,1,1,16216.3
48,42,1,2,38569.6
48,136,1,1,19014
48,149,1,2,32541.3
48,152,1,3,53825.4
48,153,1,3,53825.4
48,170,1,1,16511.3
48,171,1,10,165112.7
48,172,1,5,82556.4
48,174,1,4,66045.1
48,175,1,4,66045.1
48,203,1,4,77486.8
48,234,1,1,16259.9
49,42,1,16,308557.1
49,43,1,1,19284.8
49,49,1,1,25166.1
49,50,1,6,150996.6
49,117,1,10,158415
49,135,1,5,79207.5
49,136,1,1,19014
49,137,1,18,342251.6
49,147,1,24,390495.9
49,148,1,3,48812
49,152,1,19,340894
49,157,1,2,30668.9
49,166,1,3,49533.8
49,233,1,4,65039.5
49,234,1,39,634134.7
50,5,1,3,52288.7
50,42,1,2,38569.6
50,43,1,5,96424.1
50,49,1,9,226494.9
50,50,1,12,301993.1
50,137,1,2,38028
50,138,1,1,19014
50,152,1,3,53825.4
50,154,1,1,17941.8
50,155,1,16,287068.6
50,156,0,31,587222.1
50,157,1,14,214682.4
50,215,1,1,19371.7
51,5,1,3,52288.7
51,44,1,4,95850.3
51,50,1,13.5,217885.9
51,96,1,10,130416.4
51,97,1,13,169541.3
51,140,1,2,38028
51,141,1,2,38028
51,148,1,3,48812
51,154,1,12,205110.9
51,155,0,57,924876.1
51,156,1,4,50622.2
51,158,1,2,25311.1
51,200,1,3,58115.1
51,217,1,1,18758
52,50,1,2,32279.4
52,88,1,1,15595.3
52,96,1,3,39124.9
52,97,1,3.5,45645.7
52,113,1,2,26083.3
52,115,1,2,26083.3
52,140,1,1,19014
52,154,1,2,34185.2
52,155,1,9,153833.2
52,156,1,5,63277.7
52,158,1,1,12655.5
52,175,1,1,16511.3
52,210,1,4,77486.8
52,226,1,4,75032
52,237,1,3,46540
52,246,1,3,46540
53,40,1,4,83970.7
53,41,1,3,71887.7
53,46,1,4,64558.8
53,87,1,7,109167.2
53,88,1,6,93571.9
53,113,1,6,78249.8
53,115,1,6,78249.8
53,153,1,2,34185.2
53,182,1,4,71528
53,228,1,2,37516
53,247,1,4,62053.3
53,249,1,4,62053.3
53,250,1,2,31026.7
53,253,1,2,31026.7
54,38,1,1,20992.7
54,40,1,8,167941.4
54,41,1,15,359438.7
54,47,1,1,16139.7
54,87,0,50,856081.7
54,88,1,5,77976.6
54,169,1,2,33022.5
54,210,1,6,116230.2
54,218,1,1,18758
54,221,1,2,37516
54,228,1,4,75032
54,253,1,11,170646.7
55,4,1,1,17429.6
55,5,1,2,34859.1
55,36,1,3,62978
55,40,1,9,188934.1
55,41,1,3,71887.7
55,86,1,2,31190.6
55,87,1,6,93571.9
55,125,1,3,47524.5
55,130,1,15,237622.5
55,145,1,4,76055.9
55,172,1,4,66045.1
55,181,1,2,35764
55,201,1,3,58115.1
55,202,1,1,19371.7
55,220,1,2,37516
55,253,1,7,108593.3
56,4,1,10,156441
56,5,1,18.5,289415.8
56,35,1,1,15504.5
56,36,1,1,21728.9
56,145,1,10.5,203350.2
56,146,1,15,247321.1
56,147,1,9,148392.7
56,188,1,1,16437.2
56,221,1,32.5,521585.9
56,222,1,2,32097.6
56,226,1,6,105886.8
56,239,1,2,49027.3
56,244,1,2,49027.3
56,247,1,1,21811.6
56,251,1,2,43623.3
57,34,1,9,139540.7
57,58,1,3,53878.5
57,60,1,1,17959.5
57,70,1,7,125716.6
57,90,1,16,261801.5
57,115,1,3,39991
57,116,1,3,59462.7
57,146,0,28,424254.1
57,147,1,7,115416.5
57,151,1,2,34794.3
57,152,1,6,104382.9
57,153,1,14,243560.1
57,154,1,1,17397.2
57,170,1,3,40210.5
57,219,1,1,16048.8
57,237,1,2,49027.3
58,34,1,2,31009
58,70,1,1,17959.5
58,114,1,1,13330.3
58,115,0,24,433153.7
58,116,1,12,237850.9
58,152,1,2,34794.3
58,153,1,4,69588.6
58,237,1,2,49027.3
58,247,1,12,261739.8
59,27,1,2,36637.7
59,30,1,7,128231.9
59,31,1,14,217063.2
59,114,1,5,66651.6
59,115,0,40,682777.2
59,116,1,2,39641.8
59,152,1,2,34794.3
59,157,1,4,53614
59,185,1,2,32874.4
59,233,1,5,88239
59,237,1,1,24513.6
60,29,1,5,91594.2
60,30,0,19,445143.5
60,31,0,23,453042.3
60,114,1,3,39991
60,115,1,2,26660.6
60,117,1,1,19820.9
60,147,1,5,82440.4
60,148,1,6,98928.4
60,195,1,4,65748.8
60,199,1,2,47254.7
60,219,1,9,144439.2
60,238,1,2,49027.3
60,248,1,6,130869.9
61,30,1,3,54956.5
61,31,1,1,18318.8
61,41,1,1,21728.9
61,42,1,1,21728.9
61,114,1,1,13330.3
61,161,1,6,80421
61,201,1,2,47254.7
61,208,1,2,27208.5
61,218,1,1,16048.8
61,219,1,1,16048.8
62,30,1,7,128231.9
62,41,1,15,325934.2
62,83,1,2,33657.3
62,101,1,4,63433.2
62,102,1,7,111008.2
62,163,1,2,26807
62,208,1,6,81625.6
62,255,1,4,87246.6
63,30,1,3,54956.5
63,41,1,5,108644.7
63,49,1,2,28189.1
63,83,1,2,33657.3
63,84,1,2,33657.3
63,101,1,3,47574.9
63,102,1,11,174441.4
63,207,1,8,108834.1
63,208,1,16.5,224470.3
64,1,1,2,31288.2
64,2,1,1,15644.1
64,38,1,3,55684.5
64,39,1,3,55684.5
64,82,1,15,252429.8
64,83,0,30,470175.1
64,84,1,1,16828.7
64,234,1,2,35295.6
64,249,1,7,152681.5
65,2,1,1,15644.1
65,22,1,1,18318.8
65,38,1,9,167053.5
65,39,1,19,352668.4
65,82,1,2,33657.3
65,160,1,5,67017.5
65,161,1,4,53614
65,193,1,1,16437.2
65,195,1,1,16437.2
65,235,1,2,35295.6
65,236,1,3,73540.9
66,0,1,1,19942.5
66,1,1,25,498562.8
66,22,1,2,36637.7
66,111,1,2,26287.7
66,148,1,3,58100.1
66,149,1,2,38733.4
66,201,1,2,47254.7
66,231,1,16,207923.1
66,241,1,6,125207.1
67,1,1,3,59827.5
67,110,1,3,39431.5
67,147,1,3,58100.1
67,149,1,2,38733.4
67,225,1,2,35295.6
67,232,1,1,12995.2
67,241,1,1,20867.9
67,245,1,5,104339.3
68,110,1,6,78863
68,111,1,2,26287.7
68,141,1,8,154933.5
68,203,1,2,47254.7
68,212,1,2,47254.7
68,229,1,3,52943.4
68,232,1,9,116956.7
68,234,1,1,12995.2
68,237,1,4,83471.4
69,43,1,1,14094.5
69,49,1,4,56378.2
69,111,1,2,26287.7
69,141,1,5,96833.4
69,183,1,2,32874.4
69,190,1,3,49311.6
69,195,1,4,65748.8
69,196,1,1,23627.4
69,200,1,1,23627.4
69,240,1,1,20867.9
70,41,1,1,14094.5
70,42,1,10,140945.4
70,102,1,3,39431.5
70,125,1,8,158567.3
70,162,1,1,13403.5
70,171,1,2,26807
70,191,1,6,98623.2
70,195,1,3,49311.6
70,204,1,1,23627.4
70,245,1,2,41735.7
70,246,1,2,49027.3
70,248,1,2,49027.3
71,41,1,1,14094.5
71,102,1,3,39431.5
71,124,1,2,39641.8
71,125,1,3,59462.7
71,162,1,1,13403.5
71,206,1,3,70882.1
71,233,1,2,35295.6
71,237,1,1,20867.9
71,254,1,8,196109
72,51,1,2,38807.4
72,52,1,14.5,281353.8
72,236,1,2,41735.7
72,237,1,6,125207.1
73,51,1,10,194037.1
73,52,0,21,417551.6
73,162,1,7,93824.4
73,170,1,2,26807
73,180,1,1,16437.2
73,201,1,6,141764.2
73,214,1,5,118136.8
73,240,1,1,20867.9
73,254,1,2,49027.3
74,52,1,4,77614.8
74,137,1,6,116200.1
74,188,1,3,49311.6
74,198,1,2,47254.7
74,240,1,1,20867.9
74,251,1,1,24513.6
75,77,1,3,49087.8
75,79,1,9,147263.3
75,141,1,3,58100.1
75,159,1,1,13403.5
75,210,1,4,94509.5
75,213,1,3,70882.1
75,221,1,2,35295.6
75,228,1,10,176478
75,229,1,3,52943.4
75,234,1,3,52943.4
75,254,1,1,24513.6
76,79,1,21,363810.5
76,80,1,1,17324.3
76,134,1,4,73657.2
76,137,1,2,43820.6
76,139,1,2,43820.6
76,201,1,5,89073.7
76,225,1,3,57413.2
76,227,1,5,97365.7
76,228,1,17,331043.4
76,235,1,6,122762.7
76,246,1,1,17035.1
77,138,1,17,372475
77,139,0,53,859960.3
77,140,1,4,87641.2
77,178,1,1,12271.9
77,215,1,3,49646.7
77,225,1,13,248790.5
77,226,1,26,506301.6
77,227,1,21,408935.9
77,228,1,11,214204.5
77,234,1,5,102302.3
77,238,1,2,38409
77,244,1,2,38409
77,246,1,4,68140.5
78,37,1,2,37213.1
78,138,1,13,284833.8
78,139,0,39,676557.8
78,160,1,2,32693.9
78,172,1,2,33963.5
78,173,1,1,16981.7
78,192,1,4,49087.5
78,215,1,2,33097.8
78,216,1,9,172239.6
78,226,0,31,563646.7
78,227,0,80,1445865.4
78,228,1,18.5,360253.1
78,230,1,8,155785.1
78,233,1,4,81841.8
78,242,1,2,38409
78,244,1,2,38409
78,253,1,11,206706.3
79,137,1,4,87641.2
79,138,1,15,328654.4
79,139,1,14,306744.1
79,140,1,1,21910.3
79,160,1,12,196163.2
79,161,1,15,193805.5
79,175,1,3,50945.2
79,179,1,3,36815.7
79,193,1,4,49087.5
79,215,1,3,49646.7
79,216,1,11,210515.1
79,234,1,5,102302.3
79,247,1,4,68140.5
79,252,0,32,691597.5
79,253,0,91.5,1711251.5
79,254,0,34,527252.4
80,119,1,2,40829.4
80,120,1,17,347049.9
80,139,1,3,65730.9
80,143,1,1,21910.3
80,160,1,11,179816.2
80,161,1,12,155044.4
80,215,1,4,66195.7
80,249,1,6,102210.7
80,252,1,7,131540.4
80,253,1,11,206706.3
80,254,1,8,150331.8
81,120,1,5,102073.5
81,121,1,3,61244.1
81,122,1,1,20414.7
81,137,1,5,109551.5
81,142,1,2,43820.6
81,170,1,5,84908.6
81,179,1,3,36815.7
81,196,1,14,249406.3
81,197,1,7,124703.1
81,201,1,2,35629.5
81,252,1,5,85175.6
81,253,1,12,204421.5
82,96,1,1,19820.9
82,130,1,21,386700
82,178,1,11,134990.8
82,192,1,3,36815.7
82,198,1,3,53444.2
82,201,1,1,17814.7
82,205,1,8,142517.9
82,214,1,2,33097.8
82,215,1,2,33097.8
82,238,1,6,115227.1
83,130,1,4,73657.2
83,186,1,2,24543.8
83,198,1,5,89073.7
83,231,1,2,40920.9
84,49,1,1,18606.5
84,158,1,2,32693.9
84,187,1,3,36815.7
84,190,1,2,24543.8
84,204,1,2,35629.5
84,230,0,28.5,714466.7
84,231,1,7,143223.2
85,157,1,5,81734.7
85,171,1,3,50945.2
85,172,1,3,50945.2
85,175,1,12,203780.7
85,177,1,1,12271.9
85,187,1,2,24543.8
85,203,1,4,71258.9
85,205,1,4,71258.9
85,230,0,28,588429.3
85,231,0,39.5,699495.3
85,232,1,1,20460.5
85,239,1,3,57613.5
85,247,1,2,34070.2
85,249,1,1,17035.1
85,255,1,3,51105.4
86,71,1,2,35919
86,147,1,9,149412.3
86,160,1,2,34006.9
86,161,1,3,35138.4
86,162,1,6,70276.7
86,163,1,24,281106.9
86,172,1,4,52119
86,175,1,4.5,58633.9
86,176,1,14,149021.5
86,181,1,2,21288.8
86,195,1,1,17776.7
86,203,1,4,66195.7
86,208,1,2,41194.9
86,223,1,2,37823.7
86,230,0,36,720225.7
86,231,1,19,394297.6
86,232,1,1,20752.5
86,239,1,4,66460.2
87,71,1,2,35919
87,131,1,1,21117.8
87,160,1,1,17003.4
87,161,1,1,11712.8
87,163,1,7,81989.5
87,175,1,1,13029.8
87,176,1,2,21288.8
87,207,1,3,61792.4
87,227,1,3,53119.8
87,230,1,20.5,362985.1
87,231,1,4,83010
87,238,1,2,33230.1
87,255,1,3,64810.9
88,52,1,1,18606.5
88,53,1,9,167458.9
88,71,1,1,17959.5
88,150,1,1,16601.4
88,176,1,1,10644.4
88,206,1,2,41194.9
88,208,1,2,41194.9
88,209,1,1,20597.5
88,211,1,3,61792.4
88,212,1,2,41194.9
88,224,1,1,18911.8
88,230,1,11,194772.5
88,231,1,2,41505
88,238,1,2,33230.1
88,239,1,2,33230.1
88,244,1,3,57613.5
88,254,1,2,43207.3
89,52,1,7,130245.8
89,53,1,12,223278.5
89,70,1,1,17959.5
89,97,1,2,39641.8
89,175,1,10,130297.6
89,184,1,1,10644.4
89,224,1,4,75647.3
89,238,1,27,448606.3
89,239,0,29,597267.3
90,53,1,2,37213.1
90,70,1,2,35919
90,96,1,8,158567.3
90,97,1,1,19820.9
90,159,1,3,51010.3
90,161,1,10,117127.9
90,165,1,4,46851.2
90,189,1,17,302204.1
90,191,1,5,88883.6
90,192,1,16,284427.4
90,209,1,3,61792.4
90,221,1,6,113471
90,227,1,1,17706.6
90,228,1,6,106239.5
90,237,1,1,16615
90,238,1,9,149535.4
90,248,1,3.5,75612.7
91,133,1,5,105589
91,159,1,11,215137.4
91,160,1,5,97789.7
91,178,1,1,18878.6
91,190,1,3,53330.1
91,211,1,4,67485.6
91,225,1,2,37823.7
91,255,1,6,129621.8
92,121,1,1,18714.4
92,122,1,2,37428.7
92,132,1,2,42235.6
92,133,1,2,42235.6
92,134,1,13.5,285090.3
92,135,1,3,63353.4
92,136,1,4,66405.5
92,153,1,2,33202.7
92,159,0,24,452273.2
92,160,0,72,1202908.9
92,161,1,2,34006.9
92,170,1,1,13029.8
92,171,1,4,52119
92,179,0,29,480425.7
92,252,1,4,86414.5
92,254,1,10,216036.3
92,255,1,8,172829.1
93,69,1,1,17959.5
93,75,1,14,251433.2
93,76,1,10,173243.1
93,121,0,22,337345.8
93,122,1,10,187143.7
93,133,1,3,63353.4
93,134,0,30,467550.4
93,135,0,21,496333
93,136,1,2,33202.7
93,142,1,2,33202.7
93,160,1,15,293369.2
93,161,1,17,289058.6
93,177,1,3,56635.7
93,180,1,4,75514.2
93,181,1,3,31933.2
93,210,1,2,41194.9
93,211,1,21,354299.4
93,212,1,11,185585.4
93,215,1,1,16871.4
93,221,1,4,75647.3
93,246,1,3,64810.9
93,252,1,4,86414.5
93,254,1,25,540090.8
93,255,0,39,732104.5
94,121,0,26,569359.2
94,122,1,3,56143.1
94,136,1,2,33202.7
94,161,1,21,357072.3
94,171,1,2,26059.5
94,180,1,34,641870.9
94,201,1,1,16548.9
94,205,1,2,33097.8
94,210,0,34.5,588532.6
94,211,0,48,756662
94,212,1,23,388042.1
94,221,0,16,328597
94,222,1,16,302589.3
94,240,1,4,76818
94,241,1,15,288067.6
94,254,1,11.5,248441.8
94,255,0,59,1030335.7
95,121,1,14,262001.1
95,122,1,22,411716.1
95,136,1,3,49804.1
95,137,1,2,33202.7
95,153,1,2,33202.7
95,167,1,2,26059.5
95,173,1,2,26059.5
95,181,1,4,42577.6
95,182,1,4,42577.6
95,189,1,2,35553.4
95,210,1,4,82389.9
95,211,1,5,84357
95,220,1,2,37823.7
95,221,0,55.5,1000964.2
95,222,0,38,790468.6
95,223,1,3,56735.5
95,240,1,3,57613.5
95,241,1,6,115227.1
96,121,0,29,559351
96,122,1,11,245897.6
96,137,1,12,259677.3
96,138,1,2,43279.5
96,143,1,8,147133.2
96,154,1,1,20122.5
96,156,1,3,41265.5
96,165,1,2,27510.3
96,170,1,1,13755.2
96,219,1,8,198929
96,220,1,2,49732.3
96,221,1,16,397858
96,222,1,2,49732.3
96,226,1,3,64105.3
96,227,1,6,128210.6
97,121,1,24,536503.8
97,122,1,10,223543.3
97,135,1,7,127428.9
97,137,1,1,21639.8
97,157,1,7,96286.2
97,206,1,2,48445.9
97,223,1,2,49732.3
97,227,1,2,42736.9
97,231,1,1,28878
98,120,1,4,89372.3
98,121,1,21,469440.8
98,122,1,23,514149.5
98,123,1,8,178834.6
98,135,1,2,36408.3
98,136,0,34.5,537061
98,137,1,11,238037.5
98,138,1,2,43279.5
98,175,1,1,13755.2
98,203,1,8.5,205895.1
98,222,1,2,49732.3
98,223,1,4,99464.5
98,231,1,6,173268.1
98,233,1,6,173268.1
98,247,1,7,165759.7
99,121,0,28,722406.2
99,122,1,14,312960.6
99,125,1,16,357669.2
99,126,1,22,400490.9
99,127,1,2,36408.3
99,136,1,11,238037.5
99,139,1,1,21639.8
99,177,1,2,42595.4
99,182,1,3,63893.1
99,232,1,3,86634
99,233,1,5,144390.1
99,247,1,8,189439.7
100,99,1,36.5,694369.7
100,100,1,3,57071.5
100,122,1,22,491795.2
100,123,1,14,312960.6
100,124,1,6,134126
100,125,0,83,1666209.2
100,126,0,101.5,2044503.1
100,139,1,2,43279.5
100,189,1,2,40527.9
100,209,1,8,193783.6
100,225,1,2,49732.3
100,233,1,12,346536.1
101,52,1,27,493952.9
101,99,1,2,38047.7
101,122,0,27,658537.2
101,123,0,52,1014329.8
101,124,0,66.5,1463460.9
101,125,0,58.5,1458749.3
101,126,0,178,2785227.6
101,127,1,3,63242.4
101,128,1,5,105404
101,129,1,1,21080.8
101,140,1,12,220699.8
101,141,1,12,220699.8
101,145,1,22,404616.3
101,185,1,3,63893.1
101,193,1,7,141847.7
101,215,1,5,121114.7
101,216,1,2,47089.4
101,218,1,4,94178.9
101,223,1,2,49732.3
101,229,1,3,64105.3
101,242,1,9,213119.6
102,50,1,4,71451.6
102,52,1,10,182945.5
102,120,1,2,44686.2
102,122,1,7,135857.4
102,123,0,52,812181.6
102,124,0,171.5,3028060.5
102,125,0,152,2700036.4
102,126,0,64,1437938.4
102,127,1,13,274050.3
102,128,1,1,21080.8
102,141,1,4,73566.6
102,142,1,3,55174.9
102,145,1,2,36783.3
102,185,1,4,85190.8
102,186,1,5,89741
102,193,1,21,425543.2
102,214,1,2,48445.9
102,215,1,17,411790.1
102,216,1,24,565073.4
102,217,0,32,777241.2
102,218,1,2,47089.4
102,221,1,1,24866.1
102,226,1,6,128210.6
102,233,1,2,41126.7
102,245,1,2,47359.9
103,49,1,4,71451.6
103,120,1,8,178744.7
103,121,1,15,291122.9
103,122,0,46.5,842415.9
103,123,0,52,1046080.3
103,124,0,62,1161649
103,125,0,93,1634432.5
103,126,0,45,776930.9
103,127,1,12,252969.5
103,130,1,2,42161.6
103,131,1,2,36408.3
103,141,1,5,91958.2
103,142,1,3,55174.9
103,143,1,4,73566.6
103,163,1,2,27510.3
103,184,1,2,42595.4
103,185,0,22.5,289784.5
103,186,1,16,287171.3
103,187,1,14,251274.9
103,188,1,2,35896.4
103,216,1,18,423805
103,217,0,46,1062889.7
103,218,1,15,353170.9
103,234,1,14,287887.2
103,245,1,5,118399.8
104,47,1,3,53588.7
104,48,1,28,500161.5
104,49,1,3,53588.7
104,69,1,2,30308.5
104,119,1,2,44686.2
104,120,1,4,89372.3
104,121,1,18,349347.5
104,122,0,54,1068968.7
104,123,0,112.5,1572092.6
104,124,0,134.5,2070713.3
104,125,0,105.5,1911309
104,126,0,39,654027.7
104,127,1,14,295131.1
104,128,1,1,21080.8
104,131,1,2,36408.3
104,161,1,2,27510.3
104,185,1,10,212977.1
104,216,0,25,400942.5
104,217,0,67.5,1320954.1
104,218,1,9,211902.5
104,224,1,8,198929
104,234,1,19,390704.1
104,235,1,2,41126.7
104,241,1,4,94719.8
104,252,1,2,47359.9
105,90,1,4,60616.9
105,91,1,2,30308.5
105,115,1,1,19023.8
105,118,1,7,156401.6
105,119,1,24,536234
105,120,1,21,469204.8
105,121,0,24,434646
105,122,1,2,38816.4
105,123,0,82.5,1350138.6
105,124,0,151,1972750.8
105,125,0,73,1432177.7
105,126,0,31,578774.5
105,127,1,3,63242.4
105,128,1,14,295131.1
105,129,1,7,147565.6
105,217,1,11.5,270764.3
105,234,0,73,1339936
105,235,1,6,123380.2
106,90,1,8,121233.9
106,91,1,3,45462.7
106,115,1,7,122236.7
106,122,1,3,70004.9
106,124,1,37,863393.4
106,125,0,66.5,1277366.4
106,126,0,66,1244645.6
106,127,1,10,205807.2
106,128,1,19,391033.7
106,132,1,2,45386.6
106,179,1,2,47205.6
106,205,1,4,99653.8
106,206,1,27,458301
106,207,1,7,118818.8
106,218,1,15,325815.7
106,233,1,4,95380
106,234,0,45,967404.2
106,235,1,3,71535
106,245,1,4,91292.5
107,90,1,2,30308.5
107,91,1,16,242467.8
107,125,1,1,23335
107,126,0,22,466525.7
107,127,0,29,529395.9
107,128,0,20,335053.9
107,129,1,4,82322.9
107,131,1,1,22693.3
107,140,1,4,99670.6
107,156,1,1,16338.5
107,201,1,3,74740.4
107,204,1,4,99653.8
107,205,1,9,224221.2
107,206,0,58.5,1030982.8
107,232,1,1,23845
107,234,1,24,572279.8
107,235,0,44,1049391.3
108,112,1,7,122236.7
108,113,1,2,34924.8
108,128,1,2,41161.4
108,129,1,3,61742.2
108,130,1,4,82322.9
108,131,1,1,22693.3
108,132,1,1,22693.3
108,133,1,2,45386.6
108,136,1,5,124588.2
108,141,1,10,249176.4
108,157,1,3,49015.4
108,174,1,4,67006.6
108,175,1,5,83758.2
108,181,1,1,23602.8
108,201,1,3,74740.4
108,207,1,10,169741.1
108,218,1,3,65163.1
108,221,1,4,86884.2
108,229,0,42,939865.9
108,230,1,13,305371.9
108,233,1,3,71535
108,234,0,29.5,629095.2
108,235,1,14.5,345752.4
109,110,1,5,82516
109,111,0,21,386010.9
109,112,1,16,279398.1
109,113,1,11,192086.2
109,129,1,5,102903.6
109,130,1,13,267549.4
109,131,1,19,431172.7
109,132,1,7.5,170199.8
109,133,1,4,90773.2
109,134,1,4,90773.2
109,135,1,20,453866
109,136,1,6,149505.9
109,142,1,5,124588.2
109,156,1,6,98030.7
109,157,1,1,16338.5
109,160,1,2,32676.9
109,174,1,11,184268.1
109,175,0,32,531890.7
109,176,1,12,283233.8
109,178,1,4,94411.3
109,220,1,13.5,293234.1
109,221,1,2,43442.1
109,222,1,5,108605.2
109,228,1,4,93960.6
109,229,0,25,489591.6
109,230,1,1,23490.1
109,234,1,9,214604.9
109,235,1,9,214604.9
109,249,1,6,126691.3
109,250,1,16,337843.4
110,110,1,12,198038.5
110,111,0,79,1261559
110,112,1,26,454021.8
110,113,1,11,192086.2
110,129,1,6,123484.3
110,130,1,4,82322.9
110,131,1,9,204239.7
110,132,1,4,90773.2
110,135,1,3,68079.9
110,136,1,3,74752.9
110,142,1,3,74752.9
110,157,1,3,49015.4
110,158,1,16,261415.3
110,159,1,3,49015.4
110,160,1,15,245076.9
110,189,1,3,63893.1
110,192,1,3,63893.1
110,202,1,1,24913.5
110,218,1,12,260652.6
110,219,1,14,304094.7
110,220,0,44,866546.6
110,227,1,13,305371.9
110,228,0,102,1904540
110,229,0,23,590732.3
110,230,1,4,93960.6
110,234,1,5,119225
110,248,1,4,84460.9
110,249,0,60.5,1213156
110,250,0,48,681806
111,83,1,2,35190.8
111,88,1,3,45462.7
111,109,1,4,66012.8
111,110,1,25.5,420831.7
111,111,1,10,205621.9
111,112,1,18,370119.5
111,131,1,14,252431.6
111,148,1,2,40244.9
111,149,1,6,120734.8
111,157,1,4,69409.9
111,158,0,78,1174264.3
111,159,0,79.5,1247102.1
111,160,1,5,86762.4
111,174,1,2,33503.3
111,208,1,4,67896.4
111,218,1,16,423118.1
111,219,0,40,846983.1
111,220,1,15,396673.2
111,221,1,6.5,154523.6
111,222,1,11,261501.4
111,228,1,20.5,418790.2
111,229,1,14,286003.1
111,232,1,11,256909.1
111,235,1,2,46710.8
111,246,1,5,99737.7
111,247,1,18,359055.8
111,248,1,22,438846
111,249,0,44,939367.1
111,250,1,6,119685.3
112,83,0,25,565235.7
112,84,1,8,140763.2
112,109,1,3,49509.6
112,110,1,1,16503.2
112,111,1,7,143935.4
112,131,1,2,36061.7
112,157,1,6,104114.9
112,158,1,10,173524.8
112,159,1,12,208229.8
112,191,1,2,42595.4
112,218,1,20,528897.6
112,219,0,57,946356.9
112,220,0,32,711552.5
112,221,1,20,475457.2
112,222,1,4,95091.4
112,223,1,5,118864.3
112,224,1,3,71318.6
112,231,1,10,233553.8
112,232,1,10,233553.8
112,235,1,3,70066.1
112,236,1,1,22823.1
112,237,1,2,45646.3
112,244,1,2,45646.3
112,245,1,24,547755
112,246,0,46,893426.3
112,247,0,42,664535.1
112,248,0,74,1314193.4
112,250,1,5,99737.7
112,251,1,2,42230.4
113,83,1,20,351907.9
113,84,1,15,263930.9
113,108,1,5,82516
113,127,1,1,18030.8
113,128,1,3,54092.5
113,130,1,3,54092.5
113,131,1,1,18030.8
113,137,1,3,74752.9
113,143,1,6,106944.7
113,144,1,2,35648.2
113,145,1,8,142592.9
113,157,1,7,121467.4
113,158,1,13,225582.2
113,181,1,14,305006.8
113,188,1,2,42595.4
113,218,0,31,683882.2
113,219,1,20,528897.6
113,220,0,26,581948
113,221,1,16,380365.7
113,223,1,13,309047.2
113,226,1,4,81715.2
113,230,1,21.5,439219
113,231,1,17,397041.4
113,232,1,15,350330.6
113,245,0,47.5,898076.8
113,246,0,38,650436.2
113,247,0,28,541238.8
113,248,0,42,797319.8
113,250,1,3,59842.6
114,43,1,11,201216.7
114,44,1,4,73169.7
114,83,1,6,105572.4
114,131,1,4,72123.3
114,139,1,2,49835.3
114,145,1,7,124768.8
114,146,1,5,100612.3
114,147,1,5,100612.3
114,149,1,2,40244.9
114,180,1,7,165219.7
114,181,1,29.5,642692.8
114,195,1,4,85190.8
114,218,1,15,396673.2
114,220,1,1,26444.9
114,221,1,9,213955.7
114,222,1,10,237728.6
114,223,1,13.5,320933.6
114,224,1,2,47545.7
114,228,1,16,326860.6
114,229,0,34,690126.6
114,230,1,5,102144
114,231,1,18,420396.8
114,232,1,16,373686
114,233,1,4,93421.5
114,245,1,6,136938.8
114,246,1,2,39895.1
114,247,1,1,19947.5
114,248,1,2,39895.1
114,250,1,2,39895.1
114,254,1,11,232267.4
115,43,0,14,298570
115,44,1,8,146339.4
115,120,1,33,575450.3
115,121,1,11,191816.8
115,144,1,1,17824.1
115,145,1,24,427778.8
115,146,1,17,342082
115,147,1,8,160979.8
115,150,1,2,40244.9
115,156,1,4,69409.9
115,171,1,9.5,159140.6
115,176,1,5,118014.1
115,181,1,6,130717.2
115,220,1,2,52889.8
115,222,1,2,47545.7
115,223,1,19.5,463570.7
115,224,1,7,166410
115,231,1,15,350330.6
115,243,1,2,45646.3
115,244,1,4,91292.5
115,245,1,2,45646.3
115,253,1,1,21115.2
116,76,1,2,41020.3
116,77,1,5,102550.8
116,78,1,2,41020.3
116,120,1,18,342785.6
116,121,1,2,38087.3
116,144,1,10,183142.6
116,145,0,54,862853.6
116,146,0,90.5,1479086.6
116,147,0,29,632024.8
116,148,1,4,76938.9
116,156,1,6,110654.7
116,171,1,2,37586.1
116,180,1,9,151030.4
116,188,1,2,41839.2
116,189,1,29,606668.3
116,190,1,16.5,345173.3
116,208,1,3,58608
116,223,1,17,372943.9
116,224,1,17,372943.9
116,230,1,3,82772.7
116,231,1,3,82772.7
116,238,1,2,39549.3
116,241,1,9,177972
117,77,1,2,41020.3
117,78,1,6,123060.9
117,79,1,13,266632
117,81,1,5,77457.9
117,120,1,2,38087.3
117,129,1,1,19796.2
117,145,1,22,402913.7
117,146,0,37,659052.6
117,147,0,45.5,794627.3
117,148,0,34,592419.5
117,155,1,6,106211.6
117,156,1,5,92212.3
117,173,1,1,18793
117,188,1,6,125517.6
117,189,0,67.5,1296958.9
117,190,0,35,720362.7
117,196,1,2,41894.1
117,197,1,1,20947.1
117,208,1,2.5,48840
117,216,1,5,126466.3
117,220,1,4,101173
117,221,1,6,131627.2
117,222,1,6,131627.2
117,223,1,4,87751.5
117,226,1,4,110363.5
117,227,1,4,110363.5
117,228,1,4,110363.5
117,230,1,4,110363.5
117,236,1,10,197746.7
117,237,0,38,736546.3
117,238,0,84,1603419.6
117,239,1,11,217521.3
118,52,1,8,155069.2
118,53,1,20.5,397364.9
118,54,1,4,77534.6
118,78,1,1,20510.2
118,79,1,13,266632
118,80,1,15,307652.3
118,81,0,34,533255.2
118,82,0,32,667988.9
118,128,1,2,39592.3
118,146,1,6,115408.4
118,147,1,7,134643.1
118,148,1,26,500102.9
118,149,1,4,76938.9
118,154,0,33.5,583923.3
118,155,0,58.5,1240596
118,156,1,13,239751.9
118,168,1,3,56379.1
118,169,1,12,225516.6
118,188,1,9,188276.4
118,189,1,7,146437.2
118,206,1,2,39072
118,207,1,9,175823.9
118,208,1,12,234431.9
118,219,1,4,101173
118,220,1,4,101173
118,221,1,7,153565.1
118,223,1,9.5,208409.8
118,224,1,2,43875.7
118,225,1,8,175503
118,228,1,6,165545.3
118,236,1,26,514141.3
118,237,1,9,177972
118,239,1,7,138422.7
118,248,1,1,19250.2
119,52,1,1,19383.7
119,53,1,4,77534.6
119,80,1,27,553774.1
119,81,0,28,529622.8
119,82,0,21,390242
119,83,1,5,77457.9
119,96,1,23,315961.5
119,97,1,1,13737.5
119,148,1,5,96173.6
119,149,1,16,307755.6
119,153,1,28,495654.1
119,154,0,28,474710
119,155,0,37.5,698212.2
119,156,0,47.5,657671.8
119,157,1,2,36884.9
119,168,1,2,37586.1
119,169,1,1,18793
119,193,1,6,100687
119,194,1,1,16781.2
119,196,1,1,20947.1
119,198,1,3.5,73314.7
119,206,1,5,97680
119,207,0,20,423665.2
119,208,0,135.5,2557113.1
119,209,1,12,234431.9
119,220,1,7,177052.8
119,221,1,2,43875.7
119,222,1,8,175503
119,223,0,63,1543249.3
119,224,0,64,1494574.1
119,225,1,16,351006
119,226,1,6,165545.3
119,236,1,4,79098.7
119,237,1,19,375718.6
119,248,1,3,57750.6
120,81,0,21,472055.2
120,82,0,62,1012935.3
120,83,1,22,340814.7
120,132,1,2,39592.3
120,133,1,1,19796.2
120,148,1,22,423164
120,149,1,6,115408.4
120,152,1,6,106211.6
120,153,1,8,141615.5
120,154,0,37,669203.9
120,155,0,23,499452
120,156,0,32.5,624899.1
120,157,1,6,110654.7
120,189,1,6,125517.6
120,206,1,11,214895.9
120,207,0,33.5,801872.8
120,208,0,49,1031513.8
120,209,1,25,488399.8
120,210,1,10,195359.9
120,211,1,2,41894.1
120,219,1,18,455278.6
120,220,1,2,50586.5
120,221,1,14,307130.2
120,222,0,34,710811.5
120,223,0,71,1703778.8
120,224,0,48,1174420.7
120,225,1,15,329068.1
121,81,1,2,41797.6
121,82,0,19,402982.6
121,83,0,51,946209.2
121,84,1,2,41797.6
121,131,1,9,178165.5
121,132,0,26,483224.9
121,133,1,3,59388.5
121,147,1,7,111392.5
121,148,1,16,254611.3
121,149,1,5,79566
121,150,1,2,31826.4
121,152,1,4,86622.6
121,153,0,118,1788303
121,154,0,123.5,2076284.6
121,155,1,9,194900.8
121,156,0,26,516740.7
121,157,1,17,335014.3
121,207,1,2,41894.1
121,208,1,28,586517.5
121,209,1,17,356099.9
121,210,0,25,525668.8
121,211,1,18,476423.2
121,217,1,4,80334.9
121,218,1,6,120502.3
121,219,1,25,502093.1
121,220,1,11,220921
121,221,1,5,128007.6
121,222,0,55,1189211.5
121,223,0,69,1627262.4
121,224,0,50,1197134.5
121,225,1,7,179210.7
121,226,1,7,154039.3
121,235,1,2,43196
121,237,1,5,98873.3
122,82,1,10,208988.1
122,83,0,41,670933.2
122,84,1,10,208988.1
122,116,1,2,38087.3
122,131,1,3,59388.5
122,132,0,26,397032.2
122,133,1,5,98980.9
122,146,1,1.5,23869.8
122,147,1,7,111392.5
122,148,1,3,47739.6
122,150,1,6,95479.2
122,151,1,4,86622.6
122,152,1,3,64966.9
122,153,0,28,619261
122,154,0,39,718544
122,155,0,83,1319282.4
122,156,0,73,1289864.5
122,157,1,10,197067.2
122,209,1,13,272311.7
122,210,1,9,188523.5
122,211,0,19,491633.3
122,216,1,4,80334.9
122,217,1,6,120502.3
122,218,1,7,140586.1
122,219,1,20.5,411716.3
122,220,0,75.5,1293279.1
122,221,0,24,566543
122,222,0,37,1005124.4
122,223,0,110,2205150
122,224,1,20,512030.6
122,225,1,10,256015.3
122,228,1,3,66016.9
122,249,1,1,19250.2
123,83,0,26,507649.5
123,87,1,2,41020.3
123,130,1,2,39592.3
123,131,1,8,158369.4
123,152,1,4,86622.6
123,153,0,64,1066418.5
123,154,0,73.5,1296925.6
123,155,0,168.5,2732287.8
123,156,0,100,1778374.6
123,157,0,37,647646.9
123,189,1,3,50343.5
123,211,1,18,476423.2
123,212,1,1,26468
123,219,1,3,60251.2
123,220,1,17,341423.3
123,221,0,28.5,517239.2
123,222,1,25,640038.2
123,223,0,28.5,493294.2
123,224,1,13,332819.9
123,225,1,18,460827.5
123,227,1,3,66016.9
123,228,1,7,154039.3
123,229,1,2,44011.2
123,232,1,4,86392.1
123,245,1,3,59324
123,252,1,7,134751.3
124,133,1,4,79184.7
124,152,1,12,259867.8
124,153,1,22,476424.2
124,154,0,28,553736.2
124,155,0,68,1268891.6
124,156,0,44,708315.5
124,157,1,2,39413.4
124,165,1,11,202867
124,166,1,8,185860.6
124,167,1,6,139395.5
124,168,1,20,464651.5
124,169,1,6,139395.5
124,180,1,1,16781.2
124,212,1,4,105871.8
124,213,1,3,79403.9
124,214,1,2,52935.9
124,218,1,16.5,331381.4
124,219,1,9,180753.5
124,221,1,9,230413.8
124,222,0,43.5,960104.7
124,223,0,142,2990110.5
124,224,0,33,942300.8
124,225,0,50,1396277.7
124,226,1,7,154039.3
124,227,1,16,352089.9
124,228,0,72.5,1250436
124,229,0,59,1080256.4
124,230,0,86.5,1723838.5
124,231,1,30,647940.5
124,232,1,14,302372.2
124,247,1,2,38500.4
124,249,1,1,19250.2
125,117,1,4,76174.6
125,119,1,1,19043.6
125,152,1,2,43311.3
125,153,1,3,64966.9
125,154,1,8,173245.2
125,155,0,29,509546
125,156,1,19,374427.8
125,164,1,2,36884.9
125,165,1,16,295079.2
125,166,0,44.5,715156
125,167,0,34,633426.6
125,168,1,16,371721.2
125,169,1,8,185860.6
125,213,1,1,26468
125,214,1,4,105871.8
125,218,1,9,180753.5
125,219,1,8,160669.8
125,220,1,23,461925.6
125,221,0,87,2161019.8
125,222,0,106,1741970.9
125,223,0,48,1181372.8
125,224,0,37,944739.5
125,225,1,15,384022.9
125,226,1,10,220056.2
125,227,1,13,286073
125,228,1,11,242061.8
125,229,0,53.5,1064260.9
125,230,0,93,1933226.5
125,231,1,34,734332.6
125,243,1,1,19774.7
125,247,1,18,346503.4
125,248,1,5,96250.9
125,249,1,8,154001.5
125,250,1,2,38500.4
126,137,1,2,39811.9
126,144,1,2,39811.9
126,155,0,30,562965.5
126,156,1,14,316418.4
126,157,1,6,135607.9
126,165,1,7,138904.8
126,166,1,14,260606.5
126,167,1,17,316450.8
126,168,0,28,658292.3
126,169,1,1,18614.8
126,177,1,1,16781.2
126,213,1,2,46072.8
126,214,1,2,46072.8
126,215,1,5,115182
126,216,1,2,51108
126,219,1,14,357756.2
126,220,0,62,1456048.2
126,221,0,103,2083196.1
126,222,0,157,2653473.7
126,223,0,61,1018464
126,224,0,39,965120.8
126,225,1,6,124559.5
126,226,0,27,486353.7
126,227,0,53.5,1115222.9
126,228,0,88.5,1451613.2
126,229,0,76,1641430.6
126,230,1,25,589015
126,231,1,2,48242.2
126,233,1,3.5,84423.8
126,234,1,1,24121.1
126,243,1,1,19486.5
126,246,1,4,94210.5
126,248,1,8,188421
126,249,1,2,47105.2
127,116,1,2,44168.6
127,137,1,2,39811.9
127,155,1,10,181341.5
127,156,0,33,746376.8
127,157,0,31.5,727900.8
127,158,1,6,135607.9
127,159,1,6,135607.9
127,160,1,10,226013.1
127,168,1,2,37229.5
127,213,1,6,138218.4
127,214,1,18,414655.3
127,215,1,11,253400.5
127,216,1,1,25554
127,218,1,2,51108
127,219,1,11,281094.1
127,220,0,69,1340177.3
127,221,0,302.5,4647134.1
127,222,0,271,4398274
127,223,0,63,1233009.6
127,224,1,24,498238.2
127,225,0,27.5,588644.9
127,226,0,52,1009818.7
127,227,1,18,424090.8
127,228,0,51,1032625.9
127,229,0,162,3434511.4
127,230,1,8,188484.8
127,231,1,7,168847.6
127,232,1,3,72363.2
127,233,1,5,120605.4
127,234,1,8,192968.6
127,235,1,1,24121.1
127,248,1,2,47105.2
127,249,1,4,94210.5
127,250,0,33.5,856575.8
127,251,1,13,275526.1
127,253,1,14,296720.4
127,254,1,6,127165.9
128,115,1,1,13737.5
128,116,1,6,132505.9
128,117,1,6,132505.9
128,118,1,2,44168.6
128,157,0,37,737207.6
128,158,0,29,599200
128,159,0,24,493026.9
128,160,1,10,226013.1
128,163,1,2,39687.1
128,171,1,3,55844.3
128,213,1,9,207327.7
128,214,1,5,115182
128,215,1,24,552873.8
128,216,1,13,332202.2
128,218,0,41,773030.8
128,219,0,53,1203000.8
128,220,0,258,3773403.3
128,221,0,273.5,4347637.3
128,222,0,112.5,1890517.5
128,223,0,72,1523282.7
128,224,0,131,2285249.3
128,225,0,162,2957556.2
128,226,0,48.5,949236.9
128,227,0,48.5,920007.5
128,228,0,79,1477755.8
128,229,0,111.5,2445243.1
128,230,1,1,23560.6
128,231,0,84,1658099.8
128,232,0,120.5,2177218.7
128,233,0,97.5,2210227.9
128,234,1,14,337695.1
128,235,1,13,313574
128,239,1,6,116918.9
128,244,1,13,253324.3
128,248,1,6,141315.7
128,250,0,48.5,756988.9
128,251,0,34.5,745300.3
128,252,1,27,572246.4
128,253,1,7,148360.2
129,115,1,4,54949.8
129,117,1,1,22084.3
129,118,0,34,549381.7
129,154,1,3,54402.5
129,158,1,10,226013.1
129,159,0,22,445978.6
129,214,1,7,161254.9
129,215,1,18,414655.3
129,216,0,47,1077004.1
129,217,1,5,127770.1
129,218,0,31,776636.1
129,219,0,33,807200.2
129,220,0,119,2000443.8
129,221,0,192.5,3195699.3
129,222,0,141.5,2239164
129,223,0,69,1170802.2
129,224,0,43,883462
129,225,0,178,2456238.8
129,227,0,29,674763.5
129,228,0,121.5,2244199.2
129,229,0,37,597924.2
129,230,1,2,47121.2
129,232,1,19,458300.5
129,233,1,6,144726.5
129,234,1,7,168847.6
129,235,1,2,48242.2
129,250,1,8,188421
129,251,1,23,487469.2
129,252,1,11,233137.4
130,117,1,4,88337.2
130,118,1,10,220843.1
130,119,1,3,66252.9
130,120,1,10,220843.1
130,133,1,2,38974.7
130,151,1,1,18134.2
130,152,1,2,36268.3
130,153,1,5,90670.8
130,159,1,3,67803.9
130,214,1,11,253400.5
130,215,1,7.5,172773.1
130,216,1,12,306648.2
130,217,0,26,772748.1
130,218,0,88.5,1796233.1
130,219,0,36,806260.5
130,220,0,27,675663.5
130,221,0,35,660792.2
130,222,1,12,249119.1
130,223,0,70,1096213.5
130,224,0,41,990016.9
130,225,0,45,994779
130,226,0,79,1645109.9
130,227,0,66,1333635
130,228,1,4,94242.4
130,229,1,3,70681.8
130,230,1,10,235606
130,233,1,6,144726.5
130,234,1,1,24121.1
130,235,1,2,48242.2
130,236,1,2,38973
130,243,1,3,58459.5
130,244,1,2,38973
130,246,1,2,47105.2
130,247,1,1,23552.6
130,251,1,4,84777.2
130,252,1,2,42388.6
130,253,1,2,42388.6
131,14,1,3,48944.7
131,133,0,23,441023.9
131,134,1,14,272823.1
131,135,1,5,97436.8
131,136,1,9,179153.5
131,137,1,1,19905.9
131,140,1,1,19905.9
131,141,1,2,39811.9
131,147,1,7,126939.1
131,151,1,4,72536.6
131,158,1,4,82882.6
131,159,1,6,124324
131,160,1,1,20720.7
131,161,1,13,257966.1
131,209,1,2,45395.1
131,215,1,1,24248.1
131,216,1,7.5,169169.8
131,217,0,32,649811
131,218,0,66,1286218
131,219,1,5,112779.9
131,221,1,3,70115.7
131,222,1,2,46743.8
131,223,0,52,981180.2
131,224,0,109.5,1869663.2
131,225,0,58,1267933.2
131,226,0,35,804640.1
131,227,1,23,485498.1
131,228,1,2,42217.2
131,230,1,2,42217.2
131,237,1,3,66033
131,251,1,5,105971.6
132,119,1,3,66252.9
132,132,1,3,58462.1
132,133,1,13,253335.7
132,134,1,6,116924.2
132,135,1,5,97436.8
132,136,1,1,19905.9
132,137,1,5,99529.7
132,158,1,21,435133.9
132,160,1,14,290089.3
132,161,0,29,540262
132,207,1,12,272370.8
132,208,1,18,408556.1
132,209,1,14,317765.9
132,214,1,13,315225.1
132,215,1,15,363721.3
132,217,1,17,383451.6
132,218,0,55,1031562.4
132,224,1,6,140231.5
132,225,0,61,1017170.3
132,226,1,22,464389.5
132,227,1,11,232194.8
132,228,1,3,63325.8
132,229,1,3,63325.8
132,230,1,3,63325.8
132,234,1,4,69611.2
132,235,1,17.5,304548.8
132,241,1,4,77945.9
132,252,1,3,63582.9
132,254,1,2,42388.6
133,107,1,1,13737.5
133,157,1,5,103603.3
133,158,0,62,1525668.7
133,159,0,27,474414.7
133,160,0,54,1134725.7
133,161,1,14,277809.6
133,187,1,5,83905.8
133,207,1,6,136185.4
133,208,1,21,476648.8
133,209,0,114.5,2255026.1
133,210,1,11,249673.2
133,211,1,6,145488.5
133,214,1,22,533457.9
133,215,1,6,145488.5
133,217,1,7,157891.8
133,218,0,84,1387517
133,222,1,2,46743.8
133,223,1,21,490810.2
133,224,1,5,116859.6
133,225,1,10,233719.1
133,226,1,13,274412
133,227,1,11,232194.8
133,228,1,11,232194.8
133,231,1,32,556889.2
133,232,1,4,69611.2
133,233,1,2,34805.6
133,234,1,10,174027.9
133,238,1,6,132066
133,240,1,2,44022
133,248,1,3,63582.9
133,252,1,5,105971.6
134,118,1,2,44168.6
134,139,1,1,19905.9
134,143,1,9,179153.5
134,156,1,2,41441.3
134,157,0,26,476153.3
134,158,1,19,393692.6
134,159,0,45.5,871692.2
134,160,0,40,828155.7
134,207,1,13,295068.3
134,208,1,1,22697.6
134,209,0,37,726512.9
134,210,0,47,1002392.9
134,211,1,23,557706
134,212,1,9,218232.8
134,213,1,22.5,545581.9
134,214,0,19,463798
134,215,1,16,387969.4
134,218,1,1,22556
134,219,1,1,22556
134,223,1,3,70115.7
134,226,1,2,42217.2
134,227,1,13,274412
134,228,1,22,464389.5
134,232,1,1,17402.8
134,233,1,21,365458.5
134,234,1,5,87013.9
134,235,0,43,1008613.1
134,236,1,7,154077
134,237,1,8,176088
134,238,1,1.5,33016.5
134,240,1,2,44022
134,241,1,6,116918.9
134,244,1,9,175378.4
134,248,1,5,105971.6
134,255,1,2,42388.6
135,156,1,1,20720.7
135,157,1,13,269368.6
135,158,1,4,82882.6
135,159,1,18,372971.9
135,160,1,5,103603.3
135,190,1,2,33562.3
135,209,1,6,136185.4
135,210,1,11,249673.2
135,211,0,41,830399.4
135,212,0,38,789906.9
135,213,1,17,412217.5
135,214,0,27,603743.3
135,215,0,22,570254.8
135,217,0,144,2784778.5
135,218,0,123.5,1656542.2
135,219,1,10,225559.8
135,223,1,2,46743.8
135,224,1,3,70115.7
135,225,1,8,186975.3
135,226,1,13,274412
135,227,1,10,211086.1
135,228,1,16.5,348292.1
135,233,0,44.5,871224.1
135,234,1,8,139222.3
135,235,0,192.5,3322797.3
135,236,1,12,264132
135,237,1,21.5,473236.4
135,238,1,5,110055
135,239,1,8,176088
135,240,1,2,44022
136,157,0,27,479684.6
136,158,0,166.5,2771800
136,159,0,71,1303492.7
136,160,1,1,22371.2
136,161,1,1,21918.3
136,211,1,8,166708.6
136,212,0,61,1340209.7
136,213,0,55,1234998.9
136,214,1,1,20838.6
136,216,0,27.5,446413.6
136,217,1,23,545909.5
136,218,1,9,213616.8
136,219,1,2,47470.4
136,223,1,5,91442.9
136,226,1,16,369344.2
136,227,1,12,277008.1
136,232,1,1,19688.1
136,233,1,18,354386.5
136,234,0,53,975974.4
136,235,0,34,711109.6
136,236,1,22,563428.1
136,237,1,2,51220.7
137,132,1,1,15467.9
137,135,1,1,15467.9
137,157,0,80,1290801.1
137,158,0,80.5,1349118.8
137,159,0,103,1845526.5
137,160,1,5,111855.8
137,161,1,3,65754.9
137,162,1,3,65754.9
137,164,1,3,65754.9
137,167,1,2,46532.5
137,190,1,1,20513.4
137,212,1,8,166708.6
137,216,0,18,271934
137,217,1,21,498439.1
137,218,1,2,47470.4
137,225,1,5,91442.9
137,226,1,7,161588.1
137,227,1,18.5,427054.2
137,233,0,49.5,996045.4
137,234,0,27.5,533817.6
137,235,1,21,413450.9
137,236,1,13.5,345740
137,237,1,16,409765.9
137,247,1,6,138461.8
138,59,1,1,15870.7
138,123,1,14,186904.5
138,135,1,1,15467.9
138,157,0,45,789076.4
138,158,0,41.5,623965
138,159,0,158.5,2707124.3
138,160,0,41,1060144.3
138,161,1,9,197264.6
138,165,1,3,65754.9
138,190,1,1,20513.4
138,215,1,4,83354.3
138,217,1,12,284822.4
138,225,1,3,54865.7
138,227,1,21,484764.2
138,231,1,17,334698.3
138,232,0,43.5,720883.6
138,233,0,53,1198726.5
138,234,0,20,491558.2
138,235,1,19,374074.6
138,236,1,5,128051.8
138,245,1,3,76831.1
138,246,1,7,161538.8
138,247,1,19,438462.5
139,12,1,5,85416.8
139,123,1,5,66751.6
139,124,1,5,66751.6
139,149,1,4,69044.7
139,150,1,10.5,181242.3
139,156,1,2,44742.3
139,157,1,15,335567.3
139,158,1,14,313196.1
139,159,0,31,943897.9
139,160,1,7,156598.1
139,161,1,2,43836.6
139,165,1,3,65754.9
139,168,1,23,535123.3
139,169,1,10,232662.3
139,188,1,3,61540.2
139,189,1,4,82053.5
139,190,1,3,61540.2
139,200,1,1,24086.5
139,202,1,2,48173
139,216,1,6,142411.2
139,226,1,8,184672.1
139,227,1,2.5,57710
139,232,1,5.5,108284.8
139,233,0,48,946757.6
139,234,0,25,550051.8
139,235,1,3,59064.4
139,246,1,11,253846.7
139,247,0,30.5,750044.6
139,248,1,8,184615.8
139,249,1,4,92307.9
140,125,1,2,26700.6
140,149,1,2,34522.3
140,150,1,13,224395.3
140,158,1,4,89484.6
140,159,1,13,290825
140,160,1,3,67113.5
140,161,1,7.5,164387.2
140,166,1,2,46532.5
140,167,1,21,488590.8
140,168,0,30,599959
140,187,1,29,594888.1
140,188,0,108,2143450.2
140,189,0,47,863910.9
140,190,0,28,491883
140,203,1,1,24086.5
140,211,1,15,312578.7
140,215,1,5,104192.9
140,225,1,4,73154.3
140,226,1,6,138504.1
140,227,1,20,461680.2
140,233,1,6,118128.8
140,234,1,2,39376.3
140,235,1,2,39376.3
140,246,1,12,276923.7
140,247,0,56,966402.7
140,248,1,22,507693.4
140,249,1,24,553847.4
141,126,1,2,30935.9
141,138,1,11,191222.6
141,145,1,3,52151.6
141,156,1,17,341530.8
141,157,1,3,60270.1
141,159,1,3,60270.1
141,167,1,17,332640.4
141,186,1,12,218931.8
141,187,0,22,475665
141,188,0,42,793972.7
141,189,1,4,72977.3
141,205,1,1,24086.5
141,206,1,1,19810.1
141,207,1,3,59430.4
141,208,1,8.5,168386.1
141,209,1,10.5,208006.4
141,212,1,3,59430.4
141,215,1,5,99050.7
141,235,1,5,115420.1
141,247,0,49,911457.3
141,248,0,110,2327162
141,249,0,60,1164244.8
142,11,1,2,34166.7
142,144,1,2,34767.8
142,157,1,7,140630.3
142,167,1,9,176103.8
142,178,1,2,35894.9
142,181,1,2,35894.9
142,185,1,3,53842.3
142,186,1,14,255420.4
142,187,1,8,145954.5
142,201,1,7,168605.3
142,211,1,3,59430.4
142,214,1,4,79240.5
142,239,1,9,230493.3
142,243,1,11,281714
142,247,1,8,185003.2
142,248,0,81,1554929.3
142,249,0,30,688567.2
143,67,1,2,31741.4
143,146,1,1,17261.2
143,167,1,19.5,381558.2
143,175,1,4,93064.9
143,176,1,1,17947.4
143,204,1,1,24086.5
143,205,1,3,72259.4
143,216,1,7,128020
143,248,1,20,462508.1
143,249,1,21,485633.5
144,67,1,25,396767
144,68,1,3,47612
144,126,1,1,15467.9
144,155,1,4,69044.7
144,159,1,2,40180.1
144,166,1,5,97835.4
144,167,0,73.5,1053141.9
144,168,1,12,234805
144,179,1,3,53842.3
144,183,1,3,53842.3
144,205,1,2,48173
144,227,1,1,23084
144,244,1,1,25610.4
144,249,1,3,69376.2
144,255,1,1,23077
145,11,1,6,102500.2
145,68,1,1,15870.7
145,113,1,7,103618.8
145,125,1,3,40051
145,126,1,1,15467.9
145,151,1,3,51783.5
145,155,1,1,17261.2
145,166,1,14,273939.2
145,167,1,6,117402.5
145,184,1,6,107684.6
145,204,1,21,505816
145,205,1,8,192691.8
145,213,1,6,118860.8
145,215,1,8,158481.1
145,251,1,5,115384.9
146,156,0,26,509954.5
146,157,1,3,62981.7
146,158,1,2,41987.8
146,189,1,3,53842.3
146,208,1,1,24941.7
146,249,1,8,145654.5
147,40,1,2,37766.8
147,45,1,5.5,103858.8
147,46,1,1,15985.9
147,156,1,1,20993.9
147,157,1,3,62981.7
147,165,1,1,20993.9
148,45,1,19,358784.8
148,46,1,33,527535.6
148,173,1,3,62981.7
148,185,1,2,35894.9
148,202,1,3,72259.4
148,233,1,2,36577.1
149,9,1,2,34166.7
149,47,1,1,15985.9
149,48,1,1,15985.9
149,49,1,7.5,119894.4
149,66,1,4,62678.1
149,67,1,17,266382.1
149,68,1,1,15669.5
149,78,1,14,249580.8
149,81,1,1,17933.7
149,84,1,2,35867.5
150,8,1,3,51250.1
150,9,1,1,17083.4
150,49,1,2,31971.9
150,66,1,2,31339.1
150,67,1,22,344729.7
150,77,1,8,142617.6
150,78,1,17,303062.5
150,82,1,9,161403.7
150,83,0,19,353307.7
150,84,1,28,502145
150,146,1,3,52151.6
150,174,1,2.5,52484.7
150,179,1,3,53842.3
150,194,1,5,89737.2
150,235,1,6,109731.4
150,252,1,3,54620.4
151,65,1,2,31741.4
151,73,1,10,156695.3
151,83,0,27,397237.1
151,84,0,25,407618.2
151,85,1,3.5,69004.5
151,141,1,7,121687.1
151,142,1,4,69535.5
151,146,1,3,52151.6
151,223,1,3,54865.7
151,248,1,4,91210.2
152,45,1,1,18883.4
152,72,1,2,31339.1
152,83,1,6,118293.5
152,84,1,14,276018.1
152,85,1,4,78862.3
152,122,1,4,61871.7
152,140,1,1,17383.9
152,141,1,2,34767.8
152,171,1,4,83975.5
152,210,1,2,49883.4
152,215,1,3.5,87295.9
152,245,1,6,109240.9
152,251,1,4,72827.2
153,9,1,2,34166.7
153,83,1,2,39431.2
153,84,1,10,197155.8
153,85,1,5,98577.9
153,135,1,4,61871.7
153,136,1,1,17383.9
153,139,1,2,34767.8
153,140,1,3,52151.6
153,147,1,3,52151.6
153,209,1,4,99766.8
153,211,1,1,24941.7
153,225,1,1,18288.6
153,226,1,5,91442.9
153,249,1,3,68407.7
154,9,1,1,17083.4
154,84,1,9,177440.2
154,85,1,4,78862.3
154,103,1,6,88816.2
154,138,1,2.5,43459.7
154,158,1,4,58582.3
154,159,1,5,73227.9
154,209,1,2,49883.4
154,211,1,15,374125.4
154,212,1,1,24941.7
154,245,1,4,72827.2
154,246,1,15,342038.4
155,6,1,1,17083.4
155,7,1,2,34166.7
155,56,1,1,15870.7
155,103,1,6,88816.2
155,131,1,2,30935.9
155,158,1,32,468658.3
155,159,1,8,117164.6
155,192,1,9,161526.9
155,203,1,3,72259.4
155,209,1,1,24941.7
155,211,1,3,74825.1
155,212,1,6,149650.2
155,246,1,6,136815.3
155,247,1,21,478853.7
156,6,1,3,66591
156,10,1,5,110985
156,39,1,1,18883.4
156,56,0,27,446149.1
156,57,1,6,104993.5
156,130,1,4,79800.6
156,147,1,6,91514
156,159,1,1,17176.3
156,202,1,11,215958.7
156,203,1,7,137428.3
156,211,0,28,459255.6
156,212,1,17,267496.4
157,57,1,6,104993.5
157,130,1,2.5,49875.4
157,144,1,1,15252.3
157,203,1,4,78530.4
157,212,1,7,110145.6
157,233,1,3,64855.6
157,247,1,2,45275.3
157,248,1,15,339564.6
158,4,1,3,62690.6
158,103,1,11.5,170231
158,104,1,4,59210.8
158,248,1,33.5,758361
158,249,1,6,135825.8
158,250,1,2,45275.3
158,251,1,2,49767
158,253,1,2,49767
158,254,1,2,49767
159,1,1,11,229865.5
159,2,1,4,83587.5
159,3,1,8,167174.9
159,4,1,4,83587.5
159,5,1,2,41793.7
159,6,1,1,22197
159,84,1,1,16907.8
159,131,1,4,79800.6
159,156,1,2,34352.6
159,180,1,1,18749.4
159,181,1,4,74997.5
159,205,1,1,19632.6
159,213,1,3,47205.2
159,248,0,36,569857.9
159,249,0,71,1380983.9
159,250,0,45.5,751486.4
159,251,1,14.5,360810.4
160,0,1,1,22197
160,2,1,18,376143.6
160,3,0,75,1067630.4
160,4,0,21,434487.2
160,109,1,1,14802.7
160,127,1,7,139651.1
160,130,1,1,19950.2
160,144,1,3,45757
160,179,1,1,18749.4
160,180,1,16.5,309364.6
160,217,1,1,17186.7
160,218,1,52.5,902301.2
160,219,1,3,51560.1
160,249,1,19,430115.2
160,250,0,79,1436429.9
160,251,1,2,49767
160,252,1,2,49767
161,2,1,7,124716.4
161,3,1,57,1015548.1
161,4,1,4,71266.5
161,73,1,4,69995.7
161,104,1,1,14802.7
161,122,1,3,59850.5
161,127,1,2,39900.3
161,131,1,1,19950.2
161,139,1,4,61009.3
161,140,1,4,61009.3
161,141,1,6,112745.8
161,142,1,6,112745.8
161,143,1,2,37581.9
161,155,1,2,30504.7
161,180,1,4,74997.5
161,205,1,2,39265.2
161,207,1,3,47205.2
161,211,1,4,62940.3
161,216,1,3,66817.3
161,217,1,18,400903.5
161,218,0,23,506934.7
161,229,1,7,151329.7
161,230,1,3,64855.6
161,231,1,10,216185.3
161,250,0,152.5,2586486.5
161,251,1,19,472786.1
162,0,1,4,88788
162,2,1,6,106899.8
162,4,1,3,53449.9
162,84,1,4,67631.2
162,85,1,4,67631.2
162,122,1,5,99750.8
162,138,1,1,15252.3
162,140,1,3,45757
162,142,1,17,319446.5
162,143,0,65.5,1076968.5
162,144,1,11,206700.7
162,156,1,3,51528.9
162,166,1,2,38767
162,205,1,5,98163.1
162,218,1,4,89089.7
162,219,1,8,178179.3
162,229,0,71,1382931.9
162,230,1,15,324278
162,248,1,4,98645.5
162,249,0,31,687069.3
162,250,0,73,1391276.8
162,251,0,40,735371.7
163,1,1,4,71266.5
163,143,1,7,131536.8
163,144,1,5,93954.9
163,165,1,9,141030.5
163,166,1,9,174451.4
163,195,1,2,37498.7
163,206,1,3,47205.2
163,210,1,2,31470.2
163,211,1,2,31470.2
163,229,1,12,259422.4
163,248,1,6,147968.3
163,249,0,36,909611.9
163,250,0,48,1060717.8
163,251,0,43,1138964.9
164,161,1,2,31340.1
164,165,1,21,329071.1
164,229,1,2,43237.1
164,240,1,2,49373.8
164,246,1,3,73984.1
164,250,1,16,394582.1
164,251,1,12,298601.7
165,62,1,1,17498.9
165,120,1,2,39900.3
165,138,1,5,76261.6
165,144,1,1,18791
165,158,1,30,515288.8
165,159,1,1,17176.3
165,160,1,2,34352.6
165,161,1,6,94020.3
165,204,1,3,58897.8
165,223,1,3,66817.3
166,81,1,4,67631.2
166,82,1,2,33815.6
166,83,1,1,16907.8
166,105,1,3,44408.1
166,120,1,2,30257.2
166,144,1,1.5,22878.5
166,158,1,3,58150.5
166,159,1,8,155067.9
166,160,1,2,38767
166,205,1,2,47350.1
166,229,1,2,43094.1
166,237,1,12.5,302722.1
166,238,1,12,290613.2
166,239,0,21.5,511426.6
166,240,1,6,145306.6
166,241,0,18,342600
166,242,1,17,396122.4
166,243,1,1,23301.3
167,82,1,5,84539
167,83,1,3,50723.4
167,103,1,7,103618.8
167,104,1,4,59210.8
167,108,1,5,74013.5
167,119,1,1,15128.6
167,146,1,1,15252.3
167,157,1,2,38767
167,158,1,2,38767
167,229,1,4,86188.3
167,237,1,6,145306.6
167,238,0,70.5,1195608.4
167,239,0,127,2376701.5
167,240,0,62,1066969.1
167,241,0,43,944762.7
167,242,1,2,46602.6
167,243,1,3,69903.9
168,146,1,1,15252.3
168,208,1,1,23675.1
168,237,0,37.5,680777.9
168,238,0,28,656346.9
168,239,0,33,637323.9
168,240,0,33.5,559160.2
168,241,1,6,139807.9
168,242,1,8,186410.5
168,243,1,12,279615.8
169,83,1,2,33815.6
169,206,1,1,23675.1
169,216,1,1,21547.1
169,224,1,2,43094.1
169,237,1,7,169524.4
169,238,1,18,435919.9
169,239,0,37,853879.9
169,240,1,13,314831
170,71,1,2,34997.8
170,125,1,1,15128.6
170,205,1,6,142050.3
170,206,1,1,23675.1
170,215,1,3,71025.2
170,224,1,4,86188.3
170,238,1,6,145306.6
170,239,1,18,435919.9
170,245,1,2,46602.6
171,36,1,4,75533.6
171,82,1,2,33815.6
171,119,1,7,105900.1
171,120,1,4,60514.4
171,121,1,1,15128.6
171,160,1,5,96917.5
171,204,1,6,142050.3
171,212,1,1,23675.1
171,214,1,1,23675.1
171,222,1,6,129282.4
171,223,0,28.5,462091.7
171,224,1,10,215470.7
171,239,1,3,69903.9
172,116,1,2,30257.2
172,117,1,1,15128.6
172,118,0,37,635413.7
172,119,1,7,105900.1
172,120,1,6,90771.5
172,121,1,4,60514.4
172,136,1,9,137270.9
172,159,1,1,19383.5
172,160,1,2,38767
172,185,1,1,18749.4
172,216,1,2,43094.1
172,222,1,2,43094.1
172,223,1,18,387847.2
172,224,1,9,193923.6
172,230,1,1,21547.1
172,239,1,3,69903.9
172,244,1,2,46602.6
172,248,1,12,296243.1
173,36,1,2,37766.8
173,90,1,2,33815.6
173,117,1,12,181543.1
173,118,0,27,308652.4
173,178,1,5,93746.8
173,223,1,3,64641.2
173,224,1,4,86188.3
173,225,1,3,64641.2
174,115,1,2,29605.4
174,116,1,4,60514.4
174,118,1,1,15128.6
174,132,1,3,35526.8
174,156,1,7,135684.5
174,225,1,7,150829.5
174,254,1,8,197495.4
174,255,1,18,444364.6
175,68,1,1,17498.9
175,81,1,6,101446.8
175,82,1,2,33815.6
175,131,1,16.5,195397.3
175,132,0,28,423406.6
175,133,1,6,71053.6
175,236,1,1,23301.3
175,253,1,2,49373.8
175,254,1,16,394990.8
175,255,0,31.5,757985
176,36,1,3,49435.7
176,82,1,7,128487
176,132,1,8,160593.3
176,207,1,4,71861.8
176,231,1,2,46489
176,245,1,4,90224.8
177,68,1,11,186180.7
177,81,1,5,91776.4
177,107,1,1,20074.2
177,114,1,4,80296.6
177,157,1,5,90594.9
177,180,1,2,34647.8
177,191,1,2,34647.8
177,207,1,10,179654.4
177,208,1,3,53896.3
178,67,1,2,33851
178,69,1,3,50776.6
178,70,1,6,101553.1
178,81,0,20,503269.6
178,82,0,26,404281
178,83,1,1,18355.3
178,167,1,1,15683.1
178,203,1,3,53896.3
178,208,1,2,35930.9
178,231,1,9,209200.3
179,68,1,1,16925.5
179,69,1,3,50776.6
179,70,1,12,203106.2
179,80,1,7,129084.8
179,81,0,55,1039237.9
179,82,0,155,2533519.7
179,83,1,17,312039.8
179,105,1,1,20074.2
179,117,1,3,60222.5
179,180,1,1,17323.9
179,194,1,2,34647.8
180,35,1,2,32957.2
180,36,1,6,98871.5
180,37,1,1,16478.6
180,70,1,11,186180.7
180,79,1,5,92203.4
180,80,1,42.5,783729
180,81,0,28,647733.7
180,82,1,18,330395
180,129,1,1,20074.2
180,130,1,4,80296.6
180,132,1,3,60222.5
180,162,1,1,18119
180,171,1,1,15683.1
180,193,1,4,69295.6
180,194,1,3,51971.7
180,238,1,8,180449.5
181,34,1,4,65914.3
181,36,1,43,767595.5
181,37,1,12,214212.7
181,68,1,2,33851
181,80,1,14,246869.2
181,81,0,29,673365.9
181,82,1,10,185406.5
181,152,1,2,36895.1
181,156,1,2,36238
181,195,1,5,86619.5
181,197,1,1,17965.4
181,226,1,1,23244.5
181,234,1,4,92977.9
181,250,1,1,19051.2
182,36,1,2,35702.1
182,80,1,6,105801.1
182,81,1,27,500597.6
182,82,1,4,74162.6
182,135,1,2,40148.3
182,170,1,1,15683.1
182,173,1,4,62732.6
182,185,1,2,34647.8
182,243,1,3,67668.6
182,244,1,4,90224.8
183,27,1,1,16478.6
183,28,1,4,65914.3
183,80,1,19,335036.8
183,81,1,20,370813.1
183,119,1,3.5,70259.6
183,154,1,7,129132.8
183,158,1,2,36238
183,159,1,6,108713.9
183,172,1,1,15683.1
183,173,1,2,31366.3
183,243,1,12,270674.3
183,244,1,11,248118.1
183,254,1,3,57153.6
184,80,1,2,35267
184,119,1,3,60222.5
184,243,1,29,654129.6
184,244,1,26,586461
184,250,1,1,19051.2
185,159,1,4,72475.9
185,160,1,5,90594.9
185,161,1,5,90594.9
185,236,1,3,67668.6
185,243,1,1,22556.2
185,244,0,68,1564598.9
185,245,1,6,135337.2
185,252,1,2,38102.4
185,253,1,6,114307.2
186,129,1,2,40148.3
186,158,1,2,35140.9
186,159,0,71,1006629.3
186,160,1,13,228415.8
186,161,1,7,122993.1
186,169,1,4.5,70574.2
186,200,1,2,35930.9
186,244,1,31.5,573637
187,158,1,9,158134
187,159,0,36,623045.3
187,160,1,3,52711.3
187,165,1,1,17570.4
187,185,1,2,34647.8
187,187,1,2,43863.3
187,188,1,4,87726.7
187,230,1,2,46489
187,243,1,10,182107
188,26,1,4,65914.3
188,157,1,9,158134
188,158,1,9,158134
188,159,1,9,158134
188,175,1,15,235247.2
188,185,1,3,51971.7
188,186,1,10.5,230282.5
188,187,0,20,354850.5
188,188,1,16,350906.6
188,193,1,2,43863.3
188,204,1,5,89827.2
188,243,1,1,18210.7
188,252,1,1,19051.2
189,75,1,5,88805.2
189,117,1,1,20074.2
189,118,1,7,140519.1
189,175,1,1.5,23524.7
189,177,1,2,34647.8
189,185,1,2,34647.8
189,195,1,1,21931.7
189,196,1,2,35930.9
189,253,1,4,76204.8
190,30,1,2,32957.2
190,111,1,3,60222.5
190,138,1,6,110685.3
190,253,1,2,38102.4
191,118,1,2,40148.3
191,137,1,1,18447.5
191,253,1,4,76204.8
192,55,1,1,16478.6
192,57,1,3,53283.1
192,75,1,2,35522.1
192,79,1,1,17633.5
192,241,1,2,36421.4
192,243,1,5,91053.5
193,57,1,14,248654.5
193,73,1,5,88805.2
193,75,1,3,53283.1
193,159,1,2,35140.9
193,227,1,1,20294
193,229,1,7,142058.2
193,252,1,3,57153.6
194,60,1,4,71044.1
194,62,1,2,35522.1
194,228,0,46.5,739502.9
194,229,1,12,243528.3
194,234,1,3,69733.4
194,237,1,3,54632.1
194,252,1,2,38102.4
194,253,1,6,114307.2
195,74,1,4,71044.1
195,109,1,5,100370.8
195,221,1,1,23244.5
195,228,1,8,162352.2
195,229,1,3,60882.1
195,240,1,2,36421.4
196,195,1,2,35930.9
196,220,1,3,69733.4
196,240,1,2,44124.4
196,247,1,3,66186.7
196,252,1,3,58619.4
196,253,1,6,117238.8
197,168,1,3,51734.9
197,195,1,10,179654.4
197,196,1,24,431659.8
197,251,1,4,78159.2
197,252,1,8,156318.4
197,253,1,23.5,459185.4
197,254,1,6,117238.8
198,33,1,2,31600.6
198,64,1,1,14122.3
198,152,1,5,92237.7
198,196,1,4,71943.3
198,251,1,4,78159.2
198,252,1,13,254017.5
198,253,0,28,426370.8
198,254,0,22,355464.7
199,32,0,28,489853.8
199,33,1,10,158003
199,60,1,3,41493.4
199,64,1,3,42366.8
199,66,1,3,41493.4
199,110,1,1,16952.3
199,172,1,1,17245
199,220,1,3,69733.4
199,239,1,3,66186.7
199,248,1,4,88248.9
200,31,1,4,63201.2
200,32,1,2,31600.6
200,33,0,60,1014267.8
200,34,1,7,110602.1
200,64,1,12,169467.4
200,66,1,8,110649.2
200,76,1,6,100226.3
200,161,1,4,68979.9
200,172,1,3,51734.9
200,239,1,6,132373.3
201,31,1,16,335886
201,32,0,47,768712.2
201,33,0,29,558076
201,66,1,1,13831.1
201,169,1,3,51734.9
201,207,1,2,28539
202,31,1,19,398864.7
202,32,0,87.5,1590815.5
202,33,1,4,83971.5
202,51,1,2,35988.7
202,61,1,4,55324.6
202,76,1,1,16704.4
202,87,1,1,16704.4
202,109,1,2,33904.7
202,167,1,5,86224.9
202,173,1,4,68979.9
202,210,1,5,71347.5
202,250,1,2,44124.4
203,30,1,1,15800.3
203,31,1,18,377871.8
203,32,1,11,230921.6
203,85,1,3,50113.2
203,86,0,65,835243.1
203,87,1,13,217157
203,109,1,3,50857
203,167,1,1,17245
203,174,1,1,17245
203,206,1,2,28539
204,31,1,4,83971.5
204,32,1,3,62978.6
204,63,1,2,27662.3
204,85,1,3,50113.2
204,86,1,2,33408.8
204,138,1,2,36895.1
204,188,1,5,89827.2
205,83,1,3,50113.2
205,105,1,12,203428
205,237,1,1,22062.2
206,103,1,1,16952.3
206,105,1,9.5,161047.2
206,132,1,30.5,517335.8
206,173,1,4,68979.9
206,181,1,2,35930.9
207,22,1,10,169761.8
207,132,1,5,84809.1
207,143,1,8,147580.4
207,175,1,7,120714.8
207,200,1,1,14269.5
207,205,1,2,28539
208,21,1,7,118833.2
208,22,1,17,288595
208,23,1,1,16976.2
208,56,1,24,453013.5
208,130,1,1,16961.8
208,132,1,2,33923.7
208,212,1,2,28539
209,21,1,1,16976.2
209,22,1,1,16976.2
209,54,1,1,17994.4
209,55,1,7,125960.5
209,56,0,32,678150.4
209,79,1,2,33408.8
209,106,1,1,16952.3
209,186,1,1,17965.4
210,40,1,49,944685.3
210,41,1,3,57837.9
210,54,1,1,17994.4
210,55,1,8,143954.8
210,56,1,5,94377.8
210,117,1,2,26346.3
210,131,1,2,33923.7
210,208,1,6,85617
211,40,1,2,38558.6
211,41,1,6,115675.8
211,56,1,1,18875.6
211,104,1,1,16952.3
211,208,1,2,28539
212,243,1,2,44124.4
213,116,1,2,26346.3
213,152,1,2,36895.1
214,26,1,3,50928.5
214,73,1,1,13831.1
214,115,1,1,16952.3
214,116,1,18,237117.1
214,130,1,4,67847.3
214,141,1,1,18447.5
214,175,1,2,34489.9
215,63,1,11,207631.2
215,64,1,4,75502.2
215,106,1,3,50857
215,120,1,5,65865.9
215,150,1,2,36895.1
215,155,1,3,55342.6
215,198,1,4,57078
215,254,1,18,397120
216,63,1,28,544761.7
216,72,1,2,38911.5
216,86,1,1,21298.1
216,104,1,5,72364.6
216,105,0,38,427819.1
216,106,1,4,57891.7
216,144,1,1,17141.2
217,72,1,2,38911.5
217,105,1,13,188148
217,106,1,1,14472.9
217,139,1,3,51423.5
217,157,1,2,38607.4
217,162,1,3,57911.1
218,35,1,2,41177.6
218,36,1,10,205010.7
218,37,1,2,41002.1
218,106,1,2,28945.8
218,147,1,2,34282.4
218,175,1,1,15689.8
219,35,1,1,20588.8
219,36,1,15,307516
219,37,1,2,41002.1
219,73,1,2,38911.5
219,109,1,1,14472.9
219,139,1,2,34282.4
219,149,1,1,17141.2
219,174,1,18,282415.9
219,175,1,15,235346.6
219,176,1,2,29448.3
220,49,1,31,534163.9
220,50,1,4,68924.4
220,174,1,16,251036.4
220,175,1,18,282415.9
221,17,1,2,41177.6
221,49,1,17,253038.5
221,50,1,5,74423.1
221,150,1,2,34282.4
222,14,1,2,35493.8
222,16,1,1,20588.8
222,74,1,2,38911.5
222,149,1,3,51423.5
222,151,1,4,68564.7
222,254,1,2,38366.5
223,40,1,2,38714.6
223,224,1,3,57051.5
223,254,1,2,38366.5
224,9,1,36,491591.2
224,15,1,1,17746.9
224,104,1,3,43418.8
224,136,1,3,51423.5
224,151,1,3,51423.5
225,9,1,3,40965.9
225,44,1,2,38714.6
225,74,1,1,19455.8
226,74,1,8,168714.1
226,75,1,4,84357
226,136,1,2,34282.4
226,140,1,5,85705.9
226,151,1,4,62001.9
226,152,1,1,15500.5
226,153,1,6,93002.8
226,227,1,3,57051.5
227,74,0,41,793321.9
227,75,0,34,631327.9
227,82,1,1,21298.1
227,140,1,3,51423.5
227,151,1,5.5,85252.6
227,152,1,7,108503.3
227,153,1,12,186005.6
227,154,1,1,15500.5
227,224,1,4,76686
227,227,1,9,171154.6
227,228,1,8,152137.4
227,247,1,8,153466.2
228,71,1,3,63267.8
228,74,1,8,168714.1
228,75,0,32,633924.9
228,76,1,5,106490.6
228,83,1,2,42596.2
228,110,1,2,31285.9
228,151,1,10,155004.7
228,152,1,16,248007.5
229,73,1,30,632677.7
229,74,0,117.5,2036246.8
229,75,0,35,630679.6
229,76,1,12,255577.5
229,173,1,1,19303.7
229,247,1,11,211016
229,249,1,5,95916.4
230,11,1,1,17746.9
230,17,1,1,20588.8
230,72,1,1,21089.3
230,73,1,17,358517.4
230,74,0,43,844901.4
230,75,0,49,936237.6
230,76,1,4,85192.5
230,77,1,2,42596.2
230,78,1,15,319471.8
230,132,1,2,32659.9
231,73,0,33,621498.6
231,74,0,218.5,3574978.4
231,75,0,274,4065892.4
231,76,0,192.5,2937623.3
231,77,0,44,888134.5
231,78,1,46,894913.2
231,152,1,1,15500.5
231,163,1,2,35142.2
231,176,1,2,29448.3
231,251,1,5,95916.4
232,47,1,3,55436.9
232,73,0,41,711129
232,74,0,75,1433275.3
232,75,0,211.5,3161120.1
232,76,0,45,793506.2
232,77,1,1,19454.6
232,176,1,1,14724.2
232,177,0,27.5,389584.6
232,190,1,2,27348
232,222,1,6,115029
232,223,0,20,383827.2
232,224,1,9,172543.5
233,47,1,10,184789.5
233,48,0,23,410815.9
233,49,1,1,18479
233,73,1,6,124171.4
233,75,1,16,331123.9
233,76,1,3,58363.9
233,142,1,4,68564.7
233,161,1,2,35142.2
233,187,1,7,95717.9
233,190,1,8,109391.9
233,223,1,19,364258.4
233,224,0,35,433093
234,35,1,41,844139.8
234,36,1,13,251645.1
234,46,0,45,670953.8
234,47,0,67,1148642.3
234,48,1,9,166310.6
234,75,1,3,62085.7
234,111,1,1,15643
234,113,1,6,93857.8
234,148,1,3,46501.4
234,151,1,2,31000.9
234,158,1,2,35142.2
234,161,1,2,35142.2
234,187,1,3,41022
234,189,1,12,164087.8
234,224,1,4,76686
234,232,1,1,19017.2
234,249,1,10,191832.7
235,35,1,1,20588.8
235,37,1,2,38714.6
235,74,1,14,289733.4
235,75,1,12,248342.9
235,76,1,6,116727.8
235,112,1,18,281573.5
235,113,1,44.5,696112.4
235,156,1,5,87855.6
235,159,1,6,105426.7
235,160,1,3,52713.4
235,161,1,1,17571.1
235,171,1,2,38607.4
235,188,1,4,54695.9
236,17,1,9.5,215502.7
236,18,1,25,567112.3
236,19,1,3,68053.5
236,74,1,5,101362.2
236,76,1,2,34670.7
236,77,1,2,34670.7
236,113,1,4,65319.7
236,137,1,2,38607.4
236,146,1,3,57911.1
236,151,1,3,57911.1
236,156,1,2,37995.5
236,160,1,27,512938.9
236,187,1,3,56406.5
236,227,1,1,22849.7
236,250,1,2,33746.8
237,17,1,3,68053.5
237,18,0,93,1800210.7
237,19,1,14,317582.9
237,59,1,3,44602.9
237,60,1,2,29735.3
237,146,1,1,19303.7
237,147,1,5,96518.4
237,161,1,1,18997.7
237,171,1,4,56487.6
237,187,1,2,37604.3
237,226,1,2,45699.4
238,5,1,1,17000
238,18,1,1,22684.5
238,36,1,2,28059.1
238,111,1,2,32659.9
238,112,1,2,32659.9
238,113,1,5,81649.6
238,147,1,2,38607.4
238,171,1,3,42365.7
238,225,1,3,63800
239,57,1,3,44602.9
239,108,1,1,16329.9
239,167,1,2,28243.8
239,225,1,12,255199.8
240,56,1,1,14867.6
240,57,1,61,906926.2
240,58,1,6,89205.9
240,101,1,6,97979.6
240,109,1,4,65319.7
240,173,1,3,42365.7
240,185,1,1,18802.2
240,225,1,21,446599.7
240,238,1,3,50620.2
241,57,1,8,138682.6
241,58,1,10,173353.3
241,68,0,27,406133.2
241,69,1,10,202724.4
241,114,1,2,32659.9
241,219,1,2,32686.6
241,247,1,1,16873.4
242,9,1,2,34000
242,13,1,1,17000
242,43,1,1,14029.6
242,58,1,15,260030
242,67,1,2,40544.9
242,68,1,24.5,496674.9
242,69,0,39,701706.1
242,70,1,4,81089.8
242,233,1,8,182797.8
243,70,1,12,243269.3
243,108,1,4,65319.7
243,222,1,2,32686.6
244,4,1,1,17000
244,18,1,4,90738
244,69,1,9,182452
244,70,1,5,101362.2
244,221,1,4,65373.2
244,237,1,7,118113.9
245,18,1,1,22684.5
245,69,1,6,121634.7
245,112,1,2,32659.9
245,170,1,1,14121.9
245,174,1,1,14121.9
245,221,1,4,65373.2
245,222,1,41,670075.6
245,236,1,1,16873.4
245,237,1,18,303721.4
245,238,1,2,33746.8
246,10,1,4,67999.9
246,222,1,11,251346.9
246,236,1,2,38193.9
246,237,1,34,649295.9
246,238,1,6,114581.6
246,252,1,1,16873.4
247,237,1,3,57290.8
248,9,0,24,389303.2
248,10,0,63,966633.1
248,11,1,3,50999.9
248,156,1,12,175135.1
248,157,0,35,550463.4
248,226,1,6,127454.4
249,9,1,4,67999.9
249,10,0,34,669121.6
249,143,1,5,96518.4
249,156,1,2,29189.2
249,157,1,39,569189.1
249,181,1,4,75208.7
249,182,1,15,282032.5
250,8,1,4,67999.9
250,9,1,2,34000
250,10,1,1,17000
250,76,1,2,34670.7
250,103,1,1,16329.9
250,156,1,1,14594.6
250,181,1,9,169219.5
250,182,0,60.5,1088447.9
250,183,1,4,75208.7
250,184,1,5,94010.8
250,228,1,3,63727.2
250,229,1,5,106212
251,228,0,24,546932.5
251,229,1,22,467332.7
251,230,1,6,127454.4
252,47,1,4,56118.2
252,48,0,29,526442.6
252,49,1,9,126266
252,210,1,2,29448.3
252,228,0,70,1311743.2
252,229,0,23,406738.7
252,244,1,2,38193.9
253,47,1,6,84177.3
253,48,0,35,511986
253,67,1,2,34670.7
253,71,1,11,190688.6
253,148,1,1,19303.7
253,210,1,9,132517.5
253,228,0,33,623827.5
253,229,1,9,191181.6
254,4,1,5,84999.9
254,31,1,8,134529.9
254,47,1,2,28059.1
254,48,1,1,14029.6
254,167,1,1,14121.9
254,228,1,10,212423.9
254,229,1,3,63727.2
255,11,1,3,50999.9
255,30,1,11,184978.6
255,31,0,99.5,1597332.8
255,32,1,3,50448.7
255,111,1,13,174860.9
255,112,1,33,443877.6
255,114,1,2,26901.7
255,219,1,1,22849.7
255,224,1,6,137098.3