x,y,imputed,ind,ind_0_3,ind_11_17,ind_18_24,ind_25_39,ind_40_54,ind_4_5,ind_55_64,ind_65_79,ind_6_10,ind_80p,ind_inc
13,0,1,25,0.5,1.8,1,2.8,3.9,0.5,5.9,5.7,1.3,1.6,0
14,0,0,34,2,10,0,4,8,0,2,7,0,1,0
15,0,0,34.5,1,1.5,1,7,7,1,5,6,2,3,0
16,0,0,38,1,4,1,6,5,2,4,7,3,5,0
17,0,1,3,0.2,0.2,0.2,0.6,0.4,0,0.5,0.6,0.1,0.2,0
29,0,1,2,0,0.2,0.1,0.1,0.5,0.1,0.2,0.6,0.1,0.1,0
13,1,1,11,0.2,0.8,0.5,1.2,1.7,0.2,2.6,2.5,0.6,0.7,0
14,1,1,12,0.2,0.9,0.5,1.4,1.9,0.3,2.8,2.7,0.6,0.7,0
15,1,1,13,0.3,0.9,0.5,1.5,2,0.3,3.1,2.9,0.7,0.8,0
16,1,1,8,0.2,0.6,0.3,0.9,1.2,0.2,1.9,1.8,0.4,0.5,0
19,1,1,14,0.7,1.1,1.1,2.7,1.7,0.2,2.1,2.9,0.4,1.1,0
20,1,1,7,0.4,0.5,0.5,1.4,0.8,0.1,1.1,1.5,0.2,0.5,0
97,1,1,20,0.3,0.6,0,1.3,3.1,0,4.7,6.9,0.6,2.5,0
13,2,1,12,0.2,0.9,0.5,1.4,1.9,0.3,2.8,2.7,0.6,0.7,0
14,2,1,2,0,0.2,0.1,0.2,0.3,0,0.5,0.5,0.1,0.1,0
15,2,1,4,0.1,0.3,0.2,0.5,0.6,0.1,0.9,0.9,0.2,0.2,0
19,2,1,20,1.1,1.5,1.5,3.9,2.4,0.3,3,4.1,0.7,1.5,0
20,2,0,50.5,0,1.5,4,4,7,0,11,17,0,6,0
97,2,1,13,0.2,0.4,0,0.8,2,0,3.1,4.5,0.4,1.6,0
13,3,1,6,0.1,0.4,0.3,0.7,0.9,0.1,1.4,1.4,0.3,0.4,0
14,3,1,2,0,0.2,0.1,0.2,0.3,0,0.5,0.5,0.1,0.1,0
20,3,1,21,1.1,1.6,1.6,4.1,2.5,0.3,3.2,4.3,0.7,1.6,0
21,3,1,23.5,1.3,1.8,1.8,4.6,2.8,0.4,3.5,4.8,0.7,1.8,0
96,3,1,1,0,0,0,0.1,0.2,0,0.2,0.4,0,0.1,0
97,3,1,10,0.2,0.3,0,0.6,1.6,0,2.3,3.4,0.3,1.3,0
98,3,1,8,0.1,0.2,0,0.5,1.3,0,1.9,2.8,0.2,1,0
99,3,1,1,0,0,0,0.1,0.2,0,0.2,0.4,0,0.1,0
13,4,1,2,0,0.2,0.1,0.2,0.3,0,0.5,0.5,0.1,0.1,0
21,4,1,4,0.2,0.3,0.3,0.8,0.5,0.1,0.6,0.8,0.1,0.3,0
59,4,1,1,0,0,0,0,0.2,0,0.1,0.5,0,0.2,0
60,4,1,11,0,0,0.2,0,2.2,0,1.5,4.9,0,2.2,0
97,4,1,7,0.1,0.2,0,0.4,1.1,0,1.7,2.4,0.2,0.9,0
98,4,1,4,0.1,0.1,0,0.3,0.6,0,0.9,1.4,0.1,0.5,0
115,4,1,1,0,0.1,0,0.1,0.1,0,0.2,0.2,0,0.3,0
13,5,1,4,0.2,0.5,0.2,1.1,0.4,0.2,0.5,0.4,0.3,0.2,0
21,5,1,2,0.1,0.2,0.1,0.5,0.2,0.1,0.3,0.2,0.2,0.1,0
25,5,1,3,0.1,0.3,0.1,0.2,0.7,0.1,0.3,0.9,0.1,0.2,0
59,5,1,3,0,0,0.1,0,0.6,0,0.4,1.3,0,0.6,0
60,5,0,46,0,1,0,2,12,0,4,17,3,7,0
60,6,1,14.5,0,0,0.2,0,2.9,0,2,6.4,0,3,0
13,7,1,1,0,0.1,0.1,0.3,0.1,0,0.1,0.1,0.1,0.1,0
14,7,1,15,0.7,2,0.7,4.1,1.4,0.7,2,1.4,1.3,0.7,0
87,7,1,2,0,0.1,0.1,0.2,0.2,0,0.5,0.5,0,0.4,0
85,8,1,2,0,0.1,0.1,0.2,0.2,0,0.5,0.5,0,0.4,0
86,8,1,10,0,0.5,0.5,0.9,0.9,0,2.9,2.4,0,1.9,0
117,8,1,1,0,0.1,0,0.1,0.1,0,0.2,0.2,0,0.3,0
23,9,1,3,0.1,0.3,0.1,0.2,0.7,0.1,0.3,0.9,0.1,0.2,0
26,9,1,3,0.1,0.3,0.1,0.2,0.7,0.1,0.3,0.9,0.1,0.2,0
86,9,1,5,0,0.2,0.2,0.5,0.5,0,1.4,1.2,0,1,0
87,9,1,2,0,0.1,0.1,0.2,0.2,0,0.5,0.5,0,0.4,0
117,9,1,2,0,0.1,0,0.3,0.3,0,0.4,0.3,0,0.6,0
118,9,1,9,0,0.4,0,1.3,1.3,0,1.7,1.3,0,3,0
119,9,1,1,0,0.1,0,0.1,0.1,0,0.2,0.2,0,0.3,0
26,10,1,2,0,0.2,0.1,0.1,0.5,0.1,0.2,0.6,0.1,0.1,0
104,12,1,11,0.3,0,0.3,0,1.6,0.3,2,4.9,0.3,1.3,0
114,12,1,3,0,0,0.1,0.3,0.2,0,0.4,1.4,0.1,0.5,0
115,12,1,5,0,0,0.1,0.5,0.3,0,0.7,2.4,0.1,0.9,0
104,13,1,3,0.1,0,0.1,0,0.4,0.1,0.5,1.3,0.1,0.4,0
113,13,1,10,0,0,0.3,1.1,0.5,0,1.3,4.7,0.3,1.8,0
114,13,1,11,0,0,0.3,1.2,0.6,0,1.4,5.2,0.3,2,0
26,14,1,1,0,0.1,0.1,0.1,0.2,0,0.1,0.3,0,0.1,0
29,14,1,3,0.1,0.3,0.1,0.2,0.7,0.1,0.3,0.9,0.1,0.2,0
104,14,1,19,0.5,0,0.6,0,2.8,0.6,3.3,8.4,0.6,2.2,0
105,14,1,1,0,0,0,0,0.2,0,0.2,0.5,0,0.1,0
113,14,1,4,0,0,0.1,0.4,0.2,0,0.5,1.9,0.1,0.8,0
114,14,1,2,0,0,0.1,0.2,0.1,0,0.3,0.9,0,0.4,0
115,14,1,3,0,0,0.1,0.3,0.2,0,0.4,1.4,0.1,0.5,0
11,15,1,2,0,0.1,0.3,0.3,0.5,0,0.4,0.4,0,0,0
106,15,1,1,0,0,0,0.1,0.2,0,0.1,0.4,0,0.2,0
107,15,1,1,0,0,0,0.1,0.2,0,0.1,0.4,0,0.2,0
115,15,1,3,0,0.2,0,0.4,0.4,0,0.6,0.4,0,1,0
116,15,1,3,0,0.2,0,0.4,0.4,0,0.6,0.4,0,1,0
121,15,1,1,0,0.1,0,0.1,0.1,0,0.2,0.2,0,0.3,0
26,16,1,5,0.1,0.4,0.3,0.3,1.2,0.1,0.5,1.5,0.3,0.3,0
39,16,1,3,0.1,0.3,0.1,0.5,1.2,0,0.3,0.4,0,0.1,0
91,16,1,1,0,0,0,0,0.1,0,0.2,0.5,0,0.2,0
92,16,1,1,0,0,0,0.1,0.2,0,0.1,0.4,0,0.2,0
29,17,1,2,0,0.2,0.1,0.1,0.5,0.1,0.2,0.6,0.1,0.1,0
39,17,1,4,0.2,0.4,0.2,0.6,1.6,0,0.4,0.4,0,0.2,0
41,17,1,2,0.1,0.2,0.1,0.3,0.8,0,0.2,0.2,0,0.1,0
92,17,1,8,0,0,0.4,0.5,1.8,0,0.5,3.1,0.4,1.3,0
17,18,1,3.5,0.1,0.3,0.2,0.2,0.8,0.1,0.3,1.1,0.2,0.2,0
20,18,1,1,0,0.1,0.1,0.1,0.2,0,0.1,0.3,0,0.1,0
23,18,1,3,0.1,0.3,0.1,0.2,0.7,0.1,0.3,0.9,0.1,0.2,0
41,18,1,7,0.2,0.8,0.3,1,2.8,0,0.8,0.8,0,0.3,0
47,18,1,9,0.3,1,0.3,1.3,3.7,0,1,1,0,0.4,0
92,18,1,3,0,0,0.2,0.2,0.6,0,0.2,1.1,0.2,0.5,0
10,19,1,2,0,0.1,0.3,0.3,0.5,0,0.4,0.4,0,0,0
11,19,1,3,0,0.1,0.5,0.5,0.8,0,0.5,0.6,0,0,0
23,19,1,1,0,0.1,0.1,0.1,0.2,0,0.1,0.3,0,0.1,0
26,19,1,6,0.2,0.5,0.3,0.3,1.4,0.2,0.6,1.9,0.3,0.3,0
41,19,1,2,0.1,0.2,0.1,0.3,0.8,0,0.2,0.2,0,0.1,0
91,19,1,2,0,0,0,0,0.3,0,0.3,1,0,0.4,0
92,19,1,4,0,0,0.2,0.2,0.9,0,0.2,1.6,0.2,0.7,0
8,20,1,4,0,0.4,0.4,0.3,1.1,0.1,0.4,0.9,0.1,0.3,0
9,20,1,2,0,0.2,0.2,0.1,0.5,0.1,0.2,0.5,0.1,0.1,0
13,20,1,1,0,0.1,0.1,0.2,0.2,0,0.1,0.1,0.1,0.1,0
21,20,1,3,0.1,0.2,0.3,0.4,0.5,0.1,0.3,1,0.1,0,0
90,20,1,2,0,0,0,0,0.3,0,0.3,1,0,0.4,0
91,20,1,4,0,0,0,0,0.6,0,0.7,2,0,0.7,0
92,20,1,11,0,0.6,0.3,1.2,1.8,0.3,2.1,2.3,0.6,1.8,0
93,20,1,1,0,0.1,0,0.1,0.2,0,0.2,0.2,0,0.2,0
7,21,1,1,0,0.1,0.1,0.1,0.3,0,0.1,0.2,0,0.1,0
10,21,1,7,0.1,0.6,0.7,0.4,1.9,0.2,0.8,1.6,0.2,0.5,0
1,22,1,2,0,0.4,0.1,0.4,0.4,0.1,0.2,0.3,0,0.1,0
2,22,1,2,0,0.2,0.2,0.1,0.5,0.1,0.2,0.5,0.1,0.1,0
7,22,1,4,0,0.4,0.4,0.3,1.1,0.1,0.4,0.9,0.1,0.3,0
10,22,1,5,0.1,0.4,0.5,0.3,1.4,0.2,0.5,1.1,0.2,0.3,0
18,22,1,3,0.1,0.2,0.3,0.4,0.5,0.1,0.3,1,0.1,0,0
21,22,1,12,0.3,0.8,1.1,1.4,1.9,0.6,1.1,4.2,0.6,0,0
55,22,1,25,0,1.6,3.3,6.7,2.5,0,4.2,4.2,0,2.5,0
56,22,1,2,0,0.2,0.3,0.5,0.2,0,0.3,0.3,0,0.2,0
71,22,1,1,0,0,0,0,0,0,0.3,0.3,0,0.4,0
8,23,0,20,1,0,3,10,3,0,3,0,0,0,0
9,23,1,2,0,0.2,0.2,0.1,0.5,0.1,0.2,0.5,0.1,0.1,0
13,23,1,9,0.4,0.5,0.7,1.8,1.4,0.4,0.9,1.3,0.7,0.9,0
14,23,1,10,0.4,0.6,0.8,2,1.6,0.4,1,1.4,0.8,1,0
16,23,1,8,0.3,0.5,0.7,1.6,1.2,0.3,0.8,1.1,0.7,0.8,0
17,23,1,7,0.2,0.5,0.7,0.8,1.1,0.3,0.7,2.4,0.3,0,0
20,23,1,3,0.1,0.2,0.3,0.4,0.5,0.1,0.3,1,0.1,0,0
21,23,1,3,0.1,0.2,0.3,0.4,0.5,0.1,0.3,1,0.1,0,0
56,23,1,3,0,0.2,0.4,0.8,0.3,0,0.5,0.5,0,0.3,0
64,23,1,11,0,0,0,0.7,0,0,1.9,5.8,0,2.6,0
65,23,1,6,0,0,0,0.3,0,0,1.1,3.2,0,1.4,0
68,23,1,3,0,0.1,0,0.1,0.1,0,0.7,0.9,0,1.1,0
70,23,1,7,0,0.2,0,0.2,0.3,0,1.8,2,0,2.5,0
71,23,1,8,0,0.3,0,0.3,0.3,0,2,2.3,0,2.8,0
127,23,1,6,0,0.3,0.3,0.3,1,0,1.8,0.5,0.2,1.6,0
4,24,1,1,0,0.1,0.1,0.1,0.3,0,0.1,0.2,0,0.1,0
7,24,0,31,3,1,1,5,3,1,3,9,0,5,0
8,24,1,28,0.3,2.4,2.8,1.8,7.6,0.9,3.1,6.4,0.9,1.8,0
9,24,1,22,0.3,1.9,2.2,1.4,6,0.7,2.4,5,0.7,1.4,0
10,24,1,9,0.1,0.8,0.9,0.6,2.4,0.3,1,2,0.3,0.6,0
11,24,1,5,0.1,0.4,0.5,0.3,1.4,0.2,0.5,1.1,0.2,0.3,0
13,24,1,9,0.4,0.5,0.7,1.8,1.4,0.4,0.9,1.3,0.7,0.9,0
14,24,1,11,0.5,0.6,0.9,2.2,1.7,0.5,1.1,1.5,0.9,1.1,0
15,24,1,10,0.4,0.6,0.8,2,1.6,0.4,1,1.4,0.8,1,0
16,24,1,13,0.5,0.7,1.1,2.6,2,0.6,1.3,1.8,1.1,1.3,0
19,24,1,4,0.1,0.3,0.4,0.4,0.6,0.2,0.4,1.4,0.2,0,0
20,24,1,6,0.1,0.4,0.5,0.7,1,0.3,0.6,2.1,0.3,0,0
68,24,1,4,0,0.1,0,0.2,0.2,0,1,1.1,0,1.4,0
70,24,1,5,0,0.2,0,0.2,0.2,0,1.2,1.4,0,1.8,0
4,25,1,10,0,0.3,0.5,2.6,1.5,0.3,2.3,1.3,0.4,0.8,0
5,25,1,1,0,0,0.1,0.3,0.2,0,0.2,0.1,0,0.1,0
6,25,0,44,2,2,2,7,7,2,9,7,2,4,0
7,25,0,123,11,6,7,26,17,1,22,20,8,5,0
8,25,0,139.5,4,15,10,22,30,3.5,19,27,5,4,0
9,25,1,17,0.8,0,3.1,3.2,2.8,0,3.5,2.4,0.4,0.8,0
10,25,1,10,0.5,0,1.8,1.9,1.6,0,2.1,1.4,0.2,0.5,0
11,25,0,16,0,0,1,3,3,0,1,4,0,4,0
12,25,1,23,0.7,2.9,1.6,2.3,7.8,0.3,2.9,1.9,2.3,0.3,0
13,25,1,9,0.3,1.1,0.6,0.9,3.1,0.1,1.1,0.8,0.9,0.1,0
20,25,1,2,0.1,0.1,0.2,0.2,0.3,0.1,0.2,0.7,0.1,0,0
71,25,1,6,0,0.3,0,0.3,0.9,0,1.8,2.1,0.3,0.3,0
72,25,1,1,0,0,0,0,0.1,0,0.2,0.5,0,0.2,0
4,26,0,27,0,1,4,4,8,0,3,4,1,2,0
5,26,1,16,0,0.4,0.8,4.2,2.4,0.5,3.7,2.1,0.6,1.3,0
6,26,0,44.5,0,3.5,2,6,10,0,8,7,2,6,0
7,26,0,221,11.5,11.5,20,47,34,6.5,37,19,18.5,16,0
8,26,0,54.5,4,2.5,10,6,14,4,7,3,4,0,0
9,26,0,18,0,2,3,3,4,0,0,4,1,1,0
10,26,0,39.5,0,0,4,2,7,0,7,15,0.5,4,0
11,26,0,24.5,0,2,1,1,8,0.5,4,4,0,4,0
12,26,0,38,2,9,1,5,13,1,0,4,3,0,0
14,26,1,2,0.1,0.2,0.1,0.2,0.7,0,0.3,0.2,0.2,0,0
25,26,1,8,0,0.3,1.4,1.4,2.1,0,1.4,1.4,0,0,0
71,26,1,3,0,0.1,0,0.1,0.5,0,0.9,1.1,0.1,0.2,0
72,26,1,1,0,0,0,0,0.1,0,0.2,0.5,0,0.2,0
4,27,1,16,0,0.4,0.8,4.2,2.4,0.5,3.7,2.1,0.6,1.3,0
5,27,0,65,0,5,7,4,13,0,13,16,2,5,0
7,27,0,145.5,2,12.5,10,15,20,2,33,30,7,14,0
8,27,0,16,0,0,9,1,2,0,1,2,0,1,0
9,27,0,35.5,1,5,4,4,7,0.5,3,10,1,0,0
10,27,0,95,1,13,4.5,8,27,0,7,22,6.5,6,0
11,27,0,74.5,4,3.5,7,17,14,1,10,12,5,1,0
12,27,0,69,4,3,4.5,17,9,2,13,4,8.5,4,0
13,27,1,4,0.1,0.5,0.3,0.4,1.3,0.1,0.5,0.3,0.4,0.1,0
26,27,1,1,0,0,0.2,0.2,0.2,0,0.2,0.2,0,0,0
68,27,1,11,0,0.5,0,0.5,1.7,0,3.3,3.9,0.5,0.6,0
72,27,1,1,0,0,0,0,0.1,0,0.2,0.5,0,0.2,0
2,28,1,2,0,0,0.1,0.5,0.3,0.1,0.4,0.3,0.1,0.2,0
3,28,1,10,0,0.3,0.5,2.6,1.5,0.3,2.3,1.3,0.4,0.8,0
4,28,0,23,0,0,1,2,5,0,6,6,0,3,0
5,28,0,248.5,10,9.5,28,41,50,7,30,50,4,19,0
6,28,0,181.5,4.5,10.5,14,39,30,0,20,37,9.5,17,0
7,28,1,6,0.3,0,1.1,1.1,1,0,1.3,0.8,0.1,0.3,0
8,28,1,8,0.3,0,1.5,1.5,1.3,0,1.7,1.1,0.2,0.4,0
10,28,0,100.5,1,11.5,9,11,23,4,19,17,1,4,0
11,28,0,54,4,8,5,9,21,1,0,0,6,0,0
13,28,1,4,0.1,0.5,0.3,0.4,1.3,0.1,0.5,0.3,0.4,0.1,0
14,28,1,4,0.1,0.5,0.3,0.4,1.3,0.1,0.5,0.3,0.4,0.1,0
26,28,1,1,0,0,0.2,0.2,0.2,0,0.2,0.2,0,0,0
62,28,1,2,0.1,0.2,0.3,0.2,0.6,0,0.2,0.3,0,0.1,0
63,28,1,2,0.1,0.2,0.3,0.2,0.6,0,0.2,0.3,0,0.1,0
3,29,1,6,0,0.1,0.3,1.6,0.9,0.2,1.4,0.8,0.2,0.5,0
5,29,0,201.5,5,6,16,39,37,3,27,43,4.5,21,0
6,29,0,138,2,15,16,25,35,0.5,13,18,2.5,11,0
7,29,0,31,2,1,2,11,7,0,3,1,0,4,0
8,29,0,20,0,0,1,1,5,0,3,6,1,3,0
9,29,1,2,0.1,0,0.4,0.4,0.3,0,0.4,0.3,0,0.1,0
10,29,0,17,0,0,9,1,3,0,1,3,0,0,0
11,29,0,33,1,1,3,7,8,1,6,4,2,0,0
12,29,0,40,4,2,3,12,12,1,1,2,3,0,0
13,29,1,25,0.7,3.2,1.8,2.5,8.4,0.3,3.2,2.1,2.5,0.3,0
63,29,1,4,0.1,0.4,0.7,0.4,1.1,0,0.4,0.6,0,0.3,0
64,29,1,5,0.2,0.5,0.9,0.5,1.4,0,0.5,0.7,0,0.3,0
66,29,1,16,0.5,1.6,2.8,1.7,4.4,0,1.7,2.2,0,1.1,0
3,30,1,3,0.1,0.3,0.3,0.3,0.9,0,0.2,0.7,0.1,0.1,0
4,30,0,94.5,0,9,0,11,20,2,21,16,3.5,12,0
5,30,0,245,8,16,10,46,42,5,32,52,8,26,0
6,30,0,68,2,4,3,8,11,0,6,12,3,19,0
7,30,0,119,6,8,14,34,24,6,10,11,5,1,0
8,30,1,11,0.8,0.6,2.1,3.1,1.7,0,0.8,1.3,0.2,0.4,0
9,30,0,24,0,1,0,3,7,0,3,4,3,3,0
10,30,0,49.5,4,3.5,2,23,7,1,1,5,1,2,0
11,30,1,24,1.7,1.3,4.6,6.7,3.8,0,1.7,3,0.4,0.8,0
12,30,1,4,0,0.1,0.7,0.7,1.1,0,0.7,0.7,0,0,0
112,30,1,1,0,0,0,0.1,0.1,0,0.3,0.2,0,0.3,0
113,30,1,7,0,0,0,0.5,0.8,0.3,1.8,1.5,0.3,1.8,0
114,30,1,9,0,0,0,0.7,1,0.3,2.3,2,0.4,2.3,0
115,30,1,4,0,0,0,0.3,0.4,0.2,1,0.9,0.2,1,0
4,31,0,294,18,19,21,60,63,10.5,38,29,8.5,27,0
5,31,0,150,2,14,19,15,32,3,12,29,9,15,0
6,31,1,4,0.1,0.4,0.4,0.5,1.2,0,0.2,0.9,0.2,0.1,0
10,31,1,3,0.2,0.2,0.6,0.8,0.5,0,0.2,0.4,0,0.1,0
44,31,1,3,0.1,0.2,0,0.6,0.6,0.1,0.5,0.6,0.1,0.2,0
45,31,1,17,0.5,1.4,0,3.7,3.2,0.5,2.7,3.2,0.9,0.9,0
111,31,1,14,0,0.8,0.4,1.5,2.3,0.4,2.6,3,0.7,2.3,0
112,31,1,6,0,0,0,0.4,0.7,0.2,1.6,1.3,0.2,1.6,0
3,32,1,9,0.2,0.8,1,1,2.8,0,0.4,2.1,0.4,0.3,0
4,32,1,8,0.1,0.7,0.9,0.9,2.5,0,0.4,1.8,0.4,0.3,0
5,32,0,130.5,6,5,6,34,14,2,9,29,6.5,19,0
6,32,1,5.5,0.1,0.5,0.6,0.6,1.7,0,0.3,1.2,0.3,0.2,0
7,32,1,3,0.2,0.2,0.6,0.8,0.5,0,0.2,0.4,0,0.1,0
8,32,1,3,0.2,0.2,0.6,0.8,0.5,0,0.2,0.4,0,0.1,0
111,32,1,2,0,0.1,0.1,0.2,0.3,0.1,0.4,0.4,0.1,0.3,0
2,33,1,5,0.1,0.5,0.6,0.6,1.5,0,0.2,1.1,0.2,0.2,0
3,33,0,37,1,0,5,5,3,0,6,16,0,1,0
4,33,0,71,0,9,9,6,19,1,8,8,5,6,0
5,33,0,64.5,3,5.5,3,10,8,3,11,8,2,11,0
6,33,1,16,0.3,1.4,1.8,1.8,5,0,0.8,3.6,0.8,0.5,0
8,33,1,13,0.9,0.7,2.5,3.6,2.1,0,0.9,1.6,0.2,0.5,0
27,33,1,4,0,0.1,0.7,0.7,1.1,0,0.7,0.7,0,0,0
52,33,1,5,0,0.5,0.2,0.5,0.7,0,0.7,1.7,0.2,0.5,0
53,33,0,28,0,0,1,4,4,0,6,7,0,6,0
54,33,1,6,0,0.6,0.3,0.6,0.8,0,0.8,2,0.3,0.6,0
55,33,1,1,0,0.1,0.1,0.1,0.1,0,0.1,0.3,0.1,0.1,0
118,33,1,1,0,0,0,0.1,0,0,0.3,0.4,0,0.2,0
3,34,1,11,0.2,1,1.2,1.3,3.4,0,0.5,2.5,0.5,0.4,0
4,34,0,44,1,6,1,11,5,0,4,9,3,4,0
5,34,0,49,3,4,3,13,12,0,6,5,2,1,0
6,34,0,43,1,3,3,5,7,1,11,8,1,3,0
28,34,1,9,0,0.2,1.6,1.6,2.4,0,1.6,1.6,0,0,0
53,34,1,2,0,0.2,0.1,0.2,0.3,0,0.3,0.6,0.1,0.2,0
54,34,1,7,0,0.7,0.3,0.7,1,0,1,2.3,0.3,0.7,0
67,34,1,1,0,0,0,0,0.1,0,0.3,0.4,0,0.2,0
118,34,1,1,0,0,0,0.1,0,0,0.3,0.4,0,0.2,0
4,35,0,30,0,2,1,5,6,0,3,8,1,4,0
5,35,0,23,0,2,2,6,3,0,3,5,0,2,0
6,35,1,8,0.2,1.5,0.2,1.6,1.7,0.2,1,1.4,0,0.2,0
9,35,1,6,0.1,1.2,0.2,1.2,1.3,0.1,0.7,1,0,0.2,0
108,35,1,3,0,0.2,0.1,0.3,0.5,0.1,0.6,0.6,0.1,0.5,0
111,35,1,4,0,0.2,0.1,0.4,0.6,0.1,0.8,0.9,0.2,0.7,0
112,35,1,2,0,0.1,0.1,0.1,0.3,0.1,0.1,0.7,0.1,0.4,0
117,35,1,2,0,0,0.1,0.1,0,0,0.6,0.9,0,0.3,0
3,36,1,2,0,0.4,0.1,0.4,0.4,0.1,0.2,0.3,0,0.1,0
4,36,0,32,0,1,3,3,6,0,5,10,3,1,0
5,36,1,9,0.2,1.8,0.2,1.8,2,0.2,1.1,1.5,0,0.2,0
6,36,1,2,0,0.4,0.1,0.4,0.4,0.1,0.2,0.3,0,0.1,0
66,36,1,1,0,0,0,0,0.1,0,0.3,0.4,0,0.2,0
67,36,1,21,0,0.6,0.6,0.6,1.8,0.6,5.4,7.8,0,3.6,0
105,36,1,7,0.2,0.2,0.5,0.5,1,0,1.8,1.8,0.5,0.5,0
4,37,1,6,0.1,1.2,0.2,1.2,1.3,0.1,0.7,1,0,0.2,0
67,37,1,3,0,0.1,0.1,0.1,0.2,0.1,0.8,1.1,0,0.5,0
105,37,1,6,0.2,0.2,0.4,0.4,0.9,0,1.5,1.5,0.4,0.5,0
106,37,1,6,0.2,0.2,0.4,0.4,0.9,0,1.5,1.5,0.4,0.5,0
116,37,1,7,0,0.3,0.5,0.3,1,0.3,0.5,2.3,0.3,1.5,0
117,37,1,3,0,0,0.2,0.2,0,0,0.8,1.3,0,0.5,0
5,38,1,1,0,0.2,0,0.2,0.2,0,0.1,0.2,0,0.1,0
66,38,1,1,0,0,0,0,0.1,0,0.3,0.4,0,0.2,0
67,38,1,8,0,0.2,0.2,0.2,0.7,0.2,2.1,3,0,1.4,0
105,38,1,1,0,0,0.1,0.1,0.1,0,0.2,0.3,0.1,0.1,0
106,38,1,7,0.2,0.2,0.5,0.5,1,0,1.8,1.8,0.5,0.5,0
107,38,1,2,0,0.1,0.1,0.2,0.3,0.1,0.4,0.4,0.1,0.3,0
114,38,1,1,0,0,0.1,0.1,0.2,0,0.1,0.3,0,0.2,0
116,38,1,3,0,0.1,0.2,0.1,0.5,0.1,0.2,1,0.1,0.7,0
117,38,1,11,0,0,0.6,0.6,0,0,3.1,4.9,0,1.8,0
34,39,1,1,0,0.1,0,0.2,0.2,0,0.2,0.2,0,0.1,0
35,39,1,4,0.1,0.3,0,0.9,0.8,0.1,0.6,0.8,0.2,0.2,0
37,39,1,12,0.3,1,0,2.6,2.3,0.3,1.9,2.3,0.6,0.7,0
106,39,1,1,0,0,0.1,0.1,0.1,0,0.2,0.3,0.1,0.1,0
115,39,1,14,0,0.5,1,0.5,2.1,0.5,1.1,4.7,0.5,3.1,0
34,40,1,9,0.6,0,0,1.9,0.6,0,1.9,2.5,0.6,0.9,0
35,40,1,2,0.1,0,0,0.4,0.2,0,0.4,0.6,0.1,0.2,0
36,40,1,6,0.4,0,0,1.2,0.4,0,1.3,1.7,0.4,0.6,0
37,40,1,2,0.1,0,0,0.4,0.2,0,0.4,0.6,0.1,0.2,0
109,40,1,2,0,0.1,0,0.2,0.1,0,1,0.5,0.1,0,0
115,40,1,1,0,0,0,0,0,0,0.3,0.5,0,0.2,0
36,41,1,9,0.6,0,0,1.9,0.6,0,1.9,2.5,0.6,0.9,0
113,41,1,1,0,0,0,0,0,0,0.3,0.5,0,0.2,0
117,41,1,2,0,0,0,0.1,0,0,0.5,1,0,0.4,0
13,42,1,4,0,0.6,0.1,0.4,0.8,0,1.2,0.7,0.1,0.1,0
36,42,1,1,0,0,0,0.2,0.1,0,0.2,0.3,0.1,0.1,0
112,42,1,2,0,0,0,0.1,0,0,0.5,1,0,0.4,0
114,42,1,10,0,0,0,0.5,0,0,2.5,5,0,2,0
6,43,1,3,0,0.2,0,0.4,0.7,0,0.8,0.5,0,0.4,0
12,43,1,1,0,0.2,0,0.1,0.2,0,0.3,0.2,0,0,0
13,43,1,13,0,1.9,0.4,1.1,2.7,0,3.8,2.3,0.4,0.4,0
14,43,1,3,0,0.4,0.1,0.3,0.6,0,0.9,0.5,0.1,0.1,0
17,43,1,2,0,0.3,0.1,0.2,0.4,0,0.6,0.3,0,0.1,0
12,44,1,2,0,0.3,0.1,0.2,0.4,0,0.6,0.3,0,0.1,0
13,44,1,1,0,0.2,0,0.1,0.2,0,0.3,0.2,0,0,0
15,44,1,2,0,0.3,0.1,0.2,0.4,0,0.6,0.3,0,0.1,0
104,44,1,12,0.8,0,0,0.8,2.4,0.8,1.6,2.4,0,3.2,0
105,44,1,3,0.2,0,0,0.2,0.6,0.2,0.4,0.6,0,0.8,0
5,45,1,4,0,0.2,0,0.6,0.9,0,1.1,0.7,0,0.5,0
6,45,1,3,0,0.2,0,0.4,0.7,0,0.8,0.5,0,0.4,0
101,45,1,2,0,0.1,0,0.2,0.1,0,1,0.5,0.1,0,0
14,46,1,5,0,0.7,0.2,0.4,1,0,1.5,0.9,0.1,0.2,0
19,46,1,1,0,0.2,0,0.1,0.2,0,0.3,0.2,0,0,0
115,47,1,3,0,0,0,0.1,0,0,0.8,1.5,0,0.6,0
111,48,1,2,0,0.1,0,0.2,0.1,0,1,0.5,0.1,0,0
112,48,1,1,0,0,0,0,0,0,0.3,0.5,0,0.2,0
28,49,1,14,1.1,0.7,0.9,2.3,2.6,0,1.4,2,0.7,2.3,0
29,49,1,30,2.5,1.5,1.8,4.9,5.5,0,3.1,4.3,1.5,4.9,0
30,49,1,5,0.4,0.3,0.3,0.8,0.9,0,0.5,0.7,0.3,0.8,0
101,49,1,3,0,0.2,0,0.3,0.2,0,1.5,0.6,0.2,0,0
101,50,1,4,0,0.1,0,0.1,0.6,0,1.6,1.2,0,0.4,0
109,50,1,1,0,0.1,0,0.1,0.1,0,0.5,0.2,0,0,0
14,51,1,2,0.1,0.1,0.1,0.3,0.5,0,0.4,0.3,0.2,0,0
101,51,1,5,0,0.1,0,0.2,0.8,0,2,1.4,0,0.5,0
15,52,1,1,0,0.1,0.1,0.2,0.2,0,0.2,0.1,0.1,0,0
102,52,1,3,0,0.2,0,0.3,0.2,0,1.5,0.6,0.2,0,0
109,52,1,5,0,0.3,0,0.5,0.3,0,2.5,1.1,0.3,0,0
115,52,1,4,0,0.2,0.4,0.4,0.2,0,1.2,1.2,0,0.4,0
116,52,1,14,0,0.7,1.4,1.4,0.7,0,4.2,4.2,0,1.4,0
117,52,1,2,0,0.1,0.2,0.2,0.1,0,0.6,0.6,0,0.2,0
2,54,1,1,0,0.1,0,0.1,0.2,0,0.3,0.2,0,0.1,0
100,55,1,5,0,0.1,0,0.2,0.8,0,2,1.4,0,0.5,0
14,56,1,2,0.1,0.1,0.1,0.3,0.5,0,0.4,0.3,0.2,0,0
17,56,1,1,0,0.1,0.1,0.2,0.2,0,0.2,0.1,0.1,0,0
63,56,1,4,0,0.2,0.4,0,1,0,0,1.6,0,0.8,0
64,56,1,3,0,0.1,0.3,0,0.8,0,0,1.2,0,0.6,0
100,56,1,6,0,0.2,0,0.2,0.9,0,2.4,1.7,0,0.6,0
13,57,1,27,0.7,2,1.5,4.7,6.2,0,5.4,3.6,2.5,0.4,0
16,57,1,1,0,0.1,0.1,0.2,0.2,0,0.2,0.1,0.1,0,0
63,57,1,13,0,0.6,1.3,0,3.3,0,0,5.2,0,2.6,0
95,57,1,3,0,0.1,0,0.1,0.5,0,1.2,0.8,0,0.3,0
100,57,1,8,0,0.2,0,0.2,1.2,0,3.3,2.3,0,0.8,0
2,58,1,2,0,0.1,0,0.3,0.5,0,0.5,0.4,0,0.2,0
11,58,1,20,0,1.2,0,2.9,4.7,0,5.3,3.5,0,2.4,0
12,58,1,13,0.3,1,0.7,2.3,3,0,2.6,1.7,1.2,0.2,0
13,58,1,21.5,0.6,1.6,1.2,3.7,4.9,0,4.3,2.9,2,0.3,0
14,58,1,2,0.1,0.1,0.1,0.3,0.5,0,0.4,0.3,0.2,0,0
96,58,1,1,0,0,0,0,0.2,0,0.4,0.3,0,0.1,0
3,59,1,1,0,0.1,0,0.1,0.2,0,0.3,0.2,0,0.1,0
14,59,1,4,0.1,0.3,0.2,0.7,0.9,0,0.8,0.5,0.4,0.1,0
50,59,1,1,0,0,0,0.1,0.1,0,0.3,0.2,0,0.3,0
51,59,1,28,0,1,1,1.9,3.9,0,6.7,5.8,1,6.7,0
12,60,1,4,0.2,0.2,0.3,0.6,0.8,0.2,0.5,0.7,0.2,0.3,0
51,60,1,4,0,0,0,0.2,0.4,0,0.7,2.1,0.4,0.2,0
52,60,1,8,0,0,0.4,0.8,1.2,0,2,3.2,0,0.4,0
64,60,1,4,0,0.2,0.2,0.5,0.3,0,0.6,1.5,0,0.7,0
65,60,1,5,0,0.3,0.2,0.6,0.4,0,0.8,1.9,0,0.8,0
92,60,1,1,0,0.1,0.1,0,0.3,0,0,0.4,0,0.1,0
95,60,1,2,0,0.1,0.2,0.1,0.6,0,0.1,0.8,0,0.1,0
3,61,1,2,0,0.1,0.2,0.2,0.4,0,0.5,0.5,0,0.1,0
53,61,1,1,0,0,0,0.1,0.2,0,0.2,0.4,0,0.1,0
66,61,1,2.5,0,0.2,0.1,0.3,0.2,0,0.4,0.9,0,0.4,0
95,61,1,6,0,0.5,0.5,0.3,1.8,0,0.3,2.3,0,0.3,0
2,62,1,3,0,0.2,0.3,0.3,0.6,0,0.7,0.7,0,0.2,0
3,62,1,2,0,0.1,0.2,0.2,0.4,0,0.5,0.5,0,0.1,0
91,62,1,9,0.2,0.3,0,1,0.3,0,3.6,1.3,0.3,2,0
92,62,1,2,0,0.1,0.2,0.1,0.6,0,0.1,0.8,0,0.1,0
95,62,1,10,0,0.9,0.9,0.4,3.1,0,0.4,3.9,0,0.4,0
106,62,1,1,0,0,0,0.1,0.2,0,0.2,0.3,0.1,0.1,0
107,62,1,8,0,0.2,0.2,0.5,1.6,0,1.7,2.2,0.7,0.9,0
108,62,1,9,0,0.2,0.2,0.6,1.8,0,1.9,2.5,0.8,1,0
26,63,1,9,0.2,0.4,0.4,1.5,1.1,0.5,0.9,2.2,0.3,1.5,0
66,63,1,1,0,0,0,0.1,0.1,0,0.2,0.4,0,0.2,0
67,63,1,9,0,0.5,0.4,1.1,0.7,0,1.5,3.3,0,1.5,0
107,63,1,3,0,0.1,0.1,0.2,0.6,0,0.6,0.8,0.3,0.3,0
108,63,1,6,0,0.1,0.1,0.4,1.2,0,1.3,1.7,0.5,0.7,0
112,63,1,3,0,0,0,0,1,0,0.2,1,0,0.8,0
113,63,1,1,0,0,0,0,0.3,0,0.1,0.3,0,0.3,0
3,64,1,3,0,0.2,0.3,0.3,0.6,0,0.7,0.7,0,0.2,0
19,64,1,4,0.2,0.2,0.3,0.6,0.8,0.2,0.5,0.7,0.2,0.3,0
25,64,1,40,0.8,1.6,1.7,6.5,4.9,2.5,4.1,9.8,1.6,6.5,0
26,64,0,41.5,1,2.5,1,3,7,0,12,13,0,2,0
67,64,1,1,0,0,0,0.1,0.1,0,0.2,0.4,0,0.2,0
90,64,1,6,0.1,0.2,0,0.7,0.2,0,2.4,0.8,0.2,1.4,0
97,64,1,19,0,1.5,0.8,2.3,4.6,0,5.3,1.5,0.7,2.3,0
98,64,1,6,0,0.5,0.3,0.7,1.4,0,1.7,0.5,0.2,0.7,0
104,64,1,7,0,0.1,0.1,0.5,1.4,0,1.5,2,0.6,0.8,0
105,64,1,6,0,0.1,0.1,0.4,1.2,0,1.3,1.7,0.5,0.7,0
111,64,1,1,0,0,0,0.1,0.2,0,0.2,0.3,0.1,0.1,0
2,65,1,2,0,0.1,0.2,0.2,0.4,0,0.5,0.5,0,0.1,0
3,65,1,21,0,1.4,1.9,1.9,4.2,0,5.1,5.1,0,1.4,0
20,65,1,2,0.1,0.1,0.2,0.3,0.4,0.1,0.2,0.3,0.1,0.2,0
21,65,1,7,0.3,0.3,0.6,1.1,1.4,0.3,0.9,1.2,0.3,0.6,0
25,65,1,15.5,0.5,0.9,1.8,2.7,2,0.7,2.7,2.7,1,0.5,0
26,65,1,6,0.2,0.3,0.7,1,0.8,0.3,1,1.1,0.4,0.2,0
55,65,1,2,0,0,0.1,0.2,0.3,0,0.5,0.8,0,0.1,0
66,65,1,2,0,0.1,0.1,0.3,0.2,0,0.3,0.7,0,0.3,0
87,65,1,2,0,0.1,0,0.2,0.1,0,0.8,0.3,0.1,0.4,0
89,65,1,1,0,0,0,0.1,0.1,0,0.4,0.2,0,0.2,0
90,65,1,14,0.4,0.4,0,1.6,0.4,0,5.6,2,0.4,3.2,0
96,65,1,11,0,0.5,0.7,1.6,2.4,0.5,1.2,3.1,0.5,0.5,0
104,65,1,3,0,0.1,0.1,0.2,0.6,0,0.6,0.8,0.3,0.3,0
105,65,1,1,0,0,0,0.1,0.2,0,0.2,0.3,0.1,0.1,0
3,66,0,45,3,2,1,10,8,0,6,9,3,3,0
25,66,1,8,0.2,0.5,0.9,1.4,1.1,0.4,1.4,1.4,0.5,0.2,0
54,66,1,1,0,0,0,0.1,0.2,0,0.2,0.4,0,0.1,0
61,66,1,5,0,0,0.2,0.5,0.7,0,1.3,2,0,0.3,0
93,66,1,5,0,0.2,0.3,0.8,1.1,0.2,0.6,1.4,0.2,0.2,0
94,66,1,5,0,0.2,0.3,0.8,1.1,0.2,0.6,1.4,0.2,0.2,0
95,66,1,9,0,0.4,0.6,1.4,1.9,0.4,1,2.5,0.4,0.4,0
96,66,1,7,0,0.3,0.4,1.1,1.5,0.3,0.8,2,0.3,0.3,0
3,67,1,2,0,0.1,0.2,0.2,0.4,0,0.5,0.5,0,0.1,0
4,67,1,2,0,0.1,0.2,0.2,0.4,0,0.5,0.5,0,0.1,0
6,67,1,4,0,0.3,0.3,0.3,0.8,0,1,1,0,0.3,0
25,67,1,3,0.1,0.2,0.4,0.5,0.4,0.1,0.5,0.5,0.2,0.1,0
61,67,1,3,0,0,0.1,0.3,0.4,0,0.8,1.2,0,0.2,0
87,67,1,3,0.1,0.1,0,0.3,0.1,0,1.2,0.4,0.1,0.7,0
99,67,1,2,0,0.1,0.2,0.1,0.6,0,0.1,0.8,0,0.1,0
109,67,1,1,0,0,0,0.1,0.2,0,0.2,0.3,0.1,0.1,0
6,68,1,1,0,0.1,0.1,0.1,0.2,0,0.2,0.2,0,0.1,0
23,68,1,2,0.1,0.1,0.2,0.3,0.3,0.1,0.3,0.4,0.1,0.1,0
24,68,1,7,0.2,0.4,0.8,1.2,0.9,0.3,1.2,1.3,0.5,0.2,0
94,68,1,2,0,0.1,0.1,0.3,0.4,0.1,0.2,0.6,0.1,0.1,0
96,68,1,3,0,0.1,0.2,0.5,0.7,0.1,0.3,0.9,0.1,0.1,0
6,69,1,3,0,0.2,0.3,0.3,0.6,0,0.7,0.7,0,0.2,0
22,69,1,11,0.3,0.7,1.3,1.9,1.5,0.5,1.9,1.9,0.7,0.3,0
23,69,1,16,0.5,0.9,1.9,2.8,2.1,0.7,2.8,2.8,1,0.5,0
93,69,1,1,0,0,0.1,0.2,0.2,0,0.1,0.3,0,0.1,0
94,69,1,3,0,0.1,0.2,0.5,0.7,0.1,0.3,0.9,0.1,0.1,0
5,70,1,3,0.2,0,0,0.2,0.2,0,0.3,1.3,0.1,0.7,0
8,70,1,2,0.1,0,0,0.1,0.2,0,0.2,0.9,0.1,0.4,0
22,70,1,9,0.4,0,0,1.3,0.5,0,1.8,3.6,0,1.4,0
23,70,0,28,0,0,3,3,6,2,5,7,1,1,0
45,70,1,3,0,0,0,0.1,0.3,0,0.5,1.6,0.3,0.2,0
46,70,1,2,0,0,0,0.1,0.2,0,0.3,1.1,0.2,0.1,0
108,70,1,9,0,0.5,1.1,1.1,0.5,0,1.6,4.2,0,0,0
109,70,1,6,0,0.3,0.7,0.7,0.4,0,1.1,2.8,0,0,0
1,71,1,1,0.1,0,0,0.1,0.1,0,0.1,0.4,0,0.2,0
9,71,1,2,0.1,0,0,0.1,0.2,0,0.2,0.9,0.1,0.4,0
23,71,1,11,0.5,0,0,1.6,0.6,0,2.2,4.4,0,1.7,0
45,71,1,1,0,0,0,0,0.1,0,0.2,0.5,0.1,0.1,0
60,71,1,12,0.3,0.3,0.7,2.1,1.8,0.7,0.7,1.8,1.1,2.5,0
62,71,1,12,0.2,0.9,0.9,1.6,2.1,0.5,2.3,2.3,0.5,0.7,0
63,71,1,19,0.4,1.5,1.5,2.6,3.3,0.7,3.6,3.6,0.7,1.1,0
0,72,1,2,0.1,0,0,0.1,0.2,0,0.2,0.9,0.1,0.4,0
1,72,1,25,1.4,0,0,1.4,2.1,0,2.8,11.1,0.7,5.5,0
60,72,1,1,0,0,0.1,0.2,0.1,0.1,0.1,0.1,0.1,0.2,0
63,72,1,3,0.1,0.2,0.2,0.4,0.5,0.1,0.6,0.6,0.1,0.2,0
50,73,1,2,0,0,0,0.1,0.2,0,0.3,1.1,0.2,0.1,0
54,73,1,4,0.1,0.1,0.2,0.7,0.6,0.2,0.3,0.6,0.4,0.8,0
56,73,1,2,0.1,0.1,0.1,0.3,0.3,0.1,0.1,0.3,0.2,0.4,0
60,73,1,3,0.1,0.1,0.2,0.5,0.4,0.2,0.2,0.4,0.3,0.6,0
64,73,1,9,0.2,0.7,0.7,1.2,1.6,0.3,1.7,1.7,0.4,0.5,0
67,73,1,1,0,0.1,0.1,0.1,0.2,0,0.2,0.2,0,0.1,0
89,73,1,2,0,0.1,0,0.1,0.4,0,0.5,0.6,0,0.3,0
50,74,1,1,0,0,0,0,0.1,0,0.2,0.5,0.1,0.1,0
56,74,1,2,0.1,0.1,0.1,0.3,0.3,0.1,0.1,0.3,0.2,0.4,0
62,74,1,2,0,0.1,0.2,0.3,0.3,0.1,0.4,0.4,0.1,0.1,0
63,74,1,5,0.1,0.4,0.4,0.7,0.9,0.2,0.9,0.9,0.2,0.3,0
89,74,1,8,0,0.3,0,0.5,1.6,0,1.9,2.4,0,1.3,0
90,74,1,1,0,0,0,0.1,0.2,0,0.2,0.3,0,0.2,0
22,75,1,3,0,0.4,0.2,0.3,0.8,0,0.5,0.4,0.1,0.3,0
63,75,1,1,0,0.1,0.1,0.1,0.2,0,0.2,0.2,0,0.1,0
94,75,1,1,0,0,0.1,0.1,0.1,0,0.2,0.4,0,0.1,0
15,76,1,4,0.2,0.2,0.3,0.6,0.8,0.2,0.5,0.7,0.2,0.3,0
16,76,1,2,0.1,0.1,0.2,0.3,0.4,0.1,0.2,0.3,0.1,0.2,0
20,76,1,15,0.4,2.1,0.8,1.7,3.8,1,1.3,2.9,0.6,0.4,0
22,76,1,8,0.1,1.2,0.5,0.7,2.1,0,1.3,0.9,0.4,0.8,0
59,76,1,4,0.1,0.1,0.2,0.7,0.6,0.2,0.3,0.6,0.4,0.8,0
93,76,1,6,0,0,0.5,0.3,0.8,0,1.4,2.5,0,0.5,0
94,76,0,17,1,0,0,1,8,0,0,4,1,2,0
109,76,1,8,0.3,0.3,0.6,2,2.3,0,0.8,1.1,0,0.6,0
110,76,1,20,0.7,0.7,1.4,5,5.7,0,2.2,2.9,0,1.4,0
16,77,1,1,0,0.1,0.1,0.2,0.2,0,0.1,0.2,0,0.1,0
21,77,1,14,0.4,1.9,0.8,1.5,3.5,1,1.2,2.7,0.6,0.4,0
22,77,1,10,0.1,1.5,0.6,0.9,2.6,0,1.6,1.2,0.5,1,0
59,77,1,1,0,0,0.1,0.2,0.1,0.1,0.1,0.1,0.1,0.2,0
90,77,1,5,0,0.2,0,0.3,1,0,1.2,1.5,0,0.8,0
91,77,1,2,0,0.1,0,0.1,0.4,0,0.5,0.6,0,0.3,0
93,77,1,9,0,0,0.8,0.4,1.2,0,2.1,3.7,0,0.8,0
94,77,1,5,0,0,0.5,0.2,0.7,0,1.1,2,0,0.5,0
95,77,1,1,0,0,0.1,0.1,0.1,0,0.2,0.4,0,0.1,0
104,77,1,1,0,0,0.1,0.1,0.1,0,0.2,0.5,0,0,0
21,78,1,7,0.2,1,0.4,0.8,1.7,0.5,0.6,1.3,0.3,0.2,0
22,78,1,29,0.3,4.2,1.9,2.7,7.4,0,4.7,3.4,1.4,3,0
23,78,1,7,0.1,1,0.5,0.7,1.8,0,1.1,0.8,0.3,0.7,0
59,78,1,5,0.2,0.2,0.3,0.9,0.7,0.3,0.3,0.7,0.4,1,0
104,78,1,1,0,0,0.1,0.1,0.1,0,0.2,0.5,0,0,0
22,79,1,29,0.3,4.2,1.9,2.7,7.4,0,4.7,3.4,1.4,3,0
23,79,0,29,1,2,2,3,3,1,5,7,1,4,0
44,79,1,6,0,0,0,0.3,0.6,0,1,3.2,0.6,0.3,0
88,79,1,3,0,0.1,0,0.2,0.6,0,0.7,0.9,0,0.5,0
89,79,1,9,0,0.3,0,0.6,1.8,0,2.1,2.7,0,1.5,0
22,80,1,18,0.5,3.1,0.5,3.1,3.9,0,1.8,1.8,1.5,1.8,0
23,80,1,16,0.4,2.8,0.5,2.8,3.4,0,1.6,1.6,1.3,1.6,0
44,80,1,8,0.2,0,0.5,1.9,0.7,0.3,0.5,3.2,0,0.7,0
65,80,1,12,0,0.4,0.4,0.4,1.1,0,2.2,4.7,0.3,2.5,0
66,80,1,11,0,0.3,0.4,0.4,1,0,2,4.3,0.3,2.3,0
94,80,1,18,1.6,1.6,1.1,1.6,4.4,0.5,0.6,3.3,0,3.3,0
22,81,1,4,0.1,0.7,0.1,0.7,0.9,0,0.4,0.4,0.3,0.4,0
23,81,0,23,1,1,0,3,4,0,3,6,0,5,0
94,81,1,9,0.8,0.8,0.6,0.8,2.2,0.3,0.3,1.6,0,1.6,0
23,82,1,8.5,0.2,1.5,0.2,1.5,1.8,0,0.8,0.9,0.7,0.9,0
24,82,1,7,0.2,1.2,0.2,1.2,1.5,0,0.7,0.7,0.6,0.7,0
50,82,1,1,0,0,0.1,0.2,0.1,0,0.1,0.4,0,0.1,0
106,82,1,2,0,0.2,0,0.2,0.2,0,0.3,0.6,0.1,0.4,0
23,83,1,8,0.2,1.4,0.2,1.4,1.7,0,0.8,0.8,0.7,0.8,0
24,83,1,4,0.1,0.7,0.1,0.7,0.9,0,0.4,0.4,0.3,0.4,0
30,83,1,1,0.1,0,0,0.1,0.1,0,0.3,0.1,0.1,0.2,0
114,83,1,10,0,0,1.2,0.8,2.3,0,1.9,3.8,0,0,0
25,84,1,4,0.1,0.7,0.1,0.7,0.9,0,0.4,0.4,0.3,0.4,0
28,84,1,1,0.1,0,0,0.1,0.1,0,0.3,0.1,0.1,0.2,0
30,84,1,2,0.1,0,0,0.3,0.3,0.1,0.5,0.2,0.2,0.3,0
61,84,1,4,0.3,0,0,0.3,1.2,0,0.7,0.8,0.2,0.5,0
95,84,1,5,0.5,0.5,0.3,0.5,1.2,0.1,0.1,0.9,0,0.9,0
114,84,1,1,0,0,0.1,0.1,0.2,0,0.2,0.4,0,0,0
26,85,1,5,0.3,0,0,0.8,0.8,0.2,1.3,0.4,0.4,0.8,0
61,85,1,1,0.1,0,0,0.1,0.3,0,0.2,0.2,0,0.1,0
91,85,1,25,0,2.3,2.3,0,6,0,2.3,6.8,1.5,3.8,0
105,85,1,2,0,0.2,0,0.2,0.2,0,0.3,0.6,0.1,0.4,0
60,86,1,6,0.5,0,0,0.5,1.7,0,1,1.3,0.2,0.8,0
91,86,1,2,0,0.2,0.2,0,0.5,0,0.2,0.5,0.1,0.3,0
111,86,1,3,0,0.3,0,0.3,0.3,0,0.4,1,0.1,0.6,0
112,86,1,9,0,0,1,0.7,2.1,0,1.7,3.5,0,0,0
114,86,1,1,0,0,0.1,0.1,0.2,0,0.2,0.4,0,0,0
118,86,1,2,0,0.2,0.1,0.1,0.4,0.1,0.2,0.5,0.1,0.3,0
119,86,1,1,0,0.1,0,0.1,0.2,0,0.1,0.3,0.1,0.1,0
60,87,1,3,0.2,0,0,0.3,0.9,0,0.5,0.6,0.1,0.4,0
93,87,1,2,0.1,0.1,0,0.1,0.4,0,0,0.8,0,0.5,0
94,87,1,2,0.1,0.1,0,0.1,0.4,0,0,0.8,0,0.5,0
109,87,1,1,0,0.1,0,0.1,0.1,0,0.2,0.3,0,0.2,0
110,87,1,1,0,0.1,0,0.1,0.1,0,0.2,0.3,0,0.2,0
114,87,1,5,0,0,0.6,0.4,1.1,0,1,1.9,0,0,0
118,87,0,33,1,2,1,4,6,0,9,9,0,1,0
119,87,1,10,0.2,1.1,0.2,0.7,2.2,0.2,1.1,2.6,0.4,1.3,0
63,88,1,2,0,0,0.1,0.1,0.2,0,0.4,0.8,0,0.4,0
91,88,1,4,0,0.3,0.4,0,1,0,0.4,1.1,0.2,0.6,0
93,88,1,28,0.8,0.9,0,1.7,5.1,0,0,11.9,0,7.6,0
94,88,1,1,0,0,0,0.1,0.2,0,0,0.4,0,0.3,0
97,88,1,1,0.1,0.1,0.1,0.1,0.2,0,0,0.2,0,0.2,0
118,88,1,5,0.1,0.5,0.1,0.3,1.1,0.1,0.6,1.3,0.2,0.7,0
119,88,1,18,0.4,1.9,0.4,1.2,3.9,0.4,2,4.7,0.8,2.3,0
120,88,1,6,0.1,0.6,0.1,0.4,1.3,0.1,0.7,1.6,0.3,0.8,0
125,88,1,4,0,0.2,0.2,0.3,0.8,0,0.5,1.5,0,0.5,0
126,88,1,9,0,0.4,0.4,0.7,1.9,0,1.1,3.4,0,1.1,0
63,89,1,8,0,0.2,0.2,0.3,0.7,0,1.5,3.2,0.2,1.7,0
109,89,1,3,0,0.3,0,0.3,0.3,0,0.4,1,0.1,0.6,0
110,89,1,13,0,1.1,0,1.2,1.5,0,1.9,4.2,0.4,2.7,0
119,89,1,2,0,0.2,0.1,0.1,0.4,0.1,0.2,0.5,0.1,0.3,0
120,89,1,1,0,0.1,0,0.1,0.2,0,0.1,0.3,0.1,0.1,0
121,89,1,1,0,0.1,0,0.1,0.2,0,0.1,0.3,0.1,0.1,0
125,89,0,36,0,3,2,4,8,0,1,8,4,6,0
126,89,1,11,0,0.4,0.5,0.9,2.3,0,1.4,4.1,0,1.4,0
61,90,1,10,0.8,0,0,0.8,2.9,0,1.7,2.1,0.4,1.3,0
62,90,1,6,0.2,0.3,0.1,1.2,0.1,0.4,1.2,1.8,0.4,0.3,0
118,90,1,2,0,0.2,0.1,0.2,0.7,0,0.3,0.2,0.1,0.2,0
88,91,1,3,0,0.2,0,0.3,0.6,0,0.5,1,0.1,0.3,0
89,91,1,20,0,1.5,0,2.1,3.7,0,3,7,0.9,1.8,0
88,92,1,3,0,0.2,0,0.3,0.6,0,0.5,1,0.1,0.3,0
89,92,0,38,0,0,2,3,4,0,5,12,0,12,0
90,92,0,17,0,0,0,5,1,0,2,4,0,5,0
92,92,1,2,0.1,0.1,0.1,0.2,0.4,0,0.3,0.5,0.1,0.2,0
95,92,1,14.5,0.5,0.6,0.6,1.3,3.1,0,2.5,3.7,0.9,1.3,0
96,92,1,6,0.2,0.3,0.3,0.5,1.3,0,1,1.5,0.4,0.5,0
97,92,1,4,0.1,0.2,0.2,0.3,0.9,0,0.7,1,0.3,0.3,0
105,92,1,2,0,0.2,0,0.2,0.2,0,0.3,0.6,0.1,0.4,0
121,92,1,1,0,0.1,0,0.1,0.4,0,0.2,0.1,0,0.1,0
10,93,1,3,0,0,0.2,0,0.2,0,0.8,1.3,0,0.5,0
11,93,1,4,0,0,0.2,0,0.2,0,1.1,1.8,0,0.7,0
65,93,1,14,0.6,0.6,0.3,2.8,0.3,0.8,2.8,4.3,0.9,0.6,0
67,93,0,19,0,1,0,0,1,0,2,9,0,6,0
88,93,1,6,0,0.5,0,0.6,1.1,0,0.9,2.1,0.3,0.5,0
89,93,1,8,0,0.6,0,0.8,1.5,0,1.2,2.8,0.4,0.7,0
90,93,0,17,0,0,0,1,1,0,2,7,0,6,0
11,94,0,20,0,0,1,1,1,0,10,5,0,2,0
12,94,1,2,0.1,0,0,0.3,0.3,0.1,0.5,0.2,0.2,0.3,0
88,94,0,19,0,1,0,1,3,0,1,10,0,3,0
90,94,1,3,0,0.2,0,0.3,0.6,0,0.5,1,0.1,0.3,0
91,94,1,9,0,0.7,0,1,1.6,0,1.4,3.1,0.4,0.8,0
121,94,1,2,0,0.2,0.1,0.2,0.7,0,0.3,0.2,0.1,0.2,0
122,94,1,5,0,0.6,0.1,0.4,1.7,0,0.9,0.6,0.1,0.6,0
12,95,1,7.5,0.4,0,0,1.2,1.2,0.3,2,0.6,0.6,1.2,0
30,95,1,1,0.1,0,0,0.1,0.1,0,0.3,0.1,0.1,0.2,0
110,95,1,4,0,0.3,0,0.4,0.5,0,0.6,1.3,0.1,0.8,0
121,95,1,2,0,0.2,0.1,0.2,0.7,0,0.3,0.2,0.1,0.2,0
127,95,1,3.5,0.1,0.1,0.2,0.3,0.8,0,1.3,0.3,0.1,0.3,0
78,96,1,2,0,0.2,0.2,0,0.5,0,0.2,0.5,0.1,0.3,0
86,96,1,2,0,0.1,0,0.2,0.4,0,0.3,0.7,0.1,0.2,0
110,96,1,1,0,0.1,0,0.1,0.1,0,0.2,0.3,0,0.2,0
111,96,1,2,0,0.2,0,0.2,0.2,0,0.3,0.6,0.1,0.4,0
112,96,1,2,0,0.2,0.1,0.2,0.7,0,0.3,0.2,0.1,0.2,0
115,96,1,5,0,0.6,0.1,0.4,1.7,0,0.9,0.6,0.1,0.6,0
123,96,1,3,0,0.3,0.1,0.3,1,0,0.5,0.3,0.1,0.4,0
124,96,1,4,0,0.4,0.1,0.3,1.4,0,0.7,0.5,0.1,0.5,0
125,96,1,6,0,0.7,0.2,0.5,2,0,1,0.7,0.2,0.7,0
126,96,1,3,0,0.3,0.1,0.3,1,0,0.5,0.3,0.1,0.4,0
26,97,1,2,0.1,0,0,0.3,0.3,0.1,0.5,0.2,0.2,0.3,0
31,97,1,1,0.1,0,0,0.1,0.1,0,0.3,0.1,0.1,0.2,0
67,97,1,2,0.1,0.1,0,0.4,0.1,0.1,0.4,0.6,0.1,0.1,0
84,97,1,5,0,0.4,0,0.5,0.9,0,0.8,1.7,0.2,0.5,0
85,97,1,6,0,0.5,0,0.6,1.1,0,0.9,2.1,0.3,0.5,0
31,98,1,2,0.1,0,0,0.3,0.3,0.1,0.5,0.2,0.2,0.3,0
97,98,1,5,0.2,0.2,0.2,0.4,1.1,0,0.9,1.3,0.3,0.4,0
101,98,1,1,0,0,0,0.1,0.2,0,0.2,0.3,0.1,0.1,0
29,99,1,1,0.1,0,0,0.1,0.1,0,0.3,0.1,0.1,0.2,0
44,99,1,3,0.1,0,0.2,0.7,0.2,0.1,0.2,1.2,0,0.3,0
67,99,1,5,0.2,0.2,0.1,1,0.1,0.3,1,1.6,0.3,0.2,0
68,99,1,16,0.6,0.6,0.3,3.3,0.3,1,3.3,4.9,1,0.7,0
71,99,1,6,0.2,0.3,0.1,1.2,0.1,0.4,1.2,1.8,0.4,0.3,0
90,99,1,1,0,0.1,0,0.1,0.2,0,0.2,0.3,0,0.1,0
94,99,1,6,0.2,0.3,0.3,0.5,1.3,0,1,1.5,0.4,0.5,0
96,99,1,5,0.2,0.2,0.2,0.4,1.1,0,0.9,1.3,0.3,0.4,0
97,99,1,1,0,0,0,0.1,0.2,0,0.2,0.3,0.1,0.1,0
100,99,1,2,0.1,0.1,0.1,0.2,0.4,0,0.3,0.5,0.1,0.2,0
0,100,1,1,0,0,0,0,0.1,0,0.3,0.4,0,0.2,0
1,100,1,3,0,0,0.2,0,0.2,0,0.8,1.3,0,0.5,0
39,100,1,3,0.1,0,0.2,0.7,0.2,0.1,0.2,1.2,0,0.3,0
42,100,1,1,0,0,0.1,0.2,0.1,0,0.1,0.4,0,0.1,0
43,100,1,1,0,0,0.1,0.2,0.1,0,0.1,0.4,0,0.1,0
66,100,1,4,0,0.2,0.2,0.5,0.4,0.1,0.8,1.1,0.2,0.5,0
67,100,1,14,0,0.8,0.8,1.8,1.5,0.3,2.6,4,0.5,1.7,0
68,100,1,19,0,1.1,1.1,2.5,2,0.4,3.6,5.4,0.7,2.2,0
69,100,1,2,0,0.1,0.1,0.3,0.2,0,0.4,0.6,0.1,0.2,0
70,100,1,1,0,0.1,0.1,0.1,0.1,0,0.2,0.3,0,0.1,0
71,100,1,13,0,0.8,0.8,1.7,1.4,0.3,2.4,3.7,0.4,1.5,0
72,100,1,1,0,0.1,0,0.1,0.2,0,0.1,0.3,0.1,0.1,0
85,100,1,5,0,0.3,0,0.2,0.6,0,0.8,2.1,0,1,0
89,100,1,1,0,0.1,0,0,0.1,0,0.2,0.4,0,0.2,0
90,100,1,6,0,0.4,0,0.3,0.7,0,1,2.5,0,1.1,0
91,100,1,1,0,0.1,0,0,0.1,0,0.2,0.4,0,0.2,0
92,100,1,2,0,0.1,0.1,0.1,0.3,0.1,0.6,0.3,0.1,0.3,0
39,101,1,4,0.1,0,0.2,1,0.4,0.1,0.2,1.6,0,0.4,0
67,101,1,5,0,0.3,0.3,0.7,0.5,0.1,0.9,1.4,0.2,0.6,0
69,101,1,3,0,0.2,0.2,0.4,0.3,0.1,0.6,0.8,0.1,0.3,0
70,101,1,6,0,0.4,0.4,0.8,0.6,0.1,1.1,1.7,0.2,0.7,0
71,101,1,3,0,0.2,0.2,0.4,0.3,0.1,0.6,0.8,0.1,0.3,0
72,101,1,3,0.1,0.2,0,0.3,0.5,0,0.4,0.8,0.2,0.5,0
85,101,1,4,0,0.2,0,0.2,0.5,0,0.7,1.6,0,0.8,0
89,101,1,2,0,0.1,0,0.1,0.3,0,0.3,0.8,0,0.4,0
27,102,1,1,0,0,0,0.1,0.2,0,0.1,0.4,0.1,0.1,0
28,102,1,1,0,0,0,0.1,0.2,0,0.1,0.4,0.1,0.1,0
67,102,1,5,0,0.3,0.3,0.7,0.5,0.1,0.9,1.4,0.2,0.6,0
71,102,1,2,0,0.1,0.1,0.3,0.2,0,0.4,0.6,0.1,0.2,0
91,102,1,1,0,0.1,0,0,0.1,0,0.2,0.4,0,0.2,0
94,103,1,10,0,0.2,0.4,0.6,1.7,0.4,2.9,1.7,0.6,1.5,0
111,103,1,3,0,0.2,0,0.2,0.4,0,0.7,0.9,0,0.6,0
112,103,1,6,0.2,0,0.3,0.7,0.7,0,1.6,1.1,0.2,1.2,0
113,103,1,28,0.8,0,1.6,3.1,3.1,0,7.8,5.4,0.8,5.4,0
26,104,1,1,0,0,0,0.1,0.2,0,0.1,0.4,0.1,0.1,0
27,104,1,11,0,0.5,0,1.6,1.6,0,0.7,4.4,1.1,1.1,0
87,104,1,6,0,0.4,0,0.3,0.7,0,1,2.5,0,1.1,0
88,104,0,14,0,0,1,0,2,1,3,4,0,3,0
89,104,1,11.5,0,0.7,0,0.6,1.4,0,1.9,4.7,0,2.2,0
95,104,1,2,0,0.1,0.1,0.1,0.3,0.1,0.6,0.3,0.1,0.3,0
24,105,1,5,0,0.2,0,0.7,0.8,0,0.3,2,0.5,0.5,0
25,105,1,1,0,0,0,0.1,0.2,0,0.1,0.4,0.1,0.1,0
26,105,1,7,0,0.3,0,1,1,0,0.5,2.8,0.7,0.7,0
43,105,1,1,0,0,0.1,0.2,0.1,0,0.1,0.4,0,0.1,0
87,105,1,2,0,0.1,0,0.1,0.3,0,0.3,0.8,0,0.4,0
94,105,1,8,0,0.2,0.4,0.5,1.3,0.3,2.3,1.3,0.5,1.2,0
95,105,1,13,0,0.3,0.5,0.8,2.2,0.5,3.8,2.2,0.8,1.9,0
109,105,1,1,0,0.1,0,0.1,0.1,0,0.2,0.3,0,0.2,0
14,106,1,2,0,0,0.2,0.1,0.2,0,0.1,0.9,0,0.5,0
25,106,1,6,0,0.2,0,0.9,0.9,0,0.4,2.4,0.6,0.6,0
26,106,1,5,0,0.2,0,0.7,0.8,0,0.3,2,0.5,0.5,0
46,106,1,1,0,0,0.1,0.2,0.1,0,0.1,0.4,0,0.1,0
94,106,1,13,0,0.3,0.5,0.8,2.2,0.5,3.8,2.2,0.8,1.9,0
110,106,1,10,0,0.6,0,0.6,1.3,0,2.5,3.1,0,1.9,0
111,106,1,2,0,0.1,0,0.1,0.3,0,0.5,0.6,0,0.4,0
14,107,1,4,0,0,0.4,0.2,0.4,0,0.2,1.9,0,0.9,0
15,107,0,30,0,1,1,5,5,0,4,4,1,9,0
16,107,1,9,0,0,0.9,0.4,0.9,0,0.4,4.3,0,2.1,0
62,107,1,1,0,0.1,0.1,0.1,0.1,0,0.2,0.3,0,0.1,0
63,107,1,7,0,0.4,0.4,0.9,0.7,0.2,1.3,2,0.3,0.8,0
112,107,1,1,0,0,0,0.1,0.1,0,0.3,0.3,0,0.2,0
113,107,0,22,0,0,0,2,2,0,3,8,2,5,0
114,107,1,12,0,0,0.3,1.6,1.6,0.2,3.2,3.2,0,1.9,0
115,107,1,1,0,0,0,0.1,0.1,0,0.3,0.3,0,0.2,0
14,108,1,4,0,0,0.4,0.2,0.4,0,0.2,1.9,0,0.9,0
25,108,1,1,0,0,0,0.1,0.2,0,0.1,0.4,0.1,0.1,0
112,108,1,5,0,0,0.1,0.7,0.7,0.1,1.3,1.3,0,0.8,0
113,108,1,14.5,0,0,0.4,1.9,1.9,0.2,3.9,3.9,0,2.3,0
114,108,0,21.5,0,0,0,5,3,0.5,6,6,0,1,0
115,108,1,1,0,0,0,0.1,0.1,0,0.3,0.3,0,0.2,0
116,108,1,3,0,0,0.1,0.4,0.4,0,0.8,0.8,0,0.5,0
14,109,1,2,0,0,0.2,0.1,0.2,0,0.1,0.9,0,0.5,0
26,109,1,4,0,0.2,0,0.6,0.6,0,0.2,1.6,0.4,0.4,0
27,109,1,1,0,0,0,0.1,0.2,0,0.1,0.4,0.1,0.1,0
86,109,1,2,0,0.1,0,0.1,0.3,0,0.3,0.8,0,0.4,0
120,109,1,2,0.1,0,0.1,0.2,0.2,0,0.5,0.4,0.1,0.4,0
122,109,1,1,0,0.1,0,0.2,0.1,0,0.3,0.2,0,0.1,0
123,109,1,27,0.7,1.5,0,4.4,1.5,0.7,8.7,6.6,0,2.9,0
61,110,1,1,0,0.1,0,0.2,0.2,0,0.2,0.2,0.1,0,0
62,110,1,9,0.3,0,0.6,1.4,1.4,0,1.5,2.6,0,1.2,0
64,110,1,2,0.1,0,0.1,0.3,0.3,0,0.3,0.6,0,0.3,0
86,110,1,7,0.6,0.5,0,0.8,1.5,0,0.8,2,0,0.8,0
87,110,1,1,0.1,0,0,0.1,0.2,0,0.2,0.3,0,0.1,0
120,110,1,3,0.1,0.1,0,0.5,0.2,0.1,1,0.7,0,0.3,0
121,110,1,2,0.1,0.1,0,0.3,0.1,0.1,0.6,0.5,0,0.2,0
122,110,1,2,0.1,0,0.2,0.3,0.3,0,0.2,0.5,0.2,0.2,0
123,110,1,2,0.1,0,0.2,0.3,0.3,0,0.2,0.5,0.2,0.2,0
63,111,1,1,0,0,0.1,0.1,0.2,0,0.2,0.3,0,0.1,0
65,111,1,1,0,0,0.1,0.1,0.2,0,0.2,0.3,0,0.1,0
86,111,1,14,1.3,1,0,1.6,3,0,1.6,3.9,0,1.6,0
87,111,1,19.5,1.4,0.5,0,2.8,2.8,0.2,2.8,6.1,0.5,2.4,0
88,111,1,3,0.2,0.1,0,0.4,0.4,0,0.4,1,0.1,0.4,0
28,112,1,9,0,0.9,0.6,1.6,1.1,0.2,2.3,1.7,0,0.6,0
29,112,0,92,3,10,5,16,17,1,17,12,5,6,0
30,112,1,13,0,1.3,0.9,2.2,1.6,0.2,3.4,2.5,0,0.9,0
59,112,1,14,0,1.1,0.5,2.1,2.6,0,3.1,3.1,1,0.5,0
60,112,1,8,0,0.6,0.3,1.2,1.5,0,1.7,1.8,0.6,0.3,0
66,112,1,1,0,0,0.1,0.1,0.2,0,0.2,0.3,0,0.1,0
85,112,1,3,0.3,0.2,0,0.3,0.6,0,0.4,0.8,0,0.4,0
86,112,1,16,1.5,1.1,0,1.8,3.3,0,1.9,4.5,0,1.9,0
87,112,1,2,0.1,0.1,0,0.3,0.3,0,0.3,0.6,0.1,0.2,0
89,112,1,10,0.7,0.2,0,1.5,1.5,0.1,1.5,3.1,0.2,1.2,0
121,112,1,2,0.1,0.1,0,0.3,0.1,0.1,0.6,0.5,0,0.2,0
28,113,0,27.5,2,3.5,1,3,8,0,2,4,0,4,0
29,113,0,51,0,3,3,3,7,0,14,11,0,10,0
30,113,0,25,0,4,1,4,4,0,4,4,1,3,0
32,113,1,1,0,0,0.1,0.2,0.1,0,0.1,0.4,0,0.1,0
59,113,1,2,0,0.2,0.1,0.3,0.4,0,0.4,0.4,0.1,0.1,0
60,113,0,20,0,1,1,1,2,0,6,6,0,3,0
61,113,1,2,0,0.2,0.1,0.3,0.4,0,0.4,0.4,0.1,0.1,0
65,113,1,8,0.3,0,0.5,1.3,1.3,0,1.3,2.3,0,1,0
86,113,1,3,0.3,0.2,0,0.3,0.6,0,0.4,0.8,0,0.4,0
26,114,1,4,0,0.5,0.4,0.4,1.5,0.3,0.3,0.4,0.1,0.1,0
28,114,1,18,0,1.9,1.2,3.1,2.2,0.3,4.7,3.4,0,1.2,0
29,114,0,17,0,1,1,0,2,0,3,10,0,0,0
30,114,1,18,0,1.9,1.2,3.1,2.2,0.3,4.7,3.4,0,1.2,0
74,114,1,6,0.3,0.4,0.1,0.5,1,0,0.9,1.5,0.4,0.9,0
87,114,1,6,0.4,0.1,0,0.9,0.9,0.1,0.9,1.9,0.1,0.7,0
98,114,1,4,0,0,0.3,0.5,0.3,0.2,0.6,1.5,0.3,0.3,0
26,115,1,2,0,0.2,0.2,0.2,0.8,0.1,0.1,0.2,0.1,0.1,0
28,115,0,72.5,0,7.5,9,6,16,0,13,13,2,6,0
29,115,0,25,0,0,0,2,3,0,7,8,2,3,0
30,115,1,8,0.3,0.4,0.5,1.2,1.2,0.1,1.2,2.2,0.4,0.5,0
69,115,1,4,0.1,0,0.3,0.6,0.6,0,0.7,1.2,0,0.5,0
73,115,1,7,0.3,0.4,0.1,0.6,1.2,0,1.1,1.8,0.4,1.1,0
74,115,1,8,0.4,0.5,0.1,0.7,1.3,0,1.2,2.1,0.5,1.2,0
92,115,1,6,0,0,0.5,0.7,0.5,0.2,0.9,2.3,0.4,0.5,0
94,115,1,1,0,0,0.1,0.1,0.1,0,0.1,0.4,0.1,0.1,0
104,115,1,18,0,1.5,0.9,1.2,4.3,0.3,3.1,5.2,0.9,0.6,0
105,115,1,4,0,0.3,0.2,0.3,0.9,0.1,0.7,1.2,0.2,0.1,0
26,116,1,25,0,3.3,2.4,2.4,9.7,1.6,1.6,2.4,0.8,0.8,0
27,116,0,52,5,5,1,7,12,0,9,5,2,6,0
28,116,1,19,0.7,0.9,1.3,2.9,2.7,0.4,2.8,5.3,0.9,1.1,0
29,116,0,30,0,3,2,3,4,0,8,6,0,4,0
30,116,1,19,0.7,0.9,1.3,2.9,2.7,0.4,2.8,5.3,0.9,1.1,0
68,116,1,3,0.1,0,0.2,0.5,0.5,0,0.5,0.8,0,0.4,0
69,116,1,1,0,0,0.1,0.1,0.2,0,0.2,0.3,0,0.1,0
72,116,1,6,0.3,0.4,0.1,0.5,1,0,0.9,1.5,0.4,0.9,0
73,116,1,10,0.5,0.6,0.1,0.9,1.7,0,1.5,2.6,0.6,1.5,0
74,116,1,7,0.3,0.4,0.1,0.6,1.2,0,1.1,1.8,0.4,1.1,0
91,116,1,8,0.4,0,0.2,1.4,1.4,0.5,1.8,1.6,0.2,0.5,0
94,116,1,8,0,0,0.6,0.9,0.6,0.3,1.3,3.1,0.6,0.6,0
95,116,1,3,0,0,0.2,0.4,0.2,0.1,0.5,1.2,0.2,0.2,0
104,116,1,3,0,0.3,0.2,0.2,0.7,0,0.5,0.9,0.1,0.1,0
106,116,1,4,0,0.3,0.2,0.3,0.9,0.1,0.7,1.2,0.2,0.1,0
27,117,1,7,0.3,0.3,0.5,1.1,1,0.1,1,2,0.3,0.4,0
29,117,1,16,0.6,0.8,1.1,2.5,2.3,0.3,2.3,4.4,0.8,0.9,0
30,117,0,30,3,0,1,4,5,1,4,3,4,5,0
68,117,1,1,0,0,0.1,0.1,0.2,0,0.2,0.3,0,0.1,0
74,117,1,9,0.4,0.6,0.1,0.8,1.5,0,1.4,2.3,0.5,1.4,0
94,117,1,3,0,0,0.2,0.4,0.2,0.1,0.5,1.2,0.2,0.2,0
106,117,1,8,0,0.7,0.4,0.5,1.9,0.1,1.4,2.3,0.4,0.3,0
107,117,1,5,0,0.4,0.3,0.3,1.2,0.1,0.8,1.4,0.3,0.2,0
12,118,1,4,0,0.2,0,0.6,0.6,0,0.2,1.6,0.4,0.4,0
28,118,1,4,0.1,0.2,0.3,0.6,0.6,0.1,0.6,1.1,0.2,0.2,0
30,118,1,28,1.1,1.4,1.9,4.3,4,0.5,4,7.8,1.4,1.6,0
45,118,1,2,0,0,0.1,0.5,0.2,0.1,0.1,0.8,0,0.2,0
74,118,1,4,0.2,0.2,0.1,0.4,0.7,0,0.6,1,0.2,0.6,0
89,118,1,20,1.1,0,0.6,3.4,3.4,1.1,4.6,4,0.6,1.2,0
90,118,1,7,0.4,0,0.2,1.2,1.2,0.4,1.6,1.4,0.2,0.4,0
96,118,1,1,0,0,0.1,0.1,0.1,0,0.1,0.4,0.1,0.1,0
105,118,1,14,0,1.2,0.7,1,3.3,0.2,2.4,4,0.7,0.5,0
106,118,1,3,0,0.3,0.2,0.2,0.7,0,0.5,0.9,0.1,0.1,0
28,119,1,3,0.1,0.2,0.2,0.5,0.4,0.1,0.4,0.8,0.1,0.2,0
44,119,1,6,0.2,0,0.4,1.4,0.5,0.2,0.4,2.4,0,0.5,0
46,119,1,1,0,0,0.1,0.2,0.1,0,0.1,0.4,0,0.1,0
78,119,1,4,0.2,0.2,0.1,0.4,0.7,0,0.6,1,0.2,0.6,0
79,119,1,1,0,0.1,0,0.1,0.2,0,0.1,0.3,0.1,0.1,0
28,120,1,4,0.1,0.2,0.1,0.1,1.5,0,0.6,0.9,0.5,0,0
29,120,1,3,0.1,0.2,0.1,0.1,1.1,0,0.4,0.7,0.3,0,0
37,120,1,4,0,0,0,0,1.1,0,1.3,0.5,0,1.1,0
38,120,1,1,0,0,0,0,0.3,0,0.3,0.1,0,0.3,0
58,120,1,1,0,0.1,0,0.2,0.2,0,0.1,0.2,0.1,0.1,0
78,120,1,3,0.3,0,0.1,0.3,0.5,0.1,0.5,0.8,0,0.4,0
90,120,1,1,0,0.1,0,0.1,0.2,0,0.2,0.1,0.1,0.2,0
27,121,1,4,0.1,0.2,0.1,0.1,1.5,0,0.6,0.9,0.5,0,0
28,121,1,5,0.1,0.3,0.1,0.2,1.9,0,0.7,1.1,0.6,0,0
58,121,1,1,0,0.1,0,0.2,0.2,0,0.1,0.2,0.1,0.1,0
60,121,1,3,0.1,0.2,0,0.5,0.6,0.1,0.4,0.7,0.3,0.1,0
90,121,1,7,0.2,0.5,0.1,0.9,1.3,0.1,1.2,0.9,0.4,1.4,0
91,121,1,5,0.2,0.3,0.1,0.6,1,0.1,0.9,0.6,0.2,1,0
98,121,1,2,0,0.1,0.1,0.2,0.3,0,0.2,0.5,0.2,0.4,0
121,121,1,7,0,0,0,2,0.5,0,2,1,0.2,1.3,0
17,122,1,2,0.1,0.1,0.1,0.3,0.4,0.1,0.3,0.4,0.1,0.1,0
27,122,1,6,0.2,0.3,0.2,0.2,2.2,0,0.8,1.4,0.7,0,0
56,122,1,2,0.1,0.2,0,0.3,0.4,0.1,0.2,0.4,0.2,0.1,0
57,122,1,9,0.3,0.7,0.1,1.4,2,0.2,1.1,2,0.9,0.3,0
58,122,1,8,0.3,0.7,0.1,1.2,1.7,0.2,1,1.7,0.8,0.3,0
59,122,1,2,0.1,0.2,0,0.3,0.4,0.1,0.2,0.4,0.2,0.1,0
60,122,1,11.5,0.4,0.9,0.2,1.8,2.5,0.3,1.4,2.5,1.1,0.4,0
62,122,1,1,0,0.1,0.1,0.1,0.3,0,0.1,0.2,0,0.1,0
76,122,1,4,0,0.3,0,0,0.6,0,0.6,2,0.1,0.4,0
77,122,1,5,0.5,0,0.2,0.5,0.8,0.2,0.8,1.4,0,0.6,0
79,122,1,1,0.1,0,0,0.1,0.2,0,0.2,0.3,0,0.1,0
88,122,1,2,0.1,0.1,0,0.2,0.4,0,0.4,0.3,0.1,0.4,0
105,122,1,2,0,0.1,0.1,0.2,0.3,0,0.2,0.5,0.2,0.4,0
121,122,1,17,0,0,0,4.9,1.2,0,4.9,2.4,0.6,3,0
122,122,0,57,0,2,7,6,10,0,10,9,1,12,0
123,122,1,1,0,0.3,0,0.3,0.1,0,0,0.3,0,0,0
0,123,1,6,0.1,0.9,0.6,0.1,1.2,0,1.2,1.4,0.1,0.4,0
11,123,1,2,0,0.2,0.1,0.2,0.5,0,0.2,0.6,0.1,0.1,0
12,123,1,6,0.3,0.3,0.3,0.8,1.3,0.4,0.8,1,0.4,0.4,0
13,123,1,4,0.2,0.2,0.2,0.5,0.9,0.2,0.5,0.7,0.3,0.3,0
57,123,1,10,0.3,0.8,0.1,1.5,2.2,0.3,1.2,2.2,1,0.4,0
58,123,1,21,0.7,1.7,0.3,3.2,4.6,0.6,2.5,4.6,2.1,0.7,0
59,123,1,7,0.2,0.6,0.1,1.1,1.5,0.2,0.8,1.5,0.7,0.3,0
61,123,1,16,0.6,1.3,0.2,2.4,3.5,0.4,1.9,3.5,1.6,0.6,0
62,123,1,9,0,0.5,0.7,1,2.7,0.2,0.8,2,0.4,0.7,0
77,123,1,19,1.7,0,0.9,1.8,3.1,0.9,3.1,5.3,0,2.2,0
78,123,1,13,1.2,0,0.6,1.2,2.1,0.6,2.1,3.7,0,1.5,0
105,123,1,3,0,0.2,0.1,0.2,0.5,0,0.2,0.8,0.4,0.6,0
122,123,0,24,0,0,0,1,3,1,9,8,0,2,0
123,123,1,15.5,0,4.1,0,4.4,1.9,0,0,3.8,0.6,0.7,0
124,123,1,4,0,1,0,1.1,0.5,0,0,1,0.2,0.2,0
3,124,1,21,0,0,0.8,0.8,0.8,0,7.3,9.7,0,1.6,0
4,124,0,25,0,1,0,4,4,0,3,10,0,3,0
5,124,1,5,0,0,0.2,0.2,0.2,0,1.7,2.3,0,0.4,0
25,124,1,2,0.1,0.1,0.1,0.1,0.7,0,0.3,0.4,0.2,0,0
27,124,1,3,0.1,0.2,0.1,0.1,1.1,0,0.4,0.7,0.3,0,0
58,124,1,1,0,0.1,0,0.2,0.2,0,0.1,0.2,0.1,0.1,0
59,124,1,13,0.5,1.1,0.2,2,2.8,0.3,1.5,2.8,1.3,0.5,0
60,124,1,2,0.1,0.2,0,0.3,0.4,0.1,0.2,0.4,0.2,0.1,0
61,124,1,3,0.1,0.2,0,0.5,0.6,0.1,0.4,0.7,0.3,0.1,0
62,124,1,8.5,0,0.5,0.6,1,2.5,0.2,0.8,1.9,0.4,0.6,0
77,124,0,21,1,0,1,3,3,1,5,6,0,1,0
78,124,1,2,0.2,0,0.1,0.2,0.3,0.1,0.3,0.6,0,0.2,0
98,124,1,2,0,0.1,0.1,0.2,0.3,0,0.2,0.5,0.2,0.4,0
105,124,1,15,0,1.1,0.6,1.2,2.3,0,1.2,4,1.7,2.9,0
120,124,1,1,0,0,0,0.3,0.1,0,0.3,0.1,0,0.2,0
121,124,1,3,0,0,0,0.9,0.2,0,0.9,0.4,0.1,0.5,0
123,124,1,1,0,0.3,0,0.3,0.1,0,0,0.3,0,0,0
124,124,1,3,0,0.8,0,0.9,0.4,0,0,0.7,0.1,0.1,0
127,124,1,1,0,0,0.1,0.1,0.1,0,0.3,0.2,0.1,0.1,0
0,125,1,7,0.1,1,0.7,0.2,1.4,0,1.4,1.6,0.2,0.4,0
3,125,1,4,0.1,0.3,0.2,0.4,1,0.1,0.4,1.1,0.1,0.3,0
4,125,1,18,0.4,1.7,0.8,1.7,4.6,0.4,1.7,5,0.4,1.3,0
5,125,1,19,0.4,1.8,0.9,1.8,4.9,0.4,1.8,5.3,0.4,1.3,0
24,125,1,1,0,0.2,0,0.1,0.2,0,0.1,0.3,0.1,0,0
25,125,1,2,0.1,0.3,0,0.3,0.4,0,0.2,0.6,0.1,0,0
26,125,1,6,0.2,1,0,0.9,1.4,0,0.5,1.7,0.3,0,0
58,125,1,2,0.1,0.2,0,0.4,0.4,0,0.3,0.3,0.1,0.2,0
60,125,1,23,0.8,2.4,0.6,4.3,4.3,0.6,3.9,3.1,0.8,2.2,0
61,125,1,10,0.3,1.1,0.3,1.8,1.9,0.3,1.7,1.3,0.3,1,0
73,125,1,4,0,0.3,0,0,0.6,0,0.6,2,0.1,0.4,0
74,125,1,2,0,0.1,0,0,0.3,0,0.3,1,0.1,0.2,0
76,125,1,1,0,0.1,0,0,0.1,0,0.2,0.5,0,0.1,0
77,125,1,1,0,0.1,0,0,0.1,0,0.2,0.5,0,0.1,0
26,126,1,2,0.1,0.3,0,0.3,0.4,0,0.2,0.6,0.1,0,0
27,126,1,2,0.1,0.1,0.1,0.1,0.7,0,0.3,0.4,0.2,0,0
28,126,1,6,0.2,0.3,0.2,0.2,2.2,0,0.8,1.4,0.7,0,0
59,126,1,3,0.1,0.3,0.1,0.5,0.6,0.1,0.5,0.4,0.1,0.3,0
60,126,1,17,0.6,1.8,0.4,3.2,3.2,0.4,2.9,2.3,0.6,1.6,0
61,126,1,25,0.9,2.7,0.7,4.6,4.6,0.7,4.2,3.3,0.9,2.4,0
62,126,1,1,0,0.1,0.1,0.1,0.3,0,0.1,0.2,0,0.1,0
73,126,1,6,0,0.4,0,0,0.9,0,0.9,3,0.2,0.6,0
12,127,1,2,0.1,0.1,0.1,0.3,0.4,0.1,0.3,0.4,0.1,0.1,0
16,127,1,1,0,0,0.1,0.1,0.2,0.1,0.1,0.2,0.1,0.1,0
25,127,1,2,0.1,0.3,0,0.3,0.4,0,0.2,0.6,0.1,0,0
26,127,1,5,0.2,0.9,0,0.7,1.1,0,0.4,1.4,0.3,0,0
60,127,0,32,1,4,4,5,5,1,2,1,6,3,0
61,127,1,7,0.2,0.7,0.2,1.3,1.3,0.2,1.2,0.9,0.3,0.7,0
67,127,1,29,1.9,2.6,2.6,5.2,7.7,1.3,0.6,4.5,1.9,0.7,0
68,127,1,12,0.8,1,1.1,2.1,3.2,0.5,0.3,1.9,0.8,0.3,0
