x,y,ind2015,ind_snv2015,ind2017,ind_snv2017,ind2019,ind_snv2019
0,14,3,49571.5,2,37713.6,0,0
0,15,3,49571.5,3,56570.4,3,62064.8
0,19,0,0,0,0,2,37250.7
0,57,27,460276.8,25,447057.6,21.5,414739.8
0,58,6,102283.7,6,107293.8,8,154321.8
0,62,6,102725.2,7,121917.5,6,112760.3
0,63,24,410900.8,23,400586.2,19,357074.4
0,69,7,123711.8,8,141894.2,2,39546.6
0,104,16,278003.2,15,270008.9,10,212615.1
1,10,0,0,0,0,2,41376.6
1,15,4,66095.3,4,75427.2,4,82753.1
1,19,1,19646.8,1,20182.3,1,18625.4
1,20,2,39293.7,2,40364.6,2,37250.7
1,30,4,79550.6,4,92519.6,4,95846.2
1,39,2,41717.5,2,37557.2,2,36586.4
1,52,4,83803.7,5,108363.4,5,113854.6
1,62,5,85604.3,3,52250.4,3,56380.2
1,63,7,119846.1,6,104500.7,6,112760.3
1,64,2,34241.7,3,52250.4,2,37586.8
1,68,5,88365.6,5,88683.9,0,0
1,69,2,35346.2,2,35473.6,2,39546.6
1,70,3,53019.3,3,53210.3,3,59319.9
2,9,4,66095.3,6,113140.9,0,0
2,13,0,0,1,18856.8,1,20688.3
2,14,2,33047.7,2,37713.6,2,41376.6
2,16,3,58940.5,3,60546.8,3,55876.1
2,20,3,58940.5,2,40364.6,2,37250.7
2,39,7,146011.2,7,131450.4,8,146345.6
2,40,1,20858.7,1,18778.6,3,54879.6
2,51,4,83803.7,4,86690.7,4,91083.7
2,68,0,0,0,0,5,98866.4
2,70,4,70692.5,3,53210.3,3,59319.9
2,127,3,54911.7,3,65366.7,2,38374.4
3,5,2,31121.8,2,34385.6,2,35474.5
3,6,2,33047.7,2,37713.6,6,124129.7
3,10,0,0,0,0,3,62064.8
3,16,0,0,0,0,5,93126.8
3,17,3,58940.5,5,100911.4,1,18625.4
3,18,5,98234.2,7,141275.9,4,74501.4
3,51,4,83803.7,4,86690.7,6,136625.5
4,4,3,68192.5,4,101083.2,4,93655.5
4,6,5,100397.9,4,101083.2,0,0
4,10,4,80318.4,4,101083.2,4,87746.1
4,14,4,80318.4,4,101083.2,0,0
4,15,0,0,0,0,4,87746.1
4,17,15,284155.7,13,284694.7,13,303760.1
4,18,36,703377.4,40,805462.5,35,746543.8
4,19,4,75774.9,4,87598.4,10,233661.7
4,28,2,43032.8,0,0,0,0
4,29,0,0,3,68508.9,2,41150.1
4,34,10,203528.6,11,238056.2,8,164449
4,35,4,81411.4,3,64924.4,3,61668.4
4,40,3,58025.7,4,92578.3,4,82434.3
4,42,23,420867.4,24,463703.2,24,460099.5
4,43,9,164687.2,6,115925.8,6,115024.9
4,51,4,67938.9,4,77035.6,0,0
4,53,8,135877.8,8,154071.1,8,185586.6
4,111,5,79829.6,4,74806.2,5,87647
5,15,8,160636.7,8,202166.3,10,219365.3
5,16,14,265212,16,350393.5,20,467323.3
5,17,40,910940.9,36,818660.3,49,975441.8
5,18,42,885584.1,35,734534.8,36,763602.1
5,30,0,0,0,0,1,20575
5,33,21,427410.1,22,476112.4,26,534459.3
5,34,11,223881.5,11,238056.2,18,370010.3
5,42,7,128090.1,7,135246.8,6,115024.9
5,51,0,0,0,0,3,69595
5,70,0,0,2,41761.5,2,44031.3
5,71,2,37130.9,0,0,0,0
5,74,2,37130.9,3,62642.2,3,66047
5,77,0,0,0,0,4,91149.9
5,111,9,143693.3,9,168314,9,157764.6
6,16,33,723765.7,30,612319.4,29,547129
6,17,42,779602.2,46,935479.8,36,737729.6
6,18,13,246268.3,14,306594.3,13,303760.1
6,19,2,37887.4,2,43799.2,2,46732.3
6,30,13.5,290471.6,14.5,331126.4,15.5,318913
6,31,9,183175.8,9,194773.2,12,246673.5
6,33,47,908437.9,53.5,1128893.7,46.5,1082643.2
6,34,3,61058.6,4,86565.9,4,82224.5
6,42,1,18298.6,1,19321,0,0
6,72,3,55696.4,3,62642.2,3,66047
6,111,0,0,2,37403.1,2,35058.8
7,16,16,303099.4,17,372293.1,17,397224.8
7,30,2,43032.8,5,114181.5,6,123450.2
7,31,17,345998.6,13,281339.1,24,493347.1
7,32,21,427410.1,22,476112.4,21,431678.7
7,33,37,824968.4,36,790536.3,27.5,553413.3
7,34,4,81411.4,2,43282.9,2,41112.3
7,50,2,33969.5,2,38517.8,2,46396.7
7,74,2,37130.9,2,41761.5,1,22015.7
7,111,2,31931.9,0,0,0,0
7,125,3,54528.4,3,62063.7,2,40930.9
7,126,0,0,0,0,1,20465.5
8,31,14,284940.1,13,281339.1,14,287785.8
8,32,29,544168,29,561639.2,39,777562.4
8,33,15,305292.9,11,238056.2,6,123336.8
8,50,4,67938.9,3,57776.7,3,69595
8,51,14,237786.2,15,288883.3,15,347974.9
8,63,12,214788.2,12,208440.8,11,231390.3
8,73,0,0,1,20880.7,1,22015.7
8,74,2,37130.9,2,41761.5,2,44031.3
8,125,4,72704.5,8,165503.1,7,143258.2
8,126,3,54528.4,4,82751.6,4,81861.8
8,127,2,36352.3,2,41375.8,2,40930.9
9,12,2,40159.2,2,44300.1,0,0
9,31,40,722892.3,39,724861,34.5,686622.5
9,32,16,344262.6,17,388217.2,15,308625.5
9,56,1,21228.7,0,0,0,0
9,57,8,169829.5,13,277041.2,13,294662.5
9,63,3,53697,3,52110.2,3,63106.5
9,71,1,18565.5,1,20880.7,0,0
9,73,31,498038.4,32,533284,29,536194.9
9,74,11,204220.2,11,229688.2,8,176125.2
9,86,0,0,3,62903.9,0,0
9,126,1,18176.1,1,20687.9,0,0
10,12,5,100397.9,4,88600.2,5,109682.7
10,13,11,220875.5,5,110750.3,11,241301.9
10,31,22,473361.1,22,502398.7,26,572687.6
10,32,6,129098.5,7,159854.1,5,102875.2
10,39,0,0,1,23144.6,0,0
10,40,16,309470.2,11,254590.3,15,309128.7
10,41,4,77367.6,4,92578.3,8,164868.6
10,53,1,16984.7,1,19258.9,0,0
10,54,5,84923.6,6,115553.3,5,115991.6
10,56,9,191058.2,9,191797.8,8,181330.8
10,57,20,424573.8,19,404906.4,16,362661.6
10,64,12,214788.2,14,243181,15,315532.3
10,65,4,71596.1,4,69480.3,4,84141.9
10,66,4,74261.9,4,83523,4,88062.6
10,72,22.5,417723,21.5,448936,25,550391.3
10,73,54,1012974.7,53.5,1100529.5,43,868936.5
10,74,15,278482,13,271449.7,15,330234.8
10,75,5,92827.3,5,104403.7,3,66047
10,87,3,55130.8,0,0,0,0
11,12,7,140557.1,7,155050.4,4,87746.1
11,13,14,281114.2,14,310100.7,12,263238.4
11,16,2,37887.4,2,43799.2,2,46732.3
11,31,4,86065.7,4,91345.2,3,61725.1
11,39,2,38683.8,3,69433.7,2,41217.2
11,40,12,232102.7,8,185156.6,10,206085.8
11,54,4,67938.9,4,77035.6,0,0
11,56,1,21228.7,1,21310.9,1,22666.3
11,57,5,106143.5,4,85243.5,4,90665.4
11,63,2,35798,2,34740.1,2,42071
11,64,7,125293.1,8,138960.5,7,147248.4
11,72,2,37130.9,2,41761.5,2,44031.3
11,73,5,92827.3,4,83523,6,132093.9
11,74,4,74261.9,4,83523,4,88062.6
12,13,10,200795.9,9,199350.5,16,350984.6
12,14,3,60238.8,8,177200.4,5,109682.7
12,15,4,80318.4,0,0,4,87746.1
12,23,4,75774.9,3,65698.8,4,93464.7
12,54,0,0,0,0,4,92793.3
12,58,8,169829.5,5,106554.3,1,22666.3
12,59,0,0,1,21310.9,0,0
12,72,7,129958.3,7,146165.2,7,154109.6
12,73,17,315613,10,208807.4,10,220156.5
12,82,3,55359.8,3,64021.8,3,68362.4
12,83,2,36906.5,2,42681.2,1,22787.5
12,86,9,165392.5,10,209679.6,5,107611.9
12,87,2.5,45942.4,1,20968,1,21522.4
12,120,8,168793.7,9,186191,8,163723.7
12,121,2,36352.3,2,41375.8,2,40930.9
13,24,1,18943.7,0,0,1,23366.2
13,56,1,21228.7,1,21310.9,1,22666.3
13,58,10,212286.9,8,170486.9,13,294662.5
13,59,0,0,0,0,1,22666.3
13,73,12,222785.6,6,125284.5,6,132093.9
13,74,0,0,3,62642.2,3,66047
13,85,8.5,156852.7,8.5,181395.2,7.5,170906.1
13,86,18,330785,18,377423.2,18,387403
13,87,1,18376.9,1,20968,1,21522.4
13,101,0,0,1,18701.6,4,70117.6
13,102,4,63863.7,0,0,0,0
13,108,2,31931.9,2,37403.1,2,35058.8
13,111,2,31931.9,2,37403.1,2,35058.8
13,115,6,95795.6,5,93507.8,6,105176.4
13,116,3,63297.6,3,62063.7,3,61396.4
13,118,1,21099.2,2.5,51719.7,2.5,51163.6
13,119,4,84396.8,1.5,31031.8,2,40930.9
13,120,3,63297.6,4,82751.6,4,81861.8
13,121,2,36352.3,2,41375.8,2,40930.9
14,22,5,102034.1,5,105194.2,5,110053.6
14,24,3,61220.4,2,42077.7,2,44021.4
14,58,8,172969.3,8,179047.3,8,189717.5
14,59,5,108105.8,7,156666.4,4,94858.8
14,85,4,73813,4,85362.5,4,91149.9
14,86,1,14966.9,1,17260,1,18215.4
14,101,4,83218.8,4,78267.9,4,90685.8
14,105,13,270461,11,215236.7,13,294728.9
14,112,3,55225.7,3,59464.6,2,42485.5
14,113,70.5,1282440.2,69.5,1356554.9,65,1293353.7
14,114,86,1908807.7,75,1644090.7,73,1648301.3
14,115,54,1013902.2,53,1110809,41,823316
14,116,9,216708.5,8,165009.2,8,177821.7
14,122,4,87565,4,82052.7,4,96914.1
15,51,3,56034.5,2,40145.6,2,44311.1
15,55,4,74712.7,3,60218.3,3,66466.7
15,59,0,0,0,0,3,71144.1
15,89,23,344237.7,23,396979.1,18,327876.9
15,105,15,312070.4,18,392622.2,16,362743.3
15,106,27,432190.2,25,441234.9,21,317009.6
15,107,8,140771,7,137280.5,8,160778.8
15,110,1,17596.4,1,19611.5,2,40194.7
15,111,11,202494.3,9,178393.7,11,233670
15,112,14,257720.1,13,257679.9,11,233670
15,113,45,786847.8,41,699939.1,50.5,924010.7
15,114,24,442408.2,28,525736,26,399622.1
15,115,29,540853.6,20,359723.1,34,675044.3
15,116,20,439636.7,20,437660.3,19,422326.5
15,118,1,24078.7,1,20626.2,1,22227.7
16,50,8,149425.4,9,180655,7,155088.9
16,51,13,242816.3,13,260946.2,11,243711.1
16,52,0,0,0,0,4,88622.2
16,55,0,0,1,20072.8,1,22155.6
16,58,0,0,0,0,2,47429.4
16,59,2,43242.3,2,44761.8,0,0
16,89,2,29933.7,3,51779.9,3,54646.1
16,105,19,390849.5,14,273937.6,13,294728.9
16,106,24,425964.6,24,544037.9,28,504902.3
16,107,1,17596.4,1,19611.5,1,20097.3
16,108,4,70385.5,4,78446,0,0
16,109,4,70385.5,4,78446,4,80389.4
16,110,30,527891.4,28,540784.8,24,482336.3
16,111,19,349762.9,19,376609,15,318640.9
16,112,33,753881.6,32,729441.7,38,810615.9
16,113,8,147268.6,6,118929.2,9,191184.5
16,114,7,128860,7,138750.7,7,148699.1
16,115,3,55225.7,3,59464.6,1,21242.7
16,116,14,337102.1,12,247513.9,8,177821.7
17,1,4,85327.5,3,64826.2,4,85158.7
17,2,21,447969.4,20,432174.9,14,298055.6
17,33,6,124247,10,215122.1,6,129397
17,34,7,144954.8,3,64536.6,3,64698.5
17,50,0,0,0,0,1,22155.6
17,56,7,151348.1,7,156666.4,7,166002.8
17,58,4,86484.6,8,179047.3,8,189717.5
17,78,4,73813,4,85362.5,4,91149.9
17,105,4,83218.8,1,19567,1,22671.5
17,106,2,35192.8,4,78446,4,80389.4
17,116,4,96314.9,4,82504.6,4,88910.8
18,1,14.5,309312.2,15.5,334935.6,17.5,372569.5
18,2,3,63995.6,3,64826.2,3,63869.1
18,32,2,41415.7,2,43024.4,2,43132.3
18,33,21,434864.4,17,365707.5,20,431323.3
18,56,1,21621.2,1,22380.9,1,23714.7
18,104,3,62414.1,7,136968.8,7,158700.2
19,0,5,113654.2,5,112866.3,5,117069.4
19,1,4,90923.3,4,90293,4,93655.5
19,3,19,431885.8,19,428891.8,13,304380.5
19,74,5,99153.9,3,57029.9,3,55378.4
19,75,3,59492.4,9,171089.8,2,36918.9
19,76,4,73813,0,0,4,91149.9
19,103,4,83218.8,4,78267.9,3,68014.4
19,116,2,43782.5,2,41026.3,2,48457.1
20,59,4,74089.9,4,76022.5,4,77113.9
20,75,6,118984.7,7,133069.9,6,110756.8
20,76,4,73813,4,85362.5,4,91149.9
20,100,6,124828.2,5,97834.9,5,113357.3
20,101,1,20804.7,1,19567,1,22671.5
20,117,7,153238.8,8,164105.3,8,193828.2
21,20,5,102034.1,5,105194.2,5,110053.6
21,21,16,326509,17,357660.4,14,308150.1
21,22,6,122440.9,6,126233.1,5,110053.6
21,85,1,18453.3,1,21340.6,0,0
21,101,10,208046.9,9,176102.7,9,204043.1
21,119,2,43782.5,0,0,3,72685.6
21,122,2,43782.5,2,41026.3,2,48457.1
21,127,6,109056.8,5,103439.4,6,122792.7
22,21,40,796582.6,35,653593.4,34.5,748352.2
22,22,4,81627.2,4,84155.4,4,88042.9
22,119,0,0,2,41026.3,0,0
22,122,7,153238.8,5,102565.8,3,72685.6
23,20,5,102034.1,5,105194.2,7,154075
23,21,35,654084.6,38,698011,39,675672.5
23,58,86,1592933.4,76,1444427.9,83.5,1609752.9
23,59,4,74089.9,4,76022.5,4,77113.9
23,66,7,138815.5,7,133069.9,6,110756.8
23,75,2,39661.6,2,38020,2,36918.9
23,82,2,36906.5,2,42681.2,2,45575
23,90,5,74834.3,5,86299.8,5,91076.9
23,122,3,65673.8,4,82052.7,3,72685.6
23,123,7,153238.8,5,102565.8,7,169599.7
24,21,2,39446.7,2,38059.9,0,0
24,22,2,39446.7,2,38059.9,6,126195.9
24,55,4,83225.6,1,25217.1,1,22376.3
24,56,29,605615.8,29,629727.2,28,629994
24,57,1,20883.3,1,21714.7,1,22499.8
24,58,36,844861.2,33,773080.8,37,926216.9
24,59,11,229716.3,11,238862,9,202498.1
24,60,3,62649.9,3,65144.2,2,44999.6
24,66,8,164171.2,8,164352.6,8,162834
24,67,2,41042.8,2,41088.2,3,61062.8
24,76,4,67684.9,4,67667.6,4,73132.6
24,82,1,16921.2,3,50750.7,1,18283.2
25,47,9,211897.7,10,247588.2,8,187054.6
25,55,47,881342,55,1037431.7,41.5,751425.4
25,56,33,566406.9,29,554857.9,28,626480.7
25,57,30,599135.1,29,629763.7,31,842237.7
25,58,55,1353737.5,49,1163319.5,37.5,896423.2
25,59,1,20883.3,0,0,7,157498.5
25,60,10,208833,14,304006.2,14,314997
25,66,16,328342.4,20,389873.8,13,264605.3
25,67,22,453695,17,349249.4,13,264605.3
25,80,0,0,1,16916.9,1,18283.2
25,81,0,0,2,33833.8,2,36566.3
25,82,16,270739.5,13,219919.7,14,255964.2
26,35,2,39446.7,2,38059.9,0,0
26,36,41,817199.3,41,854557.4,41,878075.2
26,46,6,141265.2,6,148552.9,4,93527.3
26,47,5,117721,3,74276.5,5,116909.1
26,55,41,733877.3,46,863263.8,44,895396.6
26,56,38,654366,35,656311.9,27,564112.3
26,57,30,716914,34,679553.7,35,811816.3
26,58,20,417666.1,19,412579.9,23,468429.8
26,59,49,1114350.2,48,1079849.1,39,918211.6
26,65,2,39935.2,2,40639.4,2,41337.9
26,80,1,16921.2,0,0,0,0
26,81,6,101527.3,6,101501.4,8,146265.3
26,82,10,169212.2,8,135335.2,5,91415.8
26,87,18,334790.4,17,323499.1,15,289533.9
26,88,3,55798.4,4,76117.4,3,57906.8
27,19,2,39446.7,2,38059.9,2,42065.3
27,36,55,1124163.9,49,964725,47,1063799.5
27,37,3,59795.1,2,41685.7,9,183692.7
27,54,6,124838.3,6,151302.5,8,179010.6
27,55,6,124838.3,8,201736.6,8,179010.6
27,56,32,679333.5,31,590243.5,27,542077.8
27,57,9,187949.7,10,217147.3,8,179998.3
27,58,9,187949.7,7,152003.1,9,202498.1
27,59,42,982888.8,48,1004577.8,45,1038814.4
27,60,20,417666.1,17,369150.4,20,449995.7
27,87,10,185994.6,10,190293.6,11,212324.9
27,88,5,92997.3,5,95146.8,5,96511.3
28,36,45,848757,43,836095.8,44,959222.9
28,37,27,510564.1,20,320074.7,13,265333.9
28,38,15,298975.3,16,333485.8,18,367385.4
28,39,2,39863.4,2,41685.7,2,40820.6
28,54,8,166451.1,8,201736.6,9,201387
28,55,8,166451.1,6,151302.5,4,89505.3
28,56,18,375899.5,16,347435.7,23,517495
28,58,16,334132.9,14,304006.2,16,359996.6
28,59,38,926049,35,822652.6,34,820546.9
28,60,12.5,261041.3,9,195432.6,12,269997.4
28,76,9,152291,6,101501.4,5,91415.8
29,12,11,250153.4,16.5,401942.5,11,259439.4
29,13,3,68223.6,4,97440.6,4,94341.6
29,18,14,276127.2,12,228359.3,12,252391.9
29,19,1,19723.4,3,57089.8,2,42065.3
29,33,4,78893.5,4,76119.8,4,84130.6
29,35,10,197233.7,8,152239.6,8,168261.2
29,36,63,1301632.2,63,1364659.4,57,1217330.1
29,37,48.5,982876.8,46,965422.4,51,1194232.4
29,38,21,371777.5,20,385715.3,18,370170.6
29,54,4,94176.8,4,99035.3,4,93527.3
29,56,11,219643.7,15,304795.6,14,289365.2
29,59,8,159740.8,8,162557.6,7,144682.6
29,60,7,139773.2,5,101598.5,4,82675.8
29,61,1,19967.6,1,20319.7,2,41337.9
29,62,0,0,1,20319.7,0,0
29,86,2,30934.1,2,37174.7,2,36999.4
29,87,10,154670.4,12,223048.1,7,129498.1
30,11,3,68223.6,3,73080.5,3,70756.2
30,12,35,711192.3,28,549375.4,30,645307.9
30,13,2,45482.4,2,48720.3,1,23585.4
30,18,2,39446.7,2,38059.9,2,42065.3
30,37,1,17703.7,1,19285.8,1,20565
30,38,9,159333.2,9,173571.9,9,185085.3
30,63,6,119805.6,6,121918.2,10,206689.4
30,86,2,30934.1,2,37174.7,4,73998.9
30,87,14,216538.5,12,223048.1,15,277495.9
31,11,14.5,329747.6,12.5,304501.9,14,330195.5
31,12,2,45482.4,0,0,0,0
31,13,2,45482.4,1,24360.2,0,0
31,43,12,212444.3,11,212143.4,14,287910.5
31,51,1,23544.2,1,24758.8,1,23381.8
31,56,1,19967.6,1,20319.7,1,20668.9
31,63,4,79870.4,3,60959.1,2,41337.9
31,76,1,16921.2,1,16916.9,1,18283.2
31,77,7,118448.5,5,84584.5,6,109699
31,86,4,61868.2,4,74349.4,4,73998.9
31,109,3,47619.6,3,55839.4,3,58403.3
32,42,1,17703.7,1,19285.8,1,20565
32,43,10,177036.9,10,192857.6,10,205650.3
32,51,1,23544.2,2,49517.6,1,23381.8
33,56,1,19967.6,1,20319.7,0,0
34,16,4,69102.8,4,71465.1,3,57838.2
34,42,6,115025.9,5,98565.4,3,62438.6
34,43,21,402590.7,14,275983,14,291380
34,44,3,57513,4,78852.3,4,83251.4
34,52,2,31972.6,0,0,0,0
34,104,1,15873.2,1,18613.1,1,19467.8
35,16,28.5,668545.6,29,708439.8,29,675091.7
35,17,4,69102.8,4,71465.1,4,77117.6
35,42,3,57513,3,59139.2,3,62438.6
35,43,17,325906.8,18,354835.3,21,380334.7
35,44,2,38342,3,59139.2,5,104064.3
35,63,3,52664.1,2,38337.8,2,34929.9
35,64,3,52664.1,4,76675.6,3,52394.9
35,104,3,47619.6,3,55839.4,2,38935.5
36,13,1,20165.8,0,0,0,0
36,14,4,80663.2,4,84902.7,4,92174.5
36,15,8,161326.4,8,169805.5,4,92174.5
36,16,33,570097.7,32,571721.2,32,616940.7
36,17,2,34551.4,7.5,133997.2,6.5,125316.1
36,42,1,19171,1,19713.1,0,0
36,43,3,57513,7,137991.5,8,166502.9
36,62,2,35109.4,2,38337.8,2,34929.9
37,12,1,20165.8,1,21225.7,1,23043.6
37,13,33,665471.5,29,615544.8,25,576090.6
37,14,3,60497.4,3,63677,4,92174.5
37,15,16,322652.8,15,318385.2,21,483916.1
37,16,1,17275.7,1,17866.3,1,19279.4
37,36,6,95917.9,6,105846.4,6,104161.4
37,41,4,76683.9,4,78852.3,4,83251.4
37,63,4,70218.8,4,76675.6,4,69859.9
37,80,6,101619.4,9,161089.1,8,153978.6
37,81,9,152429.2,8,144990.6,11.5,256990.3
37,98,3,47619.6,3,55839.4,0,0
37,99,0,0,0,0,3,58403.3
37,107,4,63492.7,5,93065.7,4,77871
37,108,5,79365.9,5,93065.7,6,116806.6
38,13,20,403316.1,18,382062.3,14,322610.7
38,53,1,15986.3,0,0,0,0
38,54,2,31972.6,2,35282.1,2,34720.5
38,57,1,17554.7,1,18268.3,1,17465
38,62,2,35109.4,2,38337.8,1,17465
38,63,8,140437.7,11,210857.9,10,174649.7
38,64,9,157992.4,12,230026.8,10,174649.7
38,80,10,169365.7,9,161089.1,11,211720.5
38,81,0,0,0,0,4,89387.9
38,82,5,84682.9,4,72495.3,0,0
38,99,3,47619.6,3,55839.4,3,58403.3
38,108,1,15873.2,1,18613.1,1,19467.8
39,14,4,80838.6,2,43235.3,1,22429.7
39,31,22,433914.1,22,418658.8,23,483751.1
39,54,13,207822,15,264616,13,225683
39,63,4,72019.9,4,73073.4,0,0
39,64,9,162044.7,11,200951.8,11,217552.1
39,90,4,67746.3,3,54371.5,2,44694
39,91,0,0,0,0,5,111734.9
40,5,1,20453.8,1,21273.1,10,199693
40,6,7,141467.5,11,237794.2,9,201867.6
40,14,4,80838.6,4,86470.6,3,67289.2
40,30,4,78893.5,0,0,0,0
40,54,1,15986.3,1,17641.1,1,17360.2
40,63,1,18005,1,18268.3,1,19777.5
40,70,2,41042.8,1,20544.1,1,20354.3
40,91,9,152429.2,9,163114.5,4,89387.9
41,4,14.5,296579.7,17.5,372278.5,18.5,369432.1
41,5,29,593159.5,27,574372.6,22,439324.7
41,6,15,303144.7,15,324264.8,9,201867.6
41,49,2,31972.6,2,35282.1,2,34720.5
41,57,3,52664.1,3,54805,3,52394.9
41,62,8,144039.8,7,127878.4,7,138442.3
41,63,6,108029.8,4,73073.4,5,98887.3
41,64,6,108029.8,7,127878.4,13,257107.1
41,66,2,41042.8,2,41088.2,2,40708.5
41,115,2,31746.4,2,37226.3,2,38935.5
42,6,0,0,0,0,3,67289.2
42,62,2,36009.9,2,36536.7,2,39554.9
42,63,2,36009.9,4,73073.4,4,79109.9
42,88,5,84682.9,4,72495.3,5,111734.9
42,89,1,16936.6,1,18123.8,0,0
42,95,3,50809.7,2,36247.7,2,44694
42,106,2,31746.4,2,37226.3,2,38935.5
42,120,4,71314.6,4,84297.4,5,114213.3
42,121,3,53486,2,42148.7,2,45685.3
43,74,2,41042.8,2,41088.2,2,40708.5
43,75,5,102607,4,82176.3,5,101771.3
43,105,5,79365.9,2,37226.3,5,97338.8
43,106,9,142858.7,9,167518.2,4,77871
44,12,2,46560.4,2,45300.5,2,49122.3
44,13,6,139681.3,5,113251.3,4,98244.6
44,24,4,78371.3,2,39591.7,2,36997.5
44,35,4,69876.6,8,149587.3,9,161179.4
44,36,7,123200.2,8,148915.4,8,165473.8
45,12,6,139681.3,6,135901.6,0,0
45,13,4,93120.9,3,67950.8,12,294733.9
45,24,23,469399.3,20,395916.6,25,564262.6
45,25,0,0,3,59387.5,3,55496.2
45,35,0,0,0,0,3,53726.5
45,36,3,52800.1,3,55843.3,3,62052.7
45,45,3,52800.1,3,55843.3,3,62052.7
45,46,5,108649.6,3,62525.9,2,42580.5
45,54,4,86919.7,4,83367.9,0,0
45,55,0,0,0,0,4,85161.1
45,56,17,274782.3,17,275757.8,24,399836.7
45,57,1,16163.7,1,16221.1,1,19285.9
45,93,6,101893.1,5,94870.5,4,84241.1
45,95,1,16982.2,1,18974.1,1,21060.3
46,12,12,279362.7,13,294453.5,21,515784.4
46,13,31,610766.6,28,606574.8,27,677526.4
46,24,4,78371.3,4,79183.3,2,36997.5
46,32,2,34938.3,1,18698.4,0,0
46,36,4,70400.1,4,74457.7,4,82736.9
46,56,21,339437,22,356863.1,18,347146.2
46,57,8,129309.3,6,97326.3,5,96429.5
46,72,4,82977.3,4,86396.2,4,86667.9
47,0,18,448467,22,495051.3,22,492225.5
47,1,34,1018255.6,34,1073393.3,35,1047429.5
47,2,6,155554.1,4,103988.3,4,105570.5
47,3,18,466662.2,18,467947.4,17,448674.7
47,11,6,139681.3,5,113251.3,5,122805.8
47,12,37,714466,34,630542.3,26,552273.8
47,13,36,682601.5,42,928801.6,34.5,798817.3
47,72,2,41488.6,2,43198.1,2,43334
47,87,2,33964.4,2,37948.2,2,42120.6
47,99,4,72194.2,4,83849.2,2,38909.2
47,117,2,36169.3,3,59250.9,3,56223.8
47,119,2,36169.3,2,39500.6,2,37482.5
48,0,13,310003.9,15.5,379334.5,6,159969.1
48,1,19,492587.8,16,415953.3,17,448674.7
48,2,68,1370463.8,71,1453991,65,1435030.6
48,3,80,1903193.1,82,2039115.5,78,1882033.3
48,8,1,21866.4,1,22581.6,1,22311.5
48,9,7,153065,7,158071.3,5,111557.7
48,11,9,209522,9,203852.4,6,147367
48,12,3,69840.7,3,67950.8,4,98244.6
48,13,25.5,593645.7,31.5,713483.5,42,859828.8
48,14,3,69840.7,3,67950.8,3,73683.5
48,20,2,38130.8,4,74160.1,6,107816.5
48,21,15,293892.4,14,277141.6,9.5,175738
48,22,15,293892.4,12,237550,11,203486.1
48,87,4,67928.8,3,56922.3,3,63180.9
48,98,4,72194.2,4,83849.2,4,77818.5
48,99,6,108291.3,6,125773.8,6,116727.7
48,105,1,18048.5,1,20962.3,3,58363.8
49,1,6,147866.6,4,100237.8,4,107423.6
49,2,28.5,804988.8,31,901149.8,29,895361.4
49,3,7,172511,7,175416.2,8.5,228275.2
49,8,7,153065,7,158071.3,6,133869.2
49,9,38,837503.8,30,732027.4,31,744714.6
49,19,22,448480.4,25,509913.2,23,504871.6
49,20,17.5,356745.8,21.5,438525.4,27,592675.4
49,21,5,95327.1,7,129780.2,5,89847.1
49,23,4,76261.6,4,74160.1,4,71877.7
49,24,8,152523.3,8,148320.2,7,125786
49,46,5,108649.6,5,104209.8,4,85161.1
49,47,5,108649.6,5,104209.8,7,149031.9
49,96,3,48138.4,3,50101.4,8,155636.9
49,126,1,18084.6,1,19750.3,1,18741.3
50,1,8,197155.5,5,125297.3,5,134279.5
50,2,11,271088.8,9,225535.1,10,268559.1
50,8,4,87465.7,7,158071.3,9,200803.8
50,9,19,415462.1,16,361305.7,15,334673
50,10,4,87465.7,6,135489.7,10,223115.3
50,15,1,21866.4,1,22581.6,1,22311.5
50,19,4,81541.9,4,81586.1,0,0
50,23,5,95327.1,5,92700.1,5,89847.1
50,24,2,38130.8,2,37080,2,35938.8
50,26,4,69876.6,4,74793.7,4,71635.3
50,28,3,52407.4,3,56095.2,3,53726.5
50,34,1,17469.1,1,18698.4,1,17908.8
50,95,4,67928.8,4,75896.4,3,63180.9
50,96,18,288830.6,17,283908,12,233455.4
51,1,10,246444.3,14,350832.4,12,322270.9
51,2,2,49288.9,2,50118.9,2,53711.8
51,9,28,612260,25,564540.2,25.5,568944
51,17,4,81541.9,4,81586.1,1,21950.9
51,25,9,171588.7,9,166860.2,10,179694.2
51,27,1,17469.1,1,18698.4,0,0
51,28,7,122284,8,149587.3,8,143270.5
51,34,2,34938.3,2,37396.8,4,71635.3
51,35,5,87345.7,3,56095.2,0,0
51,44,2,33248,2,35172.2,2,37152.7
51,45,6,99744,6,105516.7,5,92881.8
51,47,17,369408.5,14,291787.5,14,298063.8
51,98,7,112323,7,116903.3,0,0
52,0,5,114397,12,284409.8,4,91548.2
52,1,17,418955.4,26,651546,30,805677.2
52,3,1,24644.4,0,0,0,0
52,38,2,35200.1,2,37228.8,2,41368.4
52,44,29,482096.1,32,562756,23.5,436544.6
52,45,40.5,825458.4,43.5,907030.3,45,977092.6
52,46,17,369408.5,18.5,385576.3,22,465625.8
52,47,11,239029,13,270945.5,11,234193
52,64,3,71292.7,3,73794.7,2,47982.2
52,65,12,285171,9,221384.2,8,191928.6
52,101,10,180485.5,11,230585.3,11,214000.7
53,2,7,172511,7,175416.2,7,187991.3
53,12,1,21866.4,0,0,0,0
53,16,8,163083.8,8,163172.2,9,197558.5
53,38,4,70400.1,4,74457.7,4,82736.9
53,39,2,35200.1,2,37228.8,2,41368.4
53,44,5,83120,4,70344.5,5,92881.8
53,45,47,857986.9,45,848252.6,53,1001974.7
53,46,32,604257.3,32,573043.8,32,652307.6
53,47,41,727011.1,32,629563.5,41,803214.8
53,64,12,285171,10,245982.4,13,311884.1
53,66,5,103721.6,5,107995.3,4,86667.9
53,97,1,16046.1,1,16700.5,1,19454.6
53,102,3,54145.6,3,62886.9,2,38909.2
53,124,0,0,0,0,2,37482.5
54,0,2,58250.5,2,57260.1,2,59059.5
54,15,4,85785.5,4,90422.7,2,46643.2
54,16,15,341647.5,14,357514.8,12,319895.4
54,45,29,496718.7,36,586211.6,43,826554.7
54,46,0,0,1,19707.9,1,19124.6
54,47,5,89481.7,5,98539.4,4,76498.4
54,124,1,18084.6,1,19750.3,1,18741.3
55,7,6,128678.3,6,135634.1,6,139929.7
55,15,22,493482.8,24,542354,34,696862.4
55,16,17,387200.5,16,408588.4,15,399869.2
55,82,4,83880.7,3,65857,2,45422
56,3,4,75074.8,6,110805.7,6,117384.6
56,4,3,56306.1,2,36935.2,2,39128.2
56,11,5,107231.9,5,113028.4,5,116608.1
56,16,29,568083.8,29,689894.2,31,766428.6
56,17,6,136659,5,127683.9,5,133289.7
56,90,5,84910.9,7,132818.7,7,147422
57,0,1,29125.3,1,28630,1,29529.7
57,3,2,37537.4,2,36935.2,2,39128.2
57,9,3,64339.1,3,67817,2,46643.2
57,10,3,64339.1,2,45211.4,2,46643.2
57,11,16,343142.1,16,361690.9,14,326502.6
57,13,1,21446.4,5,113028.4,5,116608.1
57,16,2,45553,2,51073.5,2,53315.9
57,29,3,66999.7,2,46962.8,2,45239
57,45,1,17128.2,1,16283.7,1,19222.2
57,46,2,35792.7,2,39415.8,2,38249.2
57,47,4,71585.4,4,78831.6,3,57373.8
57,73,4,82977.3,4,86396.2,4,86667.9
57,74,6,124465.9,5,107995.3,5,108334.9
57,83,1,20970.2,1,21952.3,1,22711
57,90,14,237750.6,12,227689.2,12,252723.4
57,101,2,27557.7,2,30178.1,2,30265.7
57,102,3,41336.5,2,30178.1,2,30265.7
58,3,104.5,1961330.3,112.5,2077606.2,112.5,2200962
58,4,4,75074.8,5,92338.1,3,58692.3
58,5,3,56306.1,3,55402.8,3,58692.3
58,10,5,107231.9,4,90422.7,4,93286.5
58,11,2,42892.8,2,45211.4,2,46643.2
58,14,7,150124.7,10,226056.8,10,233216.2
58,29,12,267998.6,12,281776.6,11,248814.3
58,45,4,68512.9,5,81418.3,5,96111
58,46,16,286341.6,18,354742,15,286869
58,47,13.5,241600.7,14.5,285764.4,13.5,258182.1
58,56,3,50052.8,3,58601.8,3,54796.3
58,60,0,0,3,58601.8,0,0
58,61,3,50052.8,3,58601.8,1,18265.4
58,102,2,27557.7,2,30178.1,2,30265.7
58,103,2,27557.7,1,15089.1,1,15132.9
58,104,1,13778.8,1,15089.1,1,15132.9
58,122,2,36169.3,2,39500.6,3,56223.8
58,123,2,36169.3,2,39500.6,1,18741.3
59,2,16,347239.7,16,351774.3,14,335376.9
59,3,66,1769020,55,1539687.5,57,1599224.3
59,4,27,591572.5,22,539779.2,24,613118.6
59,5,6,130214.9,7,153901.3,7,167688.4
59,6,2,44061.5,2,44744.4,2,48066.7
59,27,0,0,0,0,3,67858.4
59,28,5,111666.1,5,117406.9,2,45239
59,29,15,334998.3,13,305258,13,294053.3
59,46,1,17896.3,1,19707.9,0,0
59,47,4,71585.4,4,78831.6,4,76498.4
59,56,6,100105.5,7,136737.5,8,146123.4
59,60,7,116789.8,7,136737.5,10,182654.2
59,61,31,517212,27.5,537182.8,29,529697.2
59,82,4,83880.7,4,87809.4,3,68133.1
59,83,6,125821.1,6,131714.1,9,204399.2
59,84,7,146791.3,4,87809.4,1,22711
60,2,25,828309.5,24,662453.4,23,747374.2
60,3,30,746017.7,41.5,1099379,40,1024203.4
60,4,30,775405.3,32,806422.2,35,882337
60,5,66,1357856.3,62,1260206.6,55,1219218.8
60,6,0,0,0,0,1,24033.4
60,38,2,45693.3,1,23613.2,1,24499.6
60,39,1,22846.7,1,23613.2,1,24499.6
60,73,3,62233,2,43198.1,2,43334
60,83,6,125821.1,6,131714.1,4,90844.1
60,84,42,743288.4,52.5,1024151.8,62.5,1206291.6
60,85,5,104850.9,7,153666.4,6,136266.1
60,99,3.5,48225.9,3.5,52811.7,3.5,52965
60,100,3,41336.5,3,45267.2,4,60531.5
60,127,2,29017.6,2,36796,2,37482.5
61,1,195,2987416.8,192,3014585.9,199.5,3473645.2
61,2,49,1249166.3,48,1209836.7,45,1184739.8
61,3,45,1178968.7,43,1065719.6,41,1102892.6
61,4,29,730750.4,33.5,802628.6,30.5,781591.5
61,5,84,2091889.4,83,2060962.9,82,2076805.9
61,6,21,445719.4,20.5,413230.2,17.5,420583.7
61,8,4,88123.1,4,89488.9,2,48066.7
61,9,12,264369.2,8.5,190163.9,10,240333.6
61,10,2,44061.5,2,44744.4,2,48066.7
61,11,4,85785.5,4,90422.7,4,93286.5
61,20,4,85618.6,4,99554.7,0,0
61,21,3,64213.9,2,49777.3,0,0
61,38,9,205619.9,8,188905.4,16.5,404243.4
61,39,10,228466.6,14,330584.4,11,269495.6
61,73,5,103721.6,4,86396.2,3,65001
61,74,2,41488.6,2,43198.1,2,43334
61,84,33,560237.8,21.5,394521.7,27.5,508830.9
61,85,17,356493.1,19,417094.5,16,363376.4
61,106,2,27557.7,2,30178.1,0,0
61,107,7,96451.8,6,90534.3,7,105930.1
62,1,76,1791339.9,70,1639709.8,65.5,1555434.3
62,2,21,455752.1,6,131915.4,19,455154.3
62,3,29.5,640223.2,18,395746.1,23.5,562954
62,4,155.5,2186450.7,140,2081625,138,2176733.4
62,5,94.5,2042382.7,102.5,2304372.2,104.5,2360773.4
62,6,99,2085649.4,94,2015961.5,98,2114009.3
62,7,8,176246.1,8,178977.8,7,168233.5
62,8,10,220307.7,9,201350,9,216300.2
62,9,30,884306.8,31,809671.8,28,672934
62,10,28,616861.5,25,559305.6,25,600833.9
62,11,9,193017.4,10,226056.8,8,186572.9
62,20,6,128427.9,4,99554.7,5,117192.6
62,21,1,21404.6,0,0,5,117192.6
62,27,3,66999.7,6,140888.3,10,226194.8
62,28,2,44666.4,2,46962.8,2,45239
62,37,3,68540,3,70839.5,2,48999.2
62,84,2,41940.4,2,43904.7,0,0
62,85,2,41940.4,4,87809.4,4,90844.1
62,110,4,55115.3,4,60356.2,4,60531.5
62,113,5,101256.4,4,79965.1,4,88173.7
62,114,8,162010.3,7,139938.9,7,154303.9
63,0,28,608008.2,28,634016.9,27,688958.3
63,1,70,1718169.1,74,1799712.8,70,1883628.5
63,2,27,580597.2,49,1001801.7,35,791320.8
63,3,20,434049.6,19,417732,20,479109.8
63,5,4,86809.9,4,87943.6,3,71866.5
63,6,77,1681369.6,91,1965177.7,88,1985147.2
63,7,22,494170.2,66.5,1286135.8,72,1482627
63,8,23,506707.6,22.5,503375,18.5,444617.1
63,9,50,836653.5,45,853442.7,54,965200.9
63,10,22,484676.9,21,469816.7,18,432600.4
63,19,3,64213.9,4,99554.7,4,93754.1
63,20,20,428092.9,19,472884.8,16,375016.4
63,21,4,85618.6,7,174220.7,11,257823.8
63,23,2,42809.3,3,74666,6,140631.1
63,26,3,66999.7,4,93925.5,4,90477.9
63,27,21,468997.6,21,493109,16,361911.7
63,28,31,692329.8,28,657478.7,25,565487
63,29,4,89332.9,4,93925.5,7,158336.4
63,36,2,45693.3,5,118065.9,5,122498
63,55,4,71585.4,4,78831.6,4,76498.4
63,56,1,16684.3,2,39067.8,2,36530.8
63,72,0,0,1,21599.1,1,21667
63,110,4,55115.3,1,15089.1,1,15132.9
63,111,2,40502.6,1,19991.3,0,0
63,113,5,101256.4,4,79965.1,3,66130.3
63,114,4,81005.1,4,79965.1,4,88173.7
63,122,2,36169.3,2,39500.6,1,18741.3
64,0,28.5,550161.5,26.5,552685.6,24,468167.6
64,1,83,1882808.4,77,1968412.7,69.5,1807349
64,2,88.5,1859890.8,99,2178613,92,2105164.8
64,3,5,134999.3,5,131022.1,3,80541.5
64,6,85,1731409.6,78.5,1602717.9,79,1863789.9
64,7,64,1380393.3,60.5,1388258.5,56.5,1366004.2
64,8,29,568015.6,37,724131.6,35,711109.6
64,9,8,182311.5,13,264774.6,15,306092.8
64,10,3,68366.8,3,61101.8,3,61218.6
64,19,6,139246.9,5,114619.1,5,114613.4
64,20,0,0,4,91695.3,2,45845.4
64,55,15.5,304524.7,19.5,424153.3,17.5,390559
64,56,2,31069.8,2,30375.8,2,37837.4
64,85,4,64174.2,3,45573.4,4,75524.9
64,91,1,16043.6,1,15191.1,2,37762.4
64,92,4,64174.2,4,60764.5,4,75524.9
64,124,6,93096.4,7,130256,6,114557.9
65,0,91,1836999.6,86,1714283.8,84,1771072.4
65,1,7,188999.1,6,157226.6,5,134235.8
65,2,22,593997,22,576497.5,19.5,523519.6
65,3,44,1032858.7,56,1257110.4,56,1286891.5
65,4,57,1114846.1,53,1070915,61,1098339.2
65,8,9,205100.4,11,224040.1,12,244874.2
65,36,4,69471.8,4,72517.8,4,82552.1
65,55,4,78587,4,87005.8,4,89270.6
65,92,4,64174.2,4,60764.5,4,75524.9
66,0,182,3594141.7,188.5,3675517.5,178.5,3697619.8
66,1,76,1688493.6,80,1658536.8,81,1756771.9
66,3,32.5,783020,31,664133.2,35,763017.9
66,6,4,91155.7,4,81469.1,3,61218.6
66,36,6,104207.7,6,108776.7,6,123828.1
66,50,5,98233.8,6,130508.7,7,156223.6
66,107,2,36701.7,2,39447.8,2,44223.2
67,0,332,6252935.1,331.5,6358064.8,355.5,7058746.8
67,1,213,3609652.5,183.5,3273208.9,187,3338345.4
67,4,2,53999.7,2,52408.9,2,53694.3
67,33,2,42242.3,1,23229.9,1,22718.5
67,36,4,69471.8,3,54388.4,5,103190.1
67,49,2,39293.5,2,43502.9,0,0
67,50,6,117880.5,6,130508.7,5,111588.3
67,72,1,15534.9,1,15187.9,1,18918.7
67,126,7,122247.2,5,89781.2,10,184219.6
68,0,44,1026270.6,48,1104397.7,37,992260.6
68,1,24.5,461908,20.5,369804.6,18.5,353188.2
68,2,4,107999.5,3,78613.3,0,0
68,3,2,53999.7,2,52408.9,2,53694.3
68,5,4,107999.5,4,104817.7,4,107388.6
68,17,1,23207.8,0,0,0,0
68,30,4,84484.6,4,92919.7,2,45437.1
68,31,8.5,179529.8,8.5,197454.3,10.5,238544.7
68,48,0,0,0,0,2,44635.3
68,49,4,78587,2,43502.9,4,89270.6
68,126,1,17463.9,1,17956.2,1,18422
69,0,101,1628301.2,93,1578075.8,86.5,1635949.4
69,1,77.5,1272704.8,78.5,1276176,80,1373946.4
69,2,13,330160.7,15,360750.5,15,378813.2
69,3,60.5,1484845.2,60.5,1430989.5,60,1450905.7
69,4,74,1712708.7,72,1661891.3,62,1528525.3
69,6,4,82282.5,4,90082.6,4,81624.7
69,80,10,160435.6,10,151911.3,13,245455.8
69,94,2,32087.1,2,30382.3,1,18881.2
69,107,2,36701.7,2,39447.8,0,0
70,0,145,2424831.7,138,2583126,155,3044021.7
70,1,26,569128.1,26.5,673222.3,27,701798.1
70,2,71.5,1234116.4,64.5,1084154.4,72.5,1271571.8
70,3,7,177778.9,4,96200.1,4,101016.8
70,4,49.5,1037865.9,46,1048310.8,46,1051591.4
70,71,1,15534.9,1,15187.9,1,18918.7
70,72,4,62139.6,4,60751.6,4,75674.8
70,78,0,0,0,0,2,37762.4
70,81,6,96261.4,5,75955.6,5,94406.1
71,0,111.5,2266870.1,113.5,2184216.7,122,2235933.2
71,1,17,431748.7,17,408850.5,17,429321.6
71,2,67,1493188.2,64,1523126.8,60,1398303.3
71,3,31,540284.5,30,526042.8,28,519741.1
71,4,6,152381.9,8,192400.2,9,227287.9
71,5,8,203175.8,8,192400.2,5,126271.1
71,25,2,46415.6,2,45847.6,2,45845.4
71,36,3,52103.8,3,54388.4,4,82552.1
71,37,14,243151.3,14,253812.4,14,288932.2
71,38,9,156311.5,5,90647.3,6,123828.1
71,42,0,0,4,72517.8,4,82552.1
71,71,0,0,3,45563.7,3,56756.1
71,72,2,31069.8,2,30375.8,2,37837.4
71,117,0,0,0,0,2,38186
72,0,74.5,1724956.9,77,1808095.2,79.5,1862122
72,1,105,1834932.3,105.5,1847219.2,108,1931380.5
72,2,81,1878725.6,81,1950816.8,78,1829085.8
72,3,76,1402347.8,76,1441413.1,78.5,1642861.1
72,5,31,528746.7,32,624967,32,755268.5
72,6,7,143994.3,6,135123.9,2,40812.4
72,7,3,61711.9,4,90082.6,0,0
72,9,4,82282.5,4,90082.6,8,163249.5
72,20,1,23207.8,3,68771.5,5,114613.4
72,21,14,324909.4,13,298009.7,14,320917.5
72,42,4,69471.8,0,0,0,0
72,103,4,73403.4,4,78895.5,4,88446.4
72,109,4,73403.4,4,78895.5,4,88446.4
72,110,4,73403.4,4,78895.5,4,88446.4
72,113,3,55052.6,2,39447.8,2,44223.2
72,117,4,62064.3,4,74432,1,19093
73,0,63,1292402.9,72,1517042,84,1741450.3
73,1,7,177778.9,7,168350.2,6,151525.3
73,2,6,152381.9,5,120250.2,22,519836.9
73,3,21,324345.8,26,507806.9,28,488849.3
73,8,7,143994.3,7,157644.5,6,122437.1
73,10,2,41141.2,0,0,0,0
73,13,1,20570.6,0,0,0,0
73,20,13,301701.6,17,389705,15,343840.2
73,21,29,664502,27,688771.1,28,681882.7
73,68,7,108744.3,7,106315.3,5,94593.5
73,69,1,15534.9,1,15187.9,1,18918.7
73,96,1,18350.9,1,19723.9,0,0
73,101,3,55052.6,2,39447.8,2,44223.2
73,102,3,55052.6,3,59171.6,3,66334.8
73,103,5,91754.3,5,98619.4,5,110558
73,118,8,124128.6,8,148864,6,114557.9
74,0,43,902699.5,40,872610,30.5,654596.8
74,2,0,0,0,0,9,197387.1
74,3,0,0,0,0,6,131591.4
74,6,0,0,8,208554.7,0,0
74,8,2,50869.3,2,52138.7,2,50757.8
74,10,4,101738.6,4,104277.3,4,101515.5
74,20,1,22248.2,2,43998.2,2,47519.6
74,21,33,697092.8,35,718523.7,37,851936.9
74,22,16,346000.1,17,379258.2,18,416200.5
74,23,20,432500.1,22.5,501959.4,21.5,497128.4
74,24,36,683813.1,37,677681.9,37,720147
74,66,1,14856.8,1,16434,1,18234.8
74,67,3,44570.5,3,49302.1,3,54704.3
74,68,28.5,423419.6,24.5,402633.6,27,492339.1
74,69,2,29713.7,2,32868,1,18234.8
74,71,2,29074,2,32868,2,36469.6
74,72,5,72685,5,82170.1,2,36469.6
74,81,1,16043.6,1,15191.1,0,0
74,82,0,0,0,0,1,18881.2
74,83,2,32087.1,1,15191.1,1,18881.2
74,101,2,36701.7,3,59171.6,2,43791.1
74,102,6,110105.2,4,78895.5,6,131373.2
74,118,8,124128.6,7,130256,6,114557.9
74,119,2,31032.1,2,37216,2,38186
75,0,4,78426.9,4,91412.6,8,189380.9
75,8,3,76304,3,78208,3,76136.7
75,17,6,133489.1,7,153993.7,5,118799.1
75,18,5.5,122365,6,131994.6,6,142558.9
75,21,15,324375.1,12,267711.7,14,323711.5
75,22,26,562250.1,25,557732.7,25,578056.3
75,23,34,658729.1,32,671120.8,28,621636
75,24,48.5,922684,45,929613.8,54,1143685.7
75,26,8,168969.2,8,185839.4,5,113592.7
75,27,2,42242.3,2,46459.8,2,45437.1
75,28,6,126726.9,10,232299.2,9.5,215826.2
75,54,7,135270.7,10,194573.6,10,173818.9
75,55,8,154595.1,8,155658.9,13,225964.5
75,56,3,47362.8,2,37230.2,2,36383.3
75,65,0,0,0,0,1,18918.7
75,67,4,59427.3,2,32868,3,54704.3
75,68,0,0,2,32868,2,36469.6
75,72,1,14537,1,16434,1,18234.8
75,118,6,93096.4,6,111648,5,95464.9
76,1,8,172392,9,208674.2,6,131591.4
76,9,11,279781.3,11,286762.6,11,279167.8
76,10,20,508693.2,20,534388.8,18,497720.8
76,11,8,171726,5,112804,8,192872.7
76,18,6,133489.1,6.5,142994.2,6,142558.9
76,19,2,44496.4,1,21999.1,1,23759.8
76,24,14,302750.1,13,290021,16,369956
76,25,0,0,6,133855.8,6,138733.5
76,55,34,657029,30,583720.8,23,399783.4
76,56,16,252601.8,15,279226.4,20,363832.7
76,57,2,31575.2,1,18615.1,1,18191.6
76,58,4,63150.5,4,74460.4,4,72766.5
76,68,2,29713.7,3,49302.1,3,54704.3
76,114,1,18350.9,0,0,0,0
77,2,5,107745,5,115930.1,4,87727.6
77,10,33.5,682686.2,24.5,638698.6,28,710608.8
77,11,24,515177.9,29,654263.5,41,988472.7
77,23,3,64875,4,89237.2,3,69366.8
77,24,23,497375.1,23,513114.1,22,508689.5
77,45,7,121575.6,0,0,0,0
77,55,0,0,0,0,2,34763.8
77,96,2,36701.7,2,39447.8,5,109477.6
77,109,5,91754.3,5,98619.4,5,110558
77,114,0,0,2,39447.8,2,44223.2
78,10,3,76304,3,78208,3,76136.7
78,11,0,0,0,0,4,96436.4
78,22,0,0,1,22309.3,1,23122.3
78,24,2,43250,2,44618.6,2,46244.5
78,45,9,156311.5,8,145035.7,8,165104.1
78,67,0,0,3,49302.1,4,72939.1
78,72,2,29074,2,32868,2,36469.6
78,97,8,146806.9,6,118343.3,6,131373.2
78,110,5,91754.3,5,98619.4,4,88446.4
79,1,2,43098,2,46372,2,47220.1
79,8,14,300520.5,14,296801.4,14,322657.8
79,33,2,42242.3,2,46459.8,2,45437.1
79,34,6,126726.9,0,0,0,0
79,67,3,43611,0,0,0,0
79,72,2,29074,6,98604.1,4,72939.1
79,73,3,43611,3,49302.1,3,54704.3
79,79,1,16043.6,1,15191.1,1,18881.2
79,80,2,32087.1,2,30382.3,3,56643.6
79,81,2,32087.1,2,30382.3,2,37762.4
80,0,2,43098,2,46372,2,43863.8
80,1,1,21549,0,0,0,0
80,2,17,366333,20,463720.5,19,448590.7
80,7,9,193191.7,11,233201.1,11,253516.9
80,8,11,236123.2,11,233201.1,10,230469.9
80,27,7,147848.1,7,162609.5,7,159029.8
80,35,5,105605.8,5,116149.6,5,113592.7
80,45,1,17367.9,1,18129.5,1,20638
80,58,0,0,4,74460.4,4,75674.8
80,66,4,58148,5,82170.1,5,91173.9
80,67,1,14537,1,16434,2,36469.6
80,73,2,29074,2,32868,2,36469.6
80,80,4,64174.2,6,91146.8,6,113287.3
81,1,9,193941,2,46372,2,47220.1
81,2,9,193941,7,162302.2,7,165270.3
81,22,2,44496.4,3,65997.3,4,95039.3
81,35,6,126726.9,6,139379.5,5,113592.7
81,64,5,77674.5,5,93075.5,5,94593.5
81,65,2,31069.8,2,37230.2,2,37837.4
81,90,3,48130.7,2,36072.2,2,35927
81,91,8,128348.5,6,108216.7,5,89817.5
81,101,1,18350.9,1,19723.9,1,21895.5
81,103,4,73403.4,4,78895.5,3,65686.6
82,1,3,64647,2,46372,2,47220.1
82,2,20,430980,19,440534.4,19,448590.7
82,3,18,387882,18,417348.4,16,377760.6
82,37,2,34735.9,2,36258.9,2,41276
82,38,5,86839.7,5,90647.3,4,82552.1
82,58,2,31069.8,0,0,0,0
82,90,7,112304.9,7,126252.8,5,89817.5
82,91,2,32087.1,6,108216.7,9,161671.4
82,102,1,18350.9,0,0,0,0
83,1,16,344784,15,347790.4,11,259710.4
83,2,0,0,8,185488.2,17,401370.6
83,90,4,64174.2,2,36072.2,2,35927
84,1,24,516075.1,33,669272,31,653741.9
84,2,3,64509.4,4,81123.9,2,42176.9
84,9,4,89687.1,4,97340.7,4,91826.6
84,19,3,60131.1,3,60832.5,3,60670.4
84,24,4,80174.9,5,101387.6,5,101117.3
84,77,1,18354.9,1,18600.5,1,21472.2
84,89,2,36709.7,2,37201,2,32467.9
84,121,5,74345.4,5,75970.1,4,56895.8
85,0,12,268628.6,13,305344.9,15,345701
85,1,14,301043.8,12,243371.6,14,295238.3
85,2,16,344050.1,10,202809.7,8,168707.6
85,9,4,89687.1,4,97340.7,4,91826.6
85,17,2,40087.4,3,60832.5,4,80893.9
85,18,7,140306,6,121665.1,6,121340.8
85,23,3,60131.1,3,60832.5,3,60670.4
85,27,0,0,0,0,4,73257.9
85,44,1,17123.6,0,0,0,0
85,78,0,0,0,0,7,150305.6
85,83,6,110129.2,6,111603,7,150305.6
85,89,13,238613.3,8,148804,11,178573.2
85,90,8,146839,7,130203.5,5,81169.7
86,0,7,156700,7,164416.5,5,115233.7
86,1,17,365553.2,16,324495.5,17,358503.6
86,2,10,215031.3,12,243371.6,11,231972.9
86,18,14,280612,8,162220.1,8,161787.8
86,19,23,461005.4,20,405550.3,23,465139.8
86,20,4,80174.9,4,81110.1,3,60670.4
86,24,3,60131.1,3,60832.5,3,60670.4
86,27,0,0,4,71708,0,0
86,42,7,119865.2,5,94612.1,5,88808.8
86,43,7,119865.2,7,132457,6,106570.6
86,44,11,188359.6,11,208146.7,12,213141.2
86,45,2,34247.2,2,37844.9,2,35523.5
86,56,19,381878.5,19,393860.2,14,291235.7
86,57,2,40197.7,3,62188.5,3,62407.7
86,61,2,40197.7,2,41459,2,41605.1
86,82,6,110129.2,6,111603,5,107361.2
86,83,4,73419.5,4,74402,6,128833.4
87,0,7,156700,6,140928.4,6,138280.4
87,1,9,193528.2,10,202809.7,9,189796
87,2,4,86012.5,4,81123.9,4,84353.8
87,18,4,80174.9,4,81110.1,5,101117.3
87,19,4,80174.9,3,60832.5,3,60670.4
87,45,8,136988.8,8,151379.4,8,142094.1
87,55,4,84339.7,4,81576.2,4,90936.9
87,56,0,0,0,0,1,20802.6
87,69,4,65017.4,7,112969.8,8,154193.5
87,70,13,211306.6,12,193662.5,16,308387
87,71,11,221478.9,10,211267.5,8,166222
87,98,3,56270.5,4,74355.8,4,83786
88,2,1,21503.1,0,0,0,0
88,27,9,165917.8,9,161343,8,146515.9
88,35,2,36870.6,2,35854,1,18314.5
88,55,4,84339.7,4,81576.2,0,0
88,56,0,0,0,0,4,83210.2
88,70,19,308832.7,21,338909.3,19,366209.5
88,71,15,302016.7,20,422534.9,30,623332.4
88,98,1,18756.8,1,18589,1,20946.5
88,107,2,42413.2,2,33729.7,4,71808
89,0,4,96076.4,8,192495.2,8,182347.2
89,2,2,48038.2,2,48123.8,2,45586.8
89,13,5,112108.8,5,121675.9,5,114783.3
89,34,18,331835.6,20,358540,17.5,320503.5
89,35,4,73741.3,3,53781,2,36629
89,69,3,60403.3,3,63380.2,3,62333.2
89,106,2,39941.8,2,38619.8,2,46092.4
89,107,19,379447.1,16,308958.4,13,299600.6
89,108,28,579953.3,34.5,701056.7,29,583981
89,109,10,199709,10,193099,11,253508.2
89,113,1,21206.6,1,16864.8,1,17952
89,114,15,318099.3,14,236107.9,20,359040.1
90,2,4,96076.4,4,96247.6,3,68380.2
90,20,3,60131.1,4,81110.1,3,60670.4
90,25,4,80174.9,4,81110.1,5,101117.3
90,74,0,0,1,21126.7,2,41555.5
90,75,1,20134.4,1,21126.7,1,20777.7
90,106,8,159767.2,7,135169.3,8,184369.6
90,107,9,179738.1,9,173789.1,8,184369.6
90,108,65,1267613.7,66,1305524.3,65,1191600.8
90,109,3,59912.7,4,77239.6,3,69138.6
91,1,2,48038.2,2,48123.8,2,45586.8
91,24,3,60131.1,3,60832.5,3,60670.4
91,74,5,100672.2,5,105633.7,4.5,93499.9
91,75,2,40268.9,2,42253.5,2,41555.5
91,106,0,0,2,38619.8,0,0
91,108,6,119825.4,4,77239.6,8,184369.6
91,109,7,139796.3,8,154479.2,10,230462
91,126,5,86631.5,5,96341.2,5,104345.4
91,127,22,509013.4,21,465667.1,16.5,344340
92,5,2,48038.2,2,48123.8,0,0
92,6,0,0,0,0,2,45913.3
92,12,2,44843.5,2,48670.3,2,45913.3
92,13,12,269061.2,14,340692.4,14,321393.3
92,51,2,42169.9,3,61182.1,0,0
92,52,17,358443.8,14,285516.5,16,363747.6
92,96,4,75027.3,4,74355.8,4,83786
92,102,1,18756.8,3,55766.9,3,62839.5
92,109,1,19970.9,1,19309.9,0,0
92,127,16,277220.9,19,366096.7,18,375643.6
93,6,1,22421.8,1,24335.2,3,68870
93,8,5,112108.8,6,146011,1,22956.7
93,12,4,89687.1,4,97340.7,2,45913.3
93,13,4,89687.1,4,97340.7,5,114783.3
93,49,11,231934.2,10,203940.4,10,227342.3
93,50,13,274104.1,15,305910.6,16,363747.6
93,51,5,105424.6,9,183546.3,10,227342.3
93,52,5,105424.6,4,81576.2,4,90936.9
93,85,0,0,2,37201,0,0
93,96,3,56270.5,7,130122.7,4,83786
93,97,4,75027.3,4,74355.8,0,0
93,120,5,74345.4,6,91164.1,6,85343.6
93,121,1,14869.1,1,15194,1,14223.9
94,9,3,60378.6,3,60118.8,1,20964.6
94,10,5,100630.9,5,100198,6,125787.3
94,11,10,260125.4,10,253684.6,10,254439.8
94,12,18,468225.8,23,583474.7,24,610655.6
94,13,11,286138,9,228316.2,9,228995.9
94,50,36,559296.2,28,459075.9,29,493961.3
94,78,4,72346.7,5,92984.6,1,20585.9
94,79,5,90433.4,5,92984.6,0,0
94,80,0,0,0,0,5,102929.6
94,85,2,36173.4,0,0,2,41171.9
94,86,1,20216.4,1,21168.1,1,22812.5
94,87,10,202164.4,9,190513,7,159687.6
94,97,0,0,0,0,4,83786
94,120,1,14869.1,1,15194,1,14223.9
95,9,0,0,0,0,1,20964.6
95,11,14,364175.6,17,431263.9,7,178107.9
95,12,4,104050.2,8,202947.7,12,305327.8
95,49,1,15536,1,16395.6,1,17033.1
95,50,7,108752,13,213142.4,14,238464.1
95,120,4,59476.3,4,60776.1,3,42671.8
95,123,1,14869.1,1,15194,1,14223.9
96,11,18,468225.8,22,558106.2,27,686987.6
96,103,2,37513.7,0,0,2,41893
96,112,4,92940.5,2,45253.7,7,142044.1
96,125,1,14869.1,1,15194,1,14223.9
97,11,3,78037.6,3,76105.4,3,76332
97,30,7,129047.2,10,179270,10,183144.9
97,84,0,0,1,18596.9,1,20585.9
97,104,0,0,2,37177.9,1,20946.5
97,112,20.5,364950.1,21,385558.7,17,340969.6
97,113,14,325291.7,13,294149,15,304380.1
98,23,1,18435.3,1,17927,1,18314.5
98,30,3,55305.9,0,0,0,0
98,45,2,36936.6,2,38136.3,5,92587.4
98,81,2,36173.4,2,37193.8,6,123515.6
98,93,2,40432.9,2,42336.2,2,45625
98,104,2,37513.7,2,37177.9,1,20946.5
98,112,5,116175.6,9,203641.6,8,162336.1
98,113,2,46470.2,6,135761.1,5,101460
99,13,3,60378.6,3,60118.8,3,62893.7
99,22,5,92176.6,4,71708,3,54943.5
99,23,1,18435.3,0,0,1,18314.5
99,45,27,498644.2,28,533908.1,19,351832.2
99,46,6,93216,6,98373.4,7,119232
99,61,4,80395.5,3,62188.5,6,124815.3
99,62,4,80395.5,4,82917.9,4,83210.2
99,81,12,217040.2,13,241760,9,185273.3
100,23,3,55305.9,4,71708,3,54943.5
100,57,0,0,0,0,3,62407.7
100,58,3,60296.6,3,62188.5,0,0
100,93,0,0,6,127008.6,1,22812.5
100,94,4,80865.7,2,42336.2,2,45625
100,127,9,140535.4,0,0,3,55917.8
101,69,5,100494.3,4,82917.9,2,41605.1
101,82,4,72346.7,0,0,2,41171.9
101,83,5,90433.4,5,92984.6,5,102929.6
101,84,1,18086.7,1,18596.9,0,0
101,94,16,323463,12,254017.3,11,250937.7
101,95,10,202164.4,12,254017.3,12,273750.2
101,106,5,99331.3,6,111880.9,6,113129.1
101,107,7,139063.8,6,111880.9,3,56564.5
101,114,2,39732.5,2,37293.6,2,37709.7
101,127,2,31230.1,2,34119.7,2,37278.5
102,6,32,815332.1,34,896627.4,32,919469
102,7,8,161009.5,8,160316.8,8,167716.4
102,39,1,18468.3,1,19068.1,1,18517.5
102,69,5,100494.3,5,103647.4,6,124815.3
102,82,12,217040.2,14,260356.9,14,288203
102,83,15,271300.2,10,185969.2,13,267617.1
102,94,3,60649.3,5.5,116424.6,5.5,125468.8
102,95,8,161731.5,6,127008.6,8,182500.1
102,96,3,56270.5,3,55766.9,3,62839.5
102,114,14,278127.6,14,261055.5,13,245113
102,118,3,44607.2,4,60776.1,0,0
102,127,3,46845.1,5,85299.2,5,93196.3
103,5,3,67265.3,4,97340.7,4,91826.6
103,6,10,201261.9,9,180356.4,9,188681
103,78,1,18086.7,1,18596.9,1,20585.9
103,79,0,0,0,0,3,61757.8
103,93,5,101082.2,7.5,158760.8,5,114062.6
103,94,0,0,0,0,6,136875.1
103,95,2,40432.9,2,42336.2,2,45625
103,114,10,198662.5,14,261055.5,18,339387.2
103,118,6,89214.5,4,60776.1,6,85343.6
103,127,7,109305.3,6,102359.1,5,93196.3
104,0,3,62991.8,3,58960.5,2,40415.3
104,4,3,64411.1,4,86093.3,4,94967.3
104,5,21,450877.6,22,473512.9,23,473276.6
104,6,1,15281.9,1,17283.4,1,17101.9
104,62,5,81132.1,2,31265.4,2,32392.6
104,63,9,146037.8,7,109429,9,145766.6
104,113,3,63466.6,4,93396,2,49770.3
104,114,4,84622.1,6,140094,2,49770.3
104,121,1,20576,1,22840.3,1,21700.6
104,122,3,61728.1,3,68520.8,3,65101.9
105,0,4,83989.1,4,78614,3,60622.9
105,1,0,0,2,43046.6,3,71225.5
105,5,5,107351.8,4,86093.3,3,71225.5
105,6,5,76409.4,4,69133.5,4,68407.7
105,62,2,32452.8,6,93796.3,0,0
105,63,2,32452.8,4,62530.9,0,0
105,74,3,50087.8,3,50191.9,3,57901.2
105,75,15,250439.1,15,250959.7,14,270205.8
105,81,1,17067.9,0,0,1,19509
105,93,2,34135.8,2,34780.7,2,39018.1
105,121,5,102880.1,3,68520.8,4,86802.5
106,0,19,398948.2,21,412723.6,20,404152.7
106,1,11,236174,10,215233.2,13,308643.6
106,35,6,94385.1,9,168109.7,10,197647.6
106,73,5,83479.7,5,83653.2,4,77201.7
106,107,12,253866.3,11,256839.1,12,298621.9
107,1,16,343525.8,16,344373.1,16,379869.1
107,34,4,62923.4,4,74715.4,4,79059
107,35,9.5,149443,5,93394.2,8,158118.1
107,43,1,14508,1,17269.8,1,17777.4
107,44,5,72540,4,69079.2,5,88887.2
107,47,2,29016,2,34539.6,2,35554.9
107,75,3,50087.8,1,16730.6,1,19300.4
107,84,1,17067.9,1,17390.3,1,19509
107,85,2,34135.8,2,34780.7,2,39018.1
107,98,4,84622.1,4,93396,6,149310.9
107,108,5,105777.6,6,140094,5,124425.8
108,32,3,47192.5,3,56036.6,3,59294.3
108,34,4,62923.4,3,56036.6,3,59294.3
108,44,5,72540,5,86348.9,3,53332.3
108,45,1,14508,1,17269.8,1,17777.4
108,46,8,116064.1,6,103618.7,7,124442
108,47,3,43524,6,103618.7,10,177774.3
108,48,5,72540,5,86348.9,4,71109.7
108,57,5,81132.1,5,78163.6,1,16196.3
108,58,2,32452.8,2,31265.4,2,32392.6
108,109,0,0,0,0,3,74655.5
109,44,3,43524,4,69079.2,4,71109.7
109,46,0,0,0,0,3,53332.3
109,58,14,189172,14,210908,12,194355.5
109,59,5,67561.4,5,75324.3,5,80981.5
109,63,0,0,3,46898.1,4,64785.2
109,74,3,50087.8,3,50191.9,0,0
109,109,5,99310.2,1,20544.9,1,19766.9
109,110,25,496551.2,28,575258.4,21,415105.6
109,111,3,73076.1,3,71700.5,3,77130
110,16,4,65897,4,72737.2,4,81150
110,17,4,65897,4,72737.2,4,81150
110,58,3,40536.9,3,45194.6,3,48588.9
110,64,9,146037.8,6,93796.3,6,97177.7
110,68,10,205613.7,15,304563,11,212304.6
110,69,25,421547.2,25,420360.4,33,551581.1
110,70,16,328982,14,284258.8,12,231605
110,77,5,85339.5,4,69561.3,4,78036.2
110,110,19,377378.9,19,390353.9,20,395338.6
110,111,7,170510.8,7,167301.1,7,179970.1
110,112,1,24358.7,1,23900.2,1,25710
110,113,2,48717.4,2,47800.3,2,51420
110,123,4,82304.1,4,91361.1,5,108503.1
110,124,6,123456.2,6,137041.6,4,86802.5
111,17,18,296536.5,16,290948.6,16,324600.1
111,26,5,78654.2,5,93394.2,5,98823.8
111,65,3,48679.3,3,46898.1,3,48588.9
111,68,7,143929.6,7,142129.4,9,173703.7
111,69,5,102806.9,5,101521,5,96502.1
111,75,5,83479.7,0,0,0,0
111,117,2,41152.1,2,45680.5,0,0
111,118,0,0,0,0,2,43401.3
111,123,3,61728.1,3,68520.8,3,65101.9
112,16,6,98845.5,5.5,100013.6,5.5,111581.3
112,17,30,498447.9,36,613175.3,25,530186.8
112,23,2,32948.5,2,36368.6,2,40575
112,26,7,110115.9,7,130752,7,138353.3
112,81,1,17067.9,1,17390.3,1,19509
112,82,4,68271.6,4,69561.3,4,78036.2
112,112,3,73076.1,3,71700.5,3,77130
112,118,3,61728.1,3,68520.8,6,130203.8
113,17,7,115319.8,7,127290,6,121725
113,25,9,148268.3,8,145474.3,4,81150
113,26,8,125846.8,7,130752,7,138353.3
113,91,5,85339.5,5,86951.7,5,97545.2
113,111,11,267945.6,11,262901.8,10,257100.1
113,112,12,292304.3,15,358502.5,20,514200.2
113,113,3,73076.1,3,71700.5,1,25710
114,96,3,63466.6,3,70047,3,74655.5
114,112,24,541560.9,24,533231.3,21,504479.2
114,113,35,884708.7,35,897847.5,32,846976.9
114,115,3,67695.1,3,66653.9,3,72068.5
114,116,12,279214.5,12,283109,11,269435.4
115,26,3,46126.1,3,53396.9,3,58195
115,32,4,61501.5,4,71195.9,4,77593.3
115,62,3,53336.1,3,59896.8,3,60206.5
115,102,2,42311,2,46698,2,49770.3
115,113,34,614245,41,727389.6,55,1013241.2
115,114,9,203085.3,8,177743.8,8,192182.6
115,115,4,90260.1,8,177743.8,11,264251
115,116,25,581696.9,22,519033.2,20,489882.6
115,117,4,93071.5,4,94369.7,4,97976.5
116,32,6,92252.2,4,71195.9,7,135788.2
116,33,2,30750.7,2,35597.9,2,38796.6
116,40,10,155489.6,8,125558.9,7,126132.8
116,41,3,46646.9,7,106763.2,8,116074.2
116,70,5,88981.5,4,76500.2,3,58210.5
116,71,7,131533.7,7,128833.5,7.5,155741.6
116,113,1,22565,1,22218,1,24022.8
116,114,23.5,530278.4,23.5,522122.3,20.5,492467.8
116,116,10,232678.7,15,353886.3,13,318423.7
116,117,36,658719.4,43,949556.8,43,1003844
116,118,30,814892.3,29.5,721498.1,27.5,691810.9
116,119,1,23267.9,5,117962.1,4,97976.5
116,120,4,93071.5,3,70777.3,1,24494.1
116,122,5,102996.5,5,103320.5,5,107098.5
117,24,3,46126.1,3,53396.9,4,77593.3
117,26,10,153753.7,8,142391.7,9,174584.9
117,27,4,61501.5,4,71195.9,3,58195
117,32,7,107627.6,6,106793.8,6,116389.9
117,40,36,572457.9,31,486540.8,30,540569.3
117,46,12,174096.1,12,207237.5,8,142219.5
117,60,4,68262.5,4,70249.2,4,68904.7
117,61,6,106672.2,6,119793.6,5,100344.1
117,62,3,53336.1,3,59896.8,4,80275.3
117,70,16,284740.7,13,248625.7,14,271649.2
117,71,18,338229.5,20,368095.9,16,332248.8
117,72,1,18790.5,0,0,1,20765.6
117,101,3,63466.6,3,70047,3,74655.5
117,116,13,302482.4,10,235924.2,8,195953
117,117,32,624928.4,30,609453.2,30,669497.7
117,118,32,643485.9,39,930752,45,1062835
117,119,8,186143,9,212331.8,8,195953
117,120,1,23267.9,1,23592.4,0,0
117,121,2,41198.6,1,20664.1,1,21419.7
117,123,3,61797.9,2,41328.2,3,64259.1
117,125,1,20599.3,1,20664.1,1,21419.7
118,26,2,30750.7,2,35597.9,2,38796.6
118,36,2,31097.9,2,31389.7,2,36038
118,41,4,62195.8,3,45755.7,3,43527.8
118,60,4,68262.5,4,70249.2,4,68904.7
118,61,19,337795.2,19,379346.4,19,381307.7
118,62,5,88893.5,3,59896.8,3,60206.5
118,69,1,17796.3,1,19125.1,1,19403.5
118,80,3,51203.7,3,52171,2,39018.1
118,84,10,170679,11,191293.7,6,117054.2
118,116,12,279214.5,12,283109,16,391906.1
118,117,89,1665563.4,90.5,1598819.2,99,1727514
118,118,45,1013283.6,49,1029432.6,49,1154322.6
118,119,13,302482.4,12,283109,11,269435.4
118,120,13,302482.4,11,259516.6,10,244941.3
118,121,11,226592.3,10,206641,9,192777.2
118,124,2,41198.6,2,41328.2,4,85678.8
118,125,4,82397.2,3,61992.3,3,64259.1
118,126,5,106865.4,5,116685.3,5,105823.4
118,127,9,192357.8,9,210033.6,7,148152.7
119,44,2,31097.9,2,30503.8,2,29018.6
119,45,0,0,0,0,2,29018.6
119,114,7,137027.5,7,155987.5,7,164308
119,115,2,39150.7,2,44567.9,2,46945.1
119,116,78,1409230.1,64,1082062.6,63,1140906.7
119,117,173,3210759.8,175,3256173.1,177,3489076
119,118,43,908964.3,40,788731.6,41,872343.5
119,119,33,713166.2,34,826513.4,36,802072
119,120,37,835261.2,42,970614.6,49,1162746.9
119,121,57,1203710.9,51.5,1203503.3,49,1207116.6
119,122,93,1544976.4,76,1341433.2,71,1198764
119,123,22.5,498511.2,24.5,523581.9,22.5,515757.8
119,124,6,132936.3,10,213706.9,6,137535.4
119,125,6,132936.3,6,128224.1,5,114612.9
119,126,28,713273.3,22,496209.9,24,573160.8
119,127,3,61097.1,3,67665,5,116460.6
120,13,3,45845.6,6,103700.2,5,85509.6
120,44,7,108842.7,9,137267,10,145092.8
120,45,6,93293.7,5,76259.5,3,43527.8
120,88,4,68271.6,4,69561.3,2,39018.1
120,89,0,0,0,0,4,78036.2
120,113,28,548109.9,17,378826.8,20,469451.4
120,114,31,574953.2,32,637965.5,34,602783.5
120,115,19,371931.7,17,378826.8,20,469451.4
120,116,41,889474.6,42,935192.7,47,1087001.2
120,117,45,921698,54,1141387.2,58,1184794.9
120,118,38,867694.9,38,870277.6,49,1112585.5
120,119,47,1013717.1,44,909465.9,42,1071162.2
120,120,21,419202.4,23,448140.8,24,505237.7
120,121,16,354496.8,16,341931,14,320916
120,122,10,221560.5,10,213706.9,10,229225.7
120,123,7,155092.4,4,85482.8,4,91690.3
120,126,11,224022.7,10,225550,16,372674
121,12,1,15281.9,1,17283.4,1,17101.9
121,13,21,320919.3,19,328383.9,23,393344
121,14,0,0,0,0,1,17101.9
121,58,3,51196.9,2,35124.6,0,0
121,75,4,71185.2,4,76500.2,4,77614.1
121,91,0,0,0,0,2,39018.1
121,113,2,39150.7,1,22283.9,1,23472.6
121,114,3,58726.1,3,66851.8,1,23472.6
121,116,3,59886.1,3,58453.1,4,84206.3
121,123,6,132936.3,2,42741.4,2.5,57306.4
121,124,0,0,4,85482.8,5,114612.9
122,13,12,183382.4,12,207400.4,13,222324.9
122,14,1,15281.9,1,17283.4,0,0
122,57,4,68262.5,4,70249.2,4,68904.7
122,58,4,68262.5,5,87811.4,2,34452.4
122,63,4,68262.5,4,70249.2,3,51678.6
122,64,3,51196.9,3,52686.9,3,51678.6
122,75,0,0,0,0,1,19403.5
122,76,4,68271.6,4,69561.3,3,58527.1
122,100,1,21155.5,1,23349,2,49770.3
122,106,1,19575.4,1,22283.9,1,23472.6
122,117,1,19962,1,19484.4,1,21051.6
123,58,0,0,0,0,1,17226.2
123,59,6,102393.8,6,105373.7,6,103357.1
123,63,11,187721.9,15,263434.3,15,258392.8
123,75,0,0,2,38250.1,3,58210.5
123,76,3,51203.7,0,0,2,39018.1
123,119,3,59886.1,2,38968.8,2,42103.1
123,120,0,0,0,0,1,21051.6
124,59,2,35841.3,2,40827.6,2,39648.2
124,73,0,0,3,73027.6,0,0
124,74,4,97269.5,0,0,3,69563.8
124,76,0,0,2,37044.1,0,0
124,95,3,64005.1,2,41264.5,2,39457.9
125,42,7,109263.2,9,138809.9,7,114227.4
125,43,20,312180.7,19,293043,16,261091.3
125,44,2,31218.1,4,61693.3,1,16318.2
125,121,5,101561,5,103705.7,4,86591.7
126,27,3,51667.9,3,57783.3,3,55708.3
126,41,0,0,3,46270,2,32636.4
126,42,4,62436.1,3,46270,3,48954.6
126,57,0,0,1,20413.8,1,19824.1
126,121,15,304683.1,16,331858.2,16,346366.7
127,40,4,72443.9,4,91886.7,4,90397.7
127,41,10,156090.4,8,123386.5,8,130545.6
127,76,3,47999,3,55566.1,2,37924.4
127,77,4,63998.6,3,55566.1,3,56886.6
127,78,3,47999,1,18522,1,18962.2
127,101,3,53945,3,54593.1,3,53845.4
127,103,3,53945,3,54593.1,3,53845.4